1 1 1 1
1 1 1 1
1 1 1 1
1 1 1 1
1 1 1 1
1 1 1 1
1 1 1 1
1 1 1 1
1 1 1 1
1 1 1 1
1 1 1 1
1 1 1 1
2 0 1 1
2 0 1 1
2 0 1 1
2 0 1 1
0 0 0 1
0 0 0 1
0 0 0 1
0 1 0 1
0 2 0 1
0 2 0 1
4 0 3 1
4 0 3 1
1 3 2 1
0 4 3 1
0 4 0 1
0 2 0 1
4 0 3 1
6 0 2 1
7 1 1 1
7 0 0 1
13 0 3 1
7 0 0 1
4 4 4 1
0 2 0 1
4 0 3 1
12 8 9 1
0 1 0 1
1 6 2 1
2 2 2 1
1 1 3 1
1 1 3 1
4 0 3 1
8 0 1 1
7 0 1 1
0 3 1 1
0 5 1 1
0 1 0 1
0 0 0 1
1 1 1 1
1 1 1 1
1 1 1 1
1 1 1 1
0 0 0 1
0 0 0 1
0 0 0 1
0 0 0 1
0 0 0 1
1 1 1 1
1 1 1 1
0 0 0 1
0 0 0 1
1 1 1 1
1 1 1 1
1 1 1 1
1 1 1 1
1 1 1 1
1 1 1 1
1 1 1 1
1 1 1 1
1 1 1 1
1 1 1 1
1 1 1 1
1 1 1 1
2 0 1 1
2 0 1 1
2 0 1 1
2 0 1 1
1 1 0 1
1 1 0 1
1 1 0 1
1 1 0 1
0 1 0 1
0 1 0 1
3 0 0 1
3 0 2 1
0 2 1 1
0 4 3 1
0 5 1 1
0 1 0 1
3 0 0 1
6 0 2 1
12 6 6 1
10 1 2 1
7 0 0 1
12 3 8 1
0 0 0 1
0 1 0 1
2 0 1 1
1 0 0 1
3 5 2 1
0 1 0 1
1 3 2 1
0 2 1 1
0 2 1 1
2 0 1 1
7 0 0 1
5 0 0 1
0 2 3 1
0 3 3 1
1 3 2 1
2 2 2 1
2 2 2 1
2 2 2 1
2 2 2 1
2 2 2 1
2 2 2 1
2 2 2 1
0 0 0 1
0 0 0 1
0 0 0 1
1 1 1 1
1 1 1 1
0 0 0 1
0 0 0 1
1 1 1 1
1 1 1 1
1 1 1 1
1 1 1 1
1 1 1 1
1 1 1 1
1 1 1 1
1 1 1 1
2 2 2 1
2 2 2 1
2 2 2 1
2 2 2 1
3 1 2 1
3 1 2 1
3 1 2 1
3 1 2 1
1 1 1 1
1 1 1 1
1 1 1 1
1 1 1 1
0 1 0 1
0 0 0 1
3 0 0 1
3 0 0 1
0 2 1 1
0 3 2 1
0 5 1 1
0 2 0 1
4 0 1 1
4 0 0 1
15 9 9 1
10 6 5 1
8 4 5 1
5 3 6 1
0 1 0 1
2 4 3 1
4 4 4 1
0 0 0 1
1 2 0 1
4 6 3 1
0 3 2 1
0 3 0 1
0 3 0 1
0 3 0 1
2 1 0 1
2 1 0 1
1 0 5 1
0 1 5 1
2 2 4 1
2 2 2 1
2 2 2 1
2 2 2 1
2 2 2 1
2 2 2 1
2 2 2 1
2 2 2 1
0 0 0 1
0 0 0 1
0 0 0 1
1 1 1 1
1 1 1 1
0 0 0 1
0 0 0 1
1 1 1 1
1 1 1 1
1 1 1 1
1 1 1 1
1 1 1 1
1 1 1 1
1 1 1 1
1 1 1 1
2 2 2 1
2 2 2 1
2 2 2 1
2 2 2 1
3 1 2 1
3 1 2 1
3 1 2 1
3 1 2 1
1 1 1 1
1 1 1 1
1 1 1 1
1 1 1 1
0 1 0 1
0 0 0 1
3 0 0 1
3 0 0 1
2 4 3 1
0 1 0 1
0 3 0 1
2 2 0 1
6 0 2 1
6 0 0 1
12 6 6 1
9 5 4 1
3 0 0 1
3 0 0 1
1 1 1 1
1 1 1 1
4 4 4 1
3 3 1 1
0 0 0 1
0 0 0 1
1 2 4 1
0 2 1 1
0 2 0 1
0 3 0 1
1 2 0 1
2 1 0 1
2 0 5 1
2 0 6 1
1 1 3 1
2 2 2 1
2 2 2 1
2 2 2 1
2 2 2 1
2 2 2 1
2 2 2 1
2 2 2 1
0 0 0 1
1 1 1 1
1 1 1 1
1 1 1 1
0 0 0 1
0 0 0 1
0 0 0 1
1 1 1 1
1 1 1 1
1 1 1 1
1 1 1 1
1 1 1 1
1 1 1 1
1 1 1 1
1 1 1 1
2 2 2 1
2 2 2 1
2 2 2 1
2 2 2 1
3 1 2 1
2 0 1 1
2 0 1 1
2 0 1 1
0 0 0 1
0 0 0 1
0 0 0 1
0 0 0 1
0 2 1 1
1 1 1 1
4 0 0 1
4 0 0 1
3 3 3 1
0 1 0 1
0 3 2 1
1 1 1 1
9 0 0 1
10 0 0 1
9 3 5 1
4 0 0 1
12 0 2 1
15 5 6 1
3 0 0 1
2 2 4 1
3 3 5 1
0 0 2 1
6 4 9 1
5 2 9 1
3 0 7 1
2 0 5 1
1 1 0 1
2 1 0 1
4 1 0 1
4 0 0 1
4 0 3 1
4 0 5 1
3 1 4 1
2 2 2 1
2 2 2 1
3 3 3 1
3 3 3 1
3 3 3 1
2 2 2 1
2 2 2 1
1 1 1 1
1 1 1 1
1 1 1 1
1 1 1 1
0 0 0 1
0 0 0 1
0 0 0 1
1 1 1 1
1 1 1 1
1 1 1 1
1 1 1 1
1 1 1 1
1 1 1 1
1 1 1 1
1 1 1 1
2 2 2 1
2 2 2 1
2 2 2 1
1 1 1 1
2 0 1 1
2 0 1 1
2 0 1 1
2 0 1 1
0 0 0 1
0 0 0 1
0 0 0 1
0 0 0 1
0 2 1 1
1 1 1 1
4 0 0 1
4 0 0 1
1 1 1 1
1 3 2 1
1 5 4 1
1 0 0 1
12 0 0 1
23 7 8 1
10 0 1 1
6 0 0 1
11 0 0 1
14 2 2 1
9 0 1 1
6 0 0 1
8 0 0 1
7 0 0 1
4 0 5 1
3 0 7 1
5 0 7 1
4 0 5 1
1 1 1 1
0 2 0 1
1 2 0 1
2 1 0 1
4 0 3 1
4 0 3 1
2 0 3 1
1 1 1 1
1 1 1 1
2 2 2 1
2 2 2 1
2 2 2 1
2 2 2 1
1 1 1 1
1 1 1 1
1 1 1 1
1 1 1 1
1 1 1 1
0 0 0 1
0 0 0 1
1 1 1 1
1 1 1 1
1 1 1 1
1 1 1 1
1 1 1 1
1 1 1 1
1 1 1 1
1 1 1 1
2 2 2 1
2 2 2 1
2 2 2 1
2 2 2 1
2 2 2 1
2 0 1 1
2 0 1 1
2 0 1 1
2 0 1 1
1 1 3 1
1 1 3 1
1 1 3 1
1 1 3 1
0 0 2 1
0 0 0 1
3 0 0 1
1 0 0 1
2 2 2 1
0 2 1 1
2 4 3 1
4 0 0 1
20 0 1 1
37 12 15 1
12 0 0 1
10 2 0 1
11 6 2 1
8 1 0 1
9 0 0 1
14 0 0 1
25 0 0 1
24 0 0 1
7 0 0 1
4 0 5 1
6 0 4 1
4 0 3 1
0 4 1 1
0 5 1 1
0 4 1 1
0 2 1 1
2 0 1 1
4 0 1 1
1 0 0 1
0 0 0 1
0 0 0 1
1 1 1 1
1 1 1 1
1 1 1 1
1 1 1 1
1 1 1 1
2 2 2 1
1 1 1 1
1 1 1 1
0 0 0 1
0 0 0 1
0 0 0 1
1 1 1 1
1 1 1 1
1 1 1 1
1 1 1 1
1 1 1 1
1 1 1 1
1 1 1 1
1 1 1 1
2 2 2 1
2 2 2 1
2 2 2 1
2 2 2 1
2 2 2 1
2 0 1 1
2 0 1 1
2 0 1 1
2 0 1 1
1 1 3 1
1 1 3 1
1 1 3 1
1 1 3 1
0 0 2 1
0 0 2 1
1 0 0 1
1 0 0 1
4 4 2 1
0 1 0 1
0 1 0 1
10 2 0 1
31 3 2 1
46 14 15 1
14 0 0 1
19 9 8 1
17 14 7 1
6 0 0 1
16 0 0 1
91 52 47 1
114 56 54 1
51 1 0 1
14 0 0 1
4 0 1 1
8 0 0 1
4 0 0 1
0 4 1 1
0 5 3 1
0 4 3 1
0 3 3 1
1 1 0 1
2 1 0 1
0 0 0 1
1 1 1 1
1 1 1 1
1 1 1 1
2 2 2 1
2 2 2 1
1 1 1 1
1 1 1 1
2 2 2 1
1 1 1 1
1 1 1 1
0 0 0 1
0 0 0 1
0 0 0 1
1 1 1 1
1 1 1 1
1 1 1 1
1 1 1 1
1 1 1 1
1 1 1 1
1 1 1 1
2 2 2 1
2 2 2 1
2 2 2 1
2 2 2 1
1 1 1 1
1 1 1 1
2 0 1 1
2 0 1 1
2 0 1 1
2 0 1 1
1 1 1 1
1 1 1 1
1 1 3 1
1 1 3 1
1 0 5 1
1 1 3 1
2 1 0 1
2 1 0 1
0 0 0 1
5 5 5 1
1 1 1 1
8 0 0 1
54 19 17 1
41 1 1 1
32 4 3 1
33 17 17 1
7 2 0 1
10 0 0 1
27 0 0 1
103 43 32 1
162 75 65 1
95 21 12 1
21 0 0 1
6 1 0 1
5 0 0 1
3 0 0 1
0 2 0 1
0 4 2 1
0 2 4 1
0 2 5 1
2 2 0 1
1 0 0 1
0 0 0 1
0 0 0 1
1 1 1 1
1 1 1 1
2 2 2 1
2 2 2 1
2 2 2 1
2 2 2 1
1 1 1 1
1 1 1 1
1 1 1 1
1 1 1 1
0 0 0 1
0 0 0 1
0 0 0 1
1 1 1 1
1 1 1 1
1 1 1 1
1 1 1 1
1 1 1 1
1 1 1 1
2 2 2 1
2 2 2 1
1 1 1 1
1 1 1 1
1 1 1 1
2 2 2 1
3 1 2 1
3 1 2 1
3 1 2 1
3 1 2 1
1 1 1 1
1 1 1 1
1 1 3 1
1 0 5 1
1 0 6 1
1 0 5 1
1 2 0 1
1 2 0 1
2 2 0 1
1 0 0 1
4 0 1 1
13 0 0 1
93 49 46 1
39 0 0 1
58 23 21 1
20 0 0 1
10 0 0 1
18 0 0 1
57 0 0 1
149 66 52 1
173 71 56 1
61 0 0 1
26 0 0 1
6 0 0 1
4 0 0 1
3 0 0 1
1 1 0 1
0 0 2 1
0 2 7 1
0 1 4 1
0 0 0 1
3 2 0 1
0 0 0 1
0 0 0 1
1 1 1 1
1 1 1 1
2 2 2 1
2 2 2 1
2 2 2 1
2 2 2 1
1 1 1 1
1 1 1 1
1 1 1 1
1 1 1 1
1 1 1 1
1 1 1 1
1 1 1 1
1 1 1 1
1 1 1 1
1 1 1 1
1 1 1 1
1 1 1 1
1 1 1 1
1 1 1 1
1 1 1 1
1 1 1 1
1 1 1 1
1 1 1 1
2 2 2 1
3 1 2 1
4 2 3 1
4 2 3 1
4 2 3 1
1 1 0 1
1 1 1 1
1 1 3 1
1 0 5 1
1 0 6 1
1 0 5 1
2 3 0 1
2 3 0 1
4 4 2 1
3 0 0 1
8 2 2 1
46 22 22 1
127 72 67 1
64 3 0 1
50 5 0 1
22 0 0 1
13 0 0 1
30 0 0 1
77 0 0 1
171 64 54 1
198 93 71 1
57 0 0 1
30 0 0 1
7 1 1 1
10 1 4 1
6 2 3 1
3 3 5 1
0 0 4 1
6 1 8 1
3 0 4 1
1 0 0 1
2 3 0 1
0 0 0 1
0 0 0 1
1 1 1 1
1 1 1 1
1 1 1 1
2 2 2 1
2 2 2 1
2 2 2 1
2 2 2 1
2 2 2 1
1 1 1 1
1 1 1 1
1 1 1 1
1 1 1 1
1 1 1 1
0 0 0 1
1 1 1 1
1 1 1 1
1 1 1 1
2 2 2 1
1 1 1 1
1 1 1 1
1 1 1 1
1 1 1 1
1 1 1 1
1 1 1 1
2 2 2 1
3 1 2 1
3 1 2 1
4 2 3 1
4 2 3 1
1 1 0 1
1 1 0 1
1 1 1 1
1 0 5 1
1 0 6 1
0 1 5 1
0 2 0 1
1 4 0 1
1 0 0 1
4 0 0 1
7 0 0 1
36 6 4 1
79 14 8 1
82 9 2 1
75 20 15 1
35 0 0 1
16 0 0 1
29 0 0 1
94 15 11 1
183 81 69 1
219 111 85 1
144 56 32 1
50 7 0 1
11 0 0 1
6 0 0 1
2 0 3 1
1 1 3 1
0 0 4 1
4 0 4 1
5 0 3 1
3 2 0 1
0 1 0 1
0 0 0 1
0 0 0 1
1 1 1 1
1 1 1 1
1 1 1 1
1 1 1 1
2 2 2 1
2 2 2 1
2 2 2 1
1 1 1 1
1 1 1 1
1 1 1 1
1 1 1 1
1 1 1 1
1 1 1 1
0 0 0 1
1 1 1 1
1 1 1 1
1 1 1 1
1 1 1 1
1 1 1 1
1 1 1 1
1 1 1 1
1 1 1 1
1 1 1 1
1 1 1 1
1 1 1 1
2 0 1 1
2 0 1 1
3 1 2 1
3 1 2 1
1 1 0 1
1 1 0 1
0 2 1 1
0 1 5 1
0 0 8 1
0 1 6 1
0 2 0 1
0 3 0 1
5 4 2 1
7 0 0 1
12 0 0 1
32 0 0 1
76 3 0 1
137 53 43 1
166 102 93 1
35 0 0 1
51 17 15 1
37 3 1 1
42 0 0 1
132 60 45 1
200 90 67 1
164 53 33 1
130 62 53 1
26 0 0 1
8 0 0 1
0 2 0 1
3 1 2 1
8 3 7 1
4 0 3 1
3 1 4 1
2 1 0 1
0 1 0 1
1 1 1 1
1 1 1 1
0 0 0 1
1 1 1 1
1 1 1 1
1 1 1 1
2 2 2 1
2 2 2 1
1 1 1 1
1 1 1 1
1 1 1 1
1 1 1 1
1 1 1 1
1 1 1 1
1 1 1 1
0 0 0 1
1 1 1 1
1 1 1 1
1 1 1 1
1 1 1 1
1 1 1 1
1 1 1 1
1 1 1 1
1 1 1 1
1 1 1 1
1 1 1 1
1 1 1 1
2 0 1 1
2 0 1 1
2 0 1 1
1 0 0 1
1 2 0 1
1 2 0 1
0 2 1 1
0 1 5 1
0 0 8 1
0 1 6 1
0 3 0 1
0 3 0 1
6 2 1 1
10 0 1 1
13 0 0 1
39 0 0 1
81 1 0 1
131 39 26 1
151 78 69 1
42 0 0 1
65 21 18 1
34 1 0 1
21 0 0 1
44 0 0 1
194 80 56 1
180 52 27 1
157 61 45 1
48 0 0 1
27 0 0 1
19 0 0 1
15 0 0 1
8 0 0 1
1 0 0 1
1 3 2 1
2 2 0 1
6 5 3 1
1 1 1 1
1 1 1 1
0 0 0 1
0 0 0 1
1 1 1 1
1 1 1 1
2 2 2 1
2 2 2 1
1 1 1 1
1 1 1 1
1 1 1 1
1 1 1 1
1 1 1 1
1 1 1 1
0 0 0 1
1 1 1 1
1 1 1 1
1 1 1 1
1 1 1 1
1 1 1 1
1 1 1 1
1 1 1 1
1 1 1 1
1 1 1 1
1 1 1 1
1 1 1 1
1 1 1 1
2 0 1 1
1 0 0 1
1 0 0 1
1 0 0 1
1 2 0 1
1 2 0 1
0 2 1 1
0 1 5 1
0 0 8 1
0 1 6 1
0 3 0 1
0 3 0 1
6 2 1 1
7 0 0 1
24 6 6 1
35 0 0 1
89 2 0 1
127 30 14 1
110 32 20 1
46 0 0 1
93 46 40 1
24 0 0 1
24 5 0 1
35 0 0 1
173 55 29 1
237 94 60 1
236 116 82 1
182 79 46 1
123 36 8 1
122 54 33 1
84 35 28 1
21 0 0 1
5 4 0 1
0 3 0 1
0 0 0 1
5 1 0 1
2 0 1 1
1 1 1 1
0 0 0 1
0 0 0 1
0 0 0 1
1 1 1 1
1 1 1 1
2 2 2 1
1 1 1 1
1 1 1 1
1 1 1 1
1 1 1 1
1 1 1 1
1 1 1 1
1 1 1 1
1 1 1 1
1 1 1 1
0 0 0 1
0 0 0 1
0 0 0 1
1 1 1 1
1 1 1 1
2 2 2 1
1 1 1 1
1 1 1 1
1 1 1 1
1 1 1 1
2 0 1 1
2 0 1 1
2 0 1 1
2 1 0 1
2 1 0 1
1 2 0 1
0 2 0 1
0 1 3 1
1 0 6 1
1 0 5 1
2 3 0 1
3 3 0 1
9 0 0 1
17 0 0 1
77 43 41 1
39 0 0 1
102 16 1 1
167 70 53 1
187 98 80 1
95 18 2 1
120 56 46 1
37 0 0 1
28 0 0 1
78 14 2 1
184 60 34 1
208 62 25 1
237 108 66 1
255 149 108 1
181 77 48 1
188 105 87 1
124 72 61 1
18 0 0 1
5 2 0 1
0 3 0 1
2 1 0 1
4 0 0 1
2 1 0 1
1 1 1 1
0 0 0 1
0 0 0 1
0 0 0 1
1 1 1 1
1 1 1 1
2 2 2 1
2 2 2 1
2 2 2 1
2 2 2 1
2 2 2 1
1 1 1 1
1 1 1 1
1 1 1 1
0 0 0 1
0 0 0 1
0 0 0 1
1 1 1 1
2 2 2 1
2 2 2 1
2 0 1 1
2 0 1 1
2 1 0 1
2 1 0 1
1 0 0 1
1 0 0 1
2 1 0 1
2 1 0 1
2 1 0 1
2 1 0 1
2 1 0 1
1 1 0 1
0 5 1 1
0 2 0 1
3 0 0 1
8 0 0 1
20 12 9 1
28 15 9 1
18 0 0 1
47 4 0 1
138 71 63 1
64 0 0 1
60 0 0 1
103 17 0 1
215 114 86 1
168 64 39 1
140 47 29 1
62 0 0 1
87 4 0 1
140 41 20 1
191 63 36 1
166 29 0 1
163 40 0 1
255 176 139 1
121 35 20 1
109 50 44 1
43 13 5 1
8 0 0 1
9 3 3 1
5 3 4 1
1 0 0 1
4 3 0 1
2 1 0 1
3 2 0 1
2 1 0 1
2 1 0 1
3 2 0 1
2 1 0 1
1 0 0 1
3 2 0 1
2 2 2 1
2 2 2 1
2 2 2 1
2 2 2 1
1 1 1 1
1 1 1 1
0 0 0 1
0 0 0 1
0 0 0 1
0 0 0 1
1 1 1 1
2 2 2 1
2 2 2 1
2 0 1 1
2 0 1 1
2 1 0 1
2 1 0 1
1 0 0 1
2 1 0 1
2 1 0 1
2 1 0 1
2 1 0 1
2 1 0 1
3 0 0 1
3 2 0 1
0 1 0 1
4 6 3 1
8 7 5 1
4 0 0 1
17 7 8 1
20 0 0 1
39 4 0 1
64 6 0 1
156 66 55 1
150 48 33 1
208 116 93 1
227 129 100 1
178 64 30 1
237 118 86 1
185 71 45 1
173 59 35 1
251 133 107 1
222 97 69 1
194 59 29 1
177 43 6 1
167 42 0 1
255 151 112 1
93 21 6 1
31 0 0 1
16 0 0 1
6 1 0 1
6 0 2 1
5 0 4 1
2 3 0 1
0 1 0 1
2 1 0 1
3 2 0 1
2 1 0 1
2 1 0 1
3 2 0 1
2 1 0 1
1 0 0 1
3 2 0 1
2 2 2 1
2 2 2 1
2 2 2 1
2 2 2 1
2 2 2 1
1 1 1 1
0 0 0 1
0 0 0 1
0 0 0 1
0 0 0 1
1 1 1 1
2 2 2 1
2 2 2 1
1 1 1 1
1 1 1 1
2 1 0 1
2 1 0 1
2 1 0 1
2 1 0 1
2 1 0 1
2 1 0 1
2 1 0 1
2 1 0 1
4 1 0 1
4 1 0 1
9 4 1 1
3 0 0 1
3 4 9 1
0 0 8 1
1 0 7 1
15 0 2 1
100 61 56 1
96 30 18 1
149 46 31 1
162 40 19 1
182 54 25 1
207 78 46 1
166 42 8 1
209 85 51 1
236 108 73 1
219 85 50 1
191 51 16 1
184 40 5 1
219 75 38 1
179 41 0 1
208 74 21 1
232 124 75 1
188 121 92 1
28 0 0 1
15 0 0 1
7 3 2 1
2 2 4 1
1 2 4 1
2 4 1 1
0 1 0 1
2 1 0 1
3 2 0 1
2 1 0 1
2 1 0 1
3 2 0 1
3 2 0 1
1 0 0 1
3 2 0 1
1 1 1 1
2 2 2 1
2 2 2 1
2 2 2 1
2 2 2 1
1 1 1 1
1 1 1 1
0 0 0 1
0 0 0 1
0 0 0 1
1 1 1 1
2 2 2 1
2 2 2 1
1 1 1 1
1 1 1 1
3 2 0 1
2 1 0 1
2 1 0 1
2 1 0 1
2 1 0 1
3 2 0 1
3 2 0 1
3 2 0 1
2 1 0 1
8 0 0 1
20 0 0 1
16 0 0 1
1 0 4 1
0 3 12 1
3 2 10 1
29 17 21 1
50 19 14 1
41 0 0 1
87 0 0 1
175 60 41 1
221 83 54 1
242 99 65 1
159 31 2 1
169 46 15 1
213 85 48 1
255 140 99 1
255 120 74 1
212 71 25 1
240 94 53 1
188 47 1 1
255 134 73 1
241 138 80 1
219 157 120 1
26 0 0 1
14 0 0 1
3 0 0 1
6 4 7 1
6 6 8 1
0 0 0 1
1 2 0 1
2 1 0 1
3 2 0 1
2 1 0 1
2 1 0 1
3 2 0 1
3 2 0 1
2 1 0 1
3 2 0 1
1 1 1 1
1 1 1 1
2 2 2 1
2 2 2 1
2 2 2 1
1 1 1 1
1 1 1 1
0 0 0 1
0 0 0 1
0 0 0 1
1 1 1 1
2 2 2 1
2 2 2 1
1 1 1 1
1 1 1 1
3 2 0 1
2 1 0 1
2 1 0 1
2 1 0 1
3 2 0 1
3 2 0 1
3 2 0 1
3 2 0 1
4 2 5 1
11 0 0 1
110 66 57 1
41 0 0 1
14 0 0 1
5 3 4 1
5 3 6 1
6 0 0 1
11 0 0 1
25 0 0 1
43 0 0 1
100 24 11 1
200 76 50 1
185 46 17 1
151 29 8 1
161 49 27 1
150 37 5 1
172 61 16 1
255 181 125 1
255 156 100 1
207 65 25 1
210 73 27 1
255 158 93 1
255 175 113 1
184 125 85 1
27 0 0 1
19 6 0 1
4 0 1 1
6 0 0 1
9 0 2 1
4 0 0 1
8 4 3 1
1 0 0 1
3 2 0 1
2 1 0 1
2 1 0 1
4 3 1 1
3 2 0 1
2 1 0 1
3 2 0 1
1 1 1 1
1 1 1 1
2 2 2 1
2 2 2 1
2 2 2 1
2 2 2 1
1 1 1 1
0 0 0 1
0 0 0 1
0 0 0 1
1 1 1 1
2 2 2 1
2 2 2 1
1 1 1 1
1 1 1 1
3 2 0 1
3 2 0 1
2 1 0 1
2 1 0 1
3 2 0 1
3 2 0 1
3 2 0 1
5 1 0 1
6 0 0 1
26 2 0 1
205 152 136 1
61 8 0 1
14 0 0 1
1 0 0 1
2 0 1 1
4 0 0 1
4 0 0 1
15 5 0 1
15 0 0 1
72 17 10 1
155 45 22 1
179 50 21 1
132 18 0 1
168 64 39 1
169 70 39 1
176 79 37 1
229 130 73 1
255 142 86 1
255 131 91 1
215 82 41 1
231 125 65 1
255 194 136 1
180 120 84 1
34 0 0 1
15 0 0 1
10 4 4 1
10 0 0 1
10 0 0 1
5 0 0 1
3 0 0 1
1 0 0 1
3 2 0 1
2 1 0 1
2 1 0 1
4 3 1 1
3 2 0 1
2 1 0 1
3 2 0 1
1 1 1 1
1 1 1 1
2 2 2 1
2 2 2 1
2 2 2 1
2 2 2 1
2 2 2 1
0 0 0 1
0 0 0 1
0 0 0 1
1 1 1 1
2 2 2 1
2 2 2 1
1 1 1 1
1 1 1 1
2 2 0 1
2 2 0 1
2 1 0 1
3 2 0 1
3 2 0 1
4 3 1 1
6 2 1 1
9 1 0 1
15 0 0 1
54 22 11 1
168 117 98 1
35 0 0 1
10 0 0 1
5 6 8 1
3 2 7 1
4 4 4 1
6 6 0 1
10 3 0 1
17 0 0 1
44 0 0 1
197 102 80 1
178 65 33 1
174 72 32 1
214 120 82 1
200 111 81 1
123 30 0 1
241 133 84 1
255 144 93 1
255 134 97 1
165 32 0 1
210 89 42 1
255 161 116 1
200 133 104 1
53 11 0 1
19 0 0 1
11 0 0 1
9 0 0 1
5 0 0 1
3 5 2 1
1 5 4 1
0 0 0 1
3 2 0 1
2 1 0 1
3 2 0 1
4 3 1 1
3 2 0 1
2 1 0 1
3 2 0 1
1 1 1 1
1 1 1 1
2 2 2 1
2 2 2 1
2 2 2 1
2 2 2 1
2 2 2 1
0 0 0 1
0 0 0 1
0 0 0 1
1 1 1 1
2 2 2 1
2 2 2 1
1 1 1 1
1 1 1 1
2 2 0 1
2 2 0 1
2 1 0 1
3 2 0 1
3 2 0 1
4 3 1 1
6 2 1 1
10 0 0 1
14 0 0 1
108 75 60 1
197 147 122 1
35 0 0 1
20 1 0 1
6 1 5 1
2 0 3 1
8 4 3 1
11 1 0 1
18 0 0 1
24 0 0 1
74 17 8 1
180 94 69 1
124 25 0 1
225 131 79 1
255 199 149 1
227 145 108 1
114 24 0 1
229 119 68 1
255 137 85 1
255 137 98 1
182 49 14 1
167 38 0 1
252 142 105 1
141 65 39 1
38 0 0 1
29 0 0 1
20 5 0 1
14 4 2 1
1 0 0 1
0 2 1 1
0 3 1 1
0 0 0 1
3 2 0 1
2 1 0 1
3 2 0 1
4 3 1 1
4 3 1 1
2 1 0 1
3 2 0 1
1 1 1 1
1 1 1 1
2 2 2 1
2 2 2 1
2 2 2 1
2 2 2 1
2 2 2 1
1 1 1 1
1 1 1 1
1 1 1 1
1 1 1 1
2 2 2 1
2 2 2 1
2 2 2 1
2 2 2 1
1 1 0 1
2 2 0 1
3 2 0 1
3 2 0 1
4 3 1 1
4 3 1 1
7 3 2 1
8 3 0 1
7 0 0 1
22 0 0 1
199 144 114 1
64 4 0 1
28 0 0 1
18 0 0 1
11 1 0 1
10 0 0 1
27 0 0 1
43 0 0 1
80 9 3 1
92 10 0 1
244 155 123 1
193 101 52 1
200 107 46 1
236 147 87 1
252 170 120 1
104 18 0 1
220 118 56 1
246 130 69 1
254 124 75 1
192 59 18 1
162 30 0 1
252 135 100 1
173 84 54 1
47 0 0 1
50 12 3 1
14 0 0 1
9 4 1 1
4 6 3 1
0 2 1 1
0 2 1 1
2 2 0 1
3 2 0 1
3 2 0 1
3 2 0 1
3 2 0 1
3 2 0 1
3 2 0 1
2 1 0 1
1 1 1 1
1 1 1 1
2 2 2 1
2 2 2 1
2 2 2 1
2 2 2 1
2 2 2 1
1 1 1 1
1 1 1 1
1 1 1 1
1 1 1 1
2 2 2 1
2 2 2 1
2 2 2 1
2 2 2 1
2 2 0 1
2 2 0 1
3 2 0 1
3 2 0 1
3 2 0 1
4 3 1 1
7 3 2 1
7 3 0 1
9 6 0 1
14 0 0 1
116 69 43 1
226 166 142 1
70 16 4 1
32 0 0 1
29 0 0 1
61 25 11 1
174 124 113 1
79 15 5 1
140 61 54 1
99 11 0 1
85 0 0 1
209 119 69 1
205 121 59 1
255 207 141 1
255 192 132 1
178 85 26 1
249 144 79 1
247 131 70 1
243 116 65 1
165 32 0 1
168 35 2 1
208 85 54 1
209 102 70 1
117 40 14 1
48 5 0 1
14 0 0 1
6 0 0 1
0 0 0 1
5 3 4 1
1 0 0 1
3 2 0 1
2 1 0 1
2 1 0 1
3 2 0 1
3 2 0 1
3 2 0 1
3 2 0 1
2 1 0 1
1 1 1 1
1 1 1 1
1 1 1 1
2 2 2 1
2 2 2 1
2 2 2 1
2 2 2 1
2 0 1 1
2 0 1 1
1 1 1 1
1 1 1 1
2 2 2 1
2 2 2 1
2 2 2 1
2 2 2 1
2 2 0 1
2 2 0 1
2 1 0 1
2 1 0 1
3 2 0 1
4 3 1 1
7 3 2 1
7 3 0 1
5 2 0 1
14 1 0 1
35 6 0 1
151 103 83 1
255 197 171 1
224 145 115 1
101 21 0 1
73 2 0 1
53 0 0 1
40 0 0 1
84 24 14 1
90 14 0 1
181 83 56 1
127 34 0 1
255 234 176 1
187 122 56 1
227 138 72 1
249 141 77 1
239 121 60 1
231 106 50 1
244 116 67 1
172 43 3 1
162 28 0 1
176 45 17 1
188 60 25 1
230 132 103 1
33 0 0 1
9 0 2 1
13 4 7 1
10 4 6 1
9 0 3 1
4 0 0 1
4 0 0 1
2 1 0 1
2 1 0 1
3 2 0 1
3 2 0 1
3 2 0 1
3 2 0 1
2 1 0 1
1 1 1 1
1 1 1 1
1 1 1 1
1 1 1 1
1 1 1 1
1 1 1 1
1 1 1 1
2 0 1 1
1 0 0 1
0 0 0 1
1 1 1 1
2 2 2 1
2 2 2 1
2 2 2 1
2 2 2 1
2 2 0 1
1 1 0 1
2 1 0 1
2 1 0 1
2 1 0 1
3 2 0 1
6 2 1 1
7 3 2 1
9 4 1 1
8 0 0 1
11 0 0 1
28 0 0 1
131 58 25 1
212 118 82 1
218 120 91 1
243 158 138 1
144 85 79 1
36 0 0 1
35 0 0 1
110 46 34 1
124 36 12 1
204 116 76 1
255 214 155 1
147 84 15 1
205 112 43 1
255 160 96 1
211 88 31 1
255 130 80 1
239 116 74 1
147 24 0 1
148 24 0 1
206 76 52 1
170 32 0 1
225 118 86 1
27 0 0 1
1 0 2 1
9 3 7 1
8 0 2 1
7 0 0 1
9 0 1 1
4 0 0 1
2 1 0 1
2 1 0 1
3 2 0 1
3 2 0 1
3 2 0 1
3 2 0 1
2 1 0 1
1 1 1 1
1 1 1 1
1 1 1 1
1 1 1 1
1 1 1 1
1 1 1 1
1 1 1 1
2 0 1 1
1 0 0 1
0 0 0 1
1 1 1 1
2 2 2 1
2 2 2 1
1 3 2 1
1 3 2 1
2 2 0 1
1 1 0 1
1 1 0 1
2 1 0 1
2 1 0 1
5 1 0 1
6 2 1 1
8 2 2 1
11 0 4 1
12 2 1 1
7 7 0 1
21 2 0 1
81 16 0 1
222 135 105 1
137 52 31 1
80 4 0 1
105 46 38 1
52 2 1 1
37 0 0 1
61 12 8 1
80 12 0 1
255 188 143 1
243 178 110 1
250 179 101 1
255 162 92 1
160 52 0 1
191 76 21 1
255 149 105 1
233 118 87 1
114 2 0 1
153 47 25 1
153 37 12 1
215 79 41 1
202 93 60 1
24 0 0 1
6 11 14 1
2 2 4 1
3 0 0 1
4 0 0 1
5 0 0 1
4 0 0 1
2 1 0 1
2 1 0 1
2 1 0 1
3 2 0 1
3 2 0 1
3 2 0 1
2 1 0 1
1 1 1 1
1 1 1 1
1 1 1 1
1 1 1 1
1 1 1 1
1 1 1 1
1 1 1 1
2 0 1 1
1 0 0 1
0 0 0 1
1 1 1 1
2 2 2 1
2 2 2 1
1 3 2 1
1 3 2 1
1 1 0 1
1 1 0 1
1 1 0 1
1 1 0 1
4 0 0 1
5 1 0 1
6 2 1 1
8 2 4 1
10 0 5 1
4 0 2 1
1 3 0 1
14 0 0 1
100 34 0 1
232 149 115 1
181 113 92 1
57 1 0 1
47 0 0 1
48 7 5 1
25 0 0 1
68 23 20 1
87 20 0 1
245 164 117 1
239 159 90 1
255 217 142 1
255 162 92 1
186 84 20 1
244 131 75 1
254 137 94 1
194 84 61 1
102 0 0 1
139 40 21 1
180 72 44 1
219 82 46 1
176 67 34 1
22 0 0 1
0 4 2 1
0 0 2 1
6 4 5 1
5 1 0 1
6 2 1 1
2 1 0 1
2 1 0 1
2 1 0 1
2 1 0 1
3 2 0 1
3 2 0 1
3 2 0 1
2 1 0 1
1 1 1 1
1 1 1 1
1 1 1 1
1 1 1 1
1 1 1 1
0 0 0 1
0 0 0 1
2 0 1 1
1 0 0 1
0 0 0 1
1 1 1 1
1 1 1 1
2 2 2 1
1 3 2 1
1 3 2 1
0 2 0 1
0 2 0 1
1 1 0 1
1 1 0 1
4 0 0 1
5 1 0 1
6 2 1 1
6 2 3 1
2 0 6 1
11 8 15 1
7 3 0 1
22 0 0 1
183 106 64 1
215 131 85 1
187 137 112 1
22 0 0 1
34 7 0 1
22 0 0 1
30 1 3 1
62 15 5 1
115 30 0 1
240 134 86 1
225 116 57 1
255 166 99 1
255 196 127 1
217 118 51 1
236 118 57 1
250 127 83 1
177 67 50 1
91 0 0 1
122 25 6 1
180 72 44 1
218 83 51 1
145 34 6 1
34 0 0 1
0 1 0 1
7 3 2 1
6 2 3 1
1 0 0 1
0 0 0 1
2 1 0 1
2 1 0 1
2 1 0 1
2 1 0 1
3 2 0 1
3 2 0 1
3 2 0 1
2 1 0 1
1 1 1 1
1 1 1 1
1 1 1 1
1 1 1 1
0 0 0 1
0 0 0 1
0 0 0 1
1 0 0 1
0 0 0 1
0 0 0 1
1 1 1 1
1 1 1 1
2 2 2 1
2 2 2 1
1 3 2 1
0 1 0 1
0 1 0 1
0 2 0 1
1 1 0 1
5 1 0 1
6 0 0 1
7 1 1 1
6 1 5 1
4 3 9 1
1 0 4 1
10 0 0 1
43 5 0 1
242 149 105 1
255 162 115 1
77 17 0 1
28 0 0 1
43 9 0 1
40 7 0 1
25 0 0 1
47 0 0 1
142 43 11 1
235 116 73 1
208 93 46 1
255 161 108 1
255 165 106 1
239 133 71 1
255 137 80 1
232 110 69 1
150 48 33 1
98 8 0 1
97 6 0 1
203 99 74 1
210 81 49 1
156 48 20 1
29 0 0 1
9 1 0 1
12 2 1 1
11 3 1 1
6 5 3 1
0 0 0 1
2 1 0 1
1 0 0 1
2 1 0 1
2 1 0 1
3 2 0 1
3 2 0 1
3 2 0 1
2 1 0 1
1 1 1 1
1 1 1 1
1 1 1 1
0 0 0 1
0 0 0 1
0 0 0 1
0 0 0 1
1 1 1 1
1 1 1 1
1 1 1 1
2 0 1 1
2 1 0 1
2 2 0 1
2 2 0 1
1 3 2 1
0 2 1 1
0 2 1 1
0 2 0 1
3 3 1 1
8 3 0 1
9 0 1 1
8 0 2 1
6 0 4 1
3 0 4 1
9 0 3 1
12 0 0 1
125 78 58 1
255 146 107 1
218 91 50 1
185 85 61 1
106 25 4 1
124 53 25 1
114 52 27 1
39 0 0 1
84 18 2 1
250 140 113 1
211 91 57 1
140 36 7 1
209 106 73 1
222 106 57 1
191 65 14 1
227 102 58 1
181 68 36 1
141 53 39 1
83 5 0 1
84 1 0 1
158 62 38 1
222 108 74 1
141 43 16 1
32 0 0 1
39 22 28 1
64 44 45 1
12 0 0 1
6 1 0 1
2 3 0 1
4 3 1 1
2 0 1 1
2 0 1 1
2 0 1 1
2 2 2 1
1 1 1 1
1 1 1 1
1 1 1 1
2 2 2 1
2 2 2 1
1 1 1 1
1 1 1 1
1 1 1 1
1 1 1 1
1 1 1 1
0 2 1 1
1 1 1 1
1 1 1 1
2 0 1 1
2 1 0 1
3 2 0 1
2 2 0 1
2 2 0 1
0 1 0 1
0 1 0 1
0 1 0 1
3 2 0 1
6 0 0 1
8 0 0 1
5 0 1 1
5 0 1 1
9 5 6 1
9 0 0 1
17 0 0 1
138 79 61 1
226 107 77 1
205 66 33 1
134 15 0 1
135 33 10 1
255 161 128 1
159 72 42 1
84 13 0 1
159 81 61 1
162 48 22 1
117 1 0 1
87 0 0 1
108 16 0 1
235 113 76 1
208 77 35 1
237 115 78 1
117 13 0 1
130 52 39 1
65 0 0 1
75 0 0 1
104 13 0 1
176 67 36 1
165 71 46 1
31 0 0 1
33 14 20 1
51 29 31 1
15 0 0 1
7 0 0 1
8 5 0 1
4 0 0 1
2 0 1 1
2 0 1 1
3 1 2 1
2 2 2 1
1 1 1 1
1 1 1 1
2 2 2 1
1 1 1 1
1 1 1 1
1 1 1 1
1 1 1 1
0 0 0 1
0 0 0 1
1 1 1 1
1 1 1 1
1 1 1 1
1 1 1 1
1 1 1 1
1 1 0 1
1 1 0 1
3 2 0 1
3 2 0 1
0 0 0 1
0 0 0 1
1 1 1 1
4 3 1 1
6 2 1 1
4 0 0 1
2 1 0 1
2 2 0 1
1 1 0 1
12 1 0 1
27 0 0 1
133 61 47 1
186 65 46 1
187 52 30 1
110 0 0 1
147 41 17 1
231 122 93 1
113 8 0 1
152 57 29 1
210 115 87 1
162 50 26 1
124 19 0 1
77 0 0 1
89 10 0 1
195 77 49 1
195 67 32 1
224 111 79 1
112 20 0 1
125 55 43 1
73 13 5 1
86 16 6 1
81 0 0 1
172 62 39 1
144 49 29 1
29 0 0 1
16 1 4 1
36 18 18 1
13 0 0 1
19 2 0 1
10 0 0 1
5 0 0 1
2 0 1 1
3 1 2 1
3 1 2 1
1 1 1 1
1 1 1 1
1 1 1 1
3 3 3 1
1 1 1 1
1 1 1 1
1 1 1 1
0 0 0 1
0 0 0 1
0 0 0 1
0 0 0 1
1 1 1 1
1 1 1 1
1 1 1 1
1 1 1 1
1 1 0 1
1 1 0 1
2 1 0 1
3 2 0 1
2 0 1 1
2 0 1 1
6 2 3 1
5 3 4 1
4 3 1 1
1 1 0 1
0 2 0 1
1 3 0 1
4 6 1 1
11 0 0 1
34 0 0 1
188 109 94 1
159 42 24 1
138 9 0 1
161 46 19 1
239 132 100 1
212 110 72 1
174 75 36 1
155 52 17 1
243 140 109 1
177 71 47 1
89 0 0 1
76 9 0 1
106 34 22 1
196 86 63 1
144 24 0 1
208 104 77 1
137 52 31 1
98 40 29 1
72 23 16 1
98 44 32 1
94 25 10 1
115 20 0 1
216 130 115 1
30 0 0 1
12 1 0 1
27 11 11 1
19 0 0 1
31 5 4 1
46 25 24 1
7 0 0 1
2 0 1 1
2 0 1 1
3 1 2 1
2 2 2 1
1 1 1 1
1 1 1 1
2 2 2 1
1 1 1 1
1 1 1 1
1 1 1 1
1 1 1 1
0 0 0 1
0 0 0 1
1 1 1 1
1 1 1 1
1 1 1 1
0 2 0 1
0 2 0 1
0 2 0 1
1 1 0 1
2 0 1 1
2 0 1 1
4 0 1 1
4 0 1 1
7 1 3 1
6 2 3 1
3 3 1 1
0 3 0 1
0 3 0 1
0 5 0 1
3 4 0 1
17 0 0 1
44 0 0 1
174 89 68 1
170 60 33 1
175 52 19 1
175 53 14 1
210 103 57 1
255 211 156 1
102 31 0 1
172 80 39 1
203 103 71 1
172 72 48 1
90 3 0 1
59 0 0 1
103 36 20 1
194 94 78 1
198 89 69 1
163 66 49 1
98 22 8 1
34 0 0 1
57 27 19 1
29 1 0 1
52 13 0 1
109 44 26 1
113 51 36 1
81 51 43 1
11 0 0 1
17 0 0 1
41 16 19 1
31 0 0 1
52 22 24 1
11 0 1 1
2 0 1 1
2 0 1 1
3 1 2 1
2 2 2 1
1 1 1 1
1 1 1 1
1 1 1 1
2 2 2 1
2 2 2 1
1 1 1 1
1 1 1 1
1 1 1 1
1 1 1 1
1 1 1 1
1 1 1 1
1 1 1 1
0 2 0 1
0 2 0 1
0 2 0 1
1 1 0 1
1 1 1 1
2 0 1 1
5 1 2 1
6 0 2 1
7 1 3 1
7 3 4 1
2 4 1 1
1 3 0 1
0 3 0 1
5 3 0 1
10 1 0 1
20 0 0 1
42 0 0 1
190 115 96 1
82 0 0 1
198 98 64 1
215 92 50 1
198 84 34 1
255 186 130 1
255 211 159 1
172 79 36 1
170 75 43 1
142 61 40 1
60 0 0 1
80 30 19 1
61 7 0 1
68 0 0 1
86 0 0 1
150 71 58 1
77 13 3 1
32 0 0 1
25 4 0 1
22 5 0 1
21 0 0 1
66 23 7 1
84 38 23 1
75 45 37 1
15 0 0 1
18 0 0 1
33 13 14 1
27 0 0 1
41 15 16 1
10 0 1 1
3 1 2 1
2 0 1 1
3 1 2 1
2 2 2 1
2 2 2 1
1 1 1 1
1 1 1 1
2 2 2 1
2 2 2 1
1 1 1 1
1 1 1 1
1 1 1 1
1 1 1 1
1 1 1 1
1 1 1 1
1 1 1 1
0 2 0 1
0 2 0 1
1 1 1 1
1 1 1 1
1 1 1 1
2 0 1 1
6 2 1 1
7 1 1 1
6 2 3 1
5 3 4 1
4 4 2 1
3 4 0 1
8 1 0 1
13 0 0 1
20 0 0 1
31 0 0 1
91 42 37 1
146 96 89 1
34 0 0 1
110 44 22 1
218 102 65 1
208 77 33 1
186 74 36 1
162 60 22 1
255 158 122 1
181 94 66 1
76 27 12 1
26 0 0 1
44 18 19 1
30 0 0 1
42 2 0 1
68 20 6 1
107 53 43 1
55 6 1 1
27 0 0 1
21 5 5 1
26 11 6 1
16 0 0 1
26 0 0 1
96 59 50 1
67 30 24 1
22 0 0 1
11 0 0 1
14 6 4 1
11 1 0 1
25 17 14 1
6 2 1 1
3 1 2 1
2 0 1 1
3 1 2 1
2 2 2 1
1 1 1 1
1 1 1 1
1 1 1 1
2 2 2 1
2 2 2 1
1 1 1 1
1 1 1 1
1 1 1 1
1 1 1 1
1 1 1 1
2 2 2 1
2 2 2 1
0 2 0 1
1 1 0 1
2 0 1 1
2 0 1 1
1 1 1 1
1 1 0 1
6 2 0 1
5 1 0 1
5 1 2 1
4 2 3 1
3 3 1 1
6 1 0 1
14 0 0 1
21 0 0 1
53 15 6 1
127 84 78 1
57 17 17 1
22 0 0 1
15 0 0 1
31 0 0 1
163 65 36 1
202 83 51 1
159 55 30 1
185 93 72 1
158 72 49 1
102 37 17 1
21 0 0 1
12 2 0 1
10 0 2 1
18 2 5 1
22 3 0 1
33 9 0 1
54 20 11 1
42 9 4 1
23 5 5 1
21 11 12 1
15 4 2 1
20 5 0 1
17 0 0 1
42 14 10 1
140 103 97 1
27 0 0 1
10 0 0 1
9 5 2 1
4 3 0 1
7 6 1 1
3 2 0 1
2 0 1 1
3 1 2 1
3 1 2 1
2 2 2 1
1 1 1 1
1 1 1 1
3 3 3 1
2 2 2 1
1 1 1 1
1 1 1 1
1 1 1 1
0 0 0 1
1 1 1 1
1 1 1 1
1 2 4 1
0 1 0 1
1 1 0 1
3 2 0 1
4 0 1 1
4 0 3 1
2 2 2 1
1 1 0 1
2 3 0 1
4 3 0 1
2 0 1 1
7 5 6 1
8 4 3 1
8 0 0 1
114 84 76 1
133 93 81 1
190 144 129 1
118 78 68 1
26 0 0 1
17 0 6 1
9 1 0 1
18 0 0 1
129 63 47 1
178 103 84 1
101 44 35 1
41 0 0 1
25 0 0 1
20 0 0 1
13 0 0 1
9 0 0 1
15 1 0 1
13 0 0 1
18 4 1 1
22 7 2 1
33 12 7 1
20 2 0 1
8 2 2 1
5 3 4 1
8 2 2 1
12 2 1 1
9 0 0 1
31 16 13 1
39 10 2 1
177 148 142 1
8 0 0 1
7 3 0 1
6 1 0 1
21 17 14 1
3 0 0 1
1 0 0 1
3 1 2 1
1 0 0 1
2 2 2 1
0 0 0 1
2 2 2 1
2 2 2 1
2 2 2 1
1 1 1 1
1 1 1 1
0 0 0 1
1 1 1 1
1 1 1 1
1 1 1 1
1 2 4 1
0 1 0 1
1 1 1 1
3 2 0 1
5 0 3 1
5 0 3 1
2 2 2 1
0 2 0 1
0 1 0 1
5 6 1 1
2 0 1 1
1 0 0 1
8 2 4 1
14 0 0 1
94 57 49 1
71 25 12 1
61 12 0 1
31 0 0 1
18 0 0 1
7 0 5 1
3 0 0 1
12 0 0 1
37 0 0 1
40 0 0 1
24 0 0 1
11 0 0 1
13 2 10 1
7 1 5 1
7 0 0 1
9 0 0 1
14 0 0 1
12 0 0 1
9 0 0 1
10 0 0 1
18 4 1 1
7 0 0 1
0 0 0 1
0 1 0 1
4 0 1 1
5 0 0 1
3 0 0 1
10 0 0 1
21 0 0 1
24 0 0 1
57 47 45 1
3 0 0 1
4 0 0 1
18 13 10 1
3 0 0 1
1 0 0 1
3 1 2 1
1 0 0 1
2 2 2 1
0 0 0 1
2 2 2 1
2 2 2 1
2 2 2 1
1 1 1 1
1 1 1 1
0 0 0 1
1 1 1 1
1 1 1 1
1 1 1 1
185 56 0 1
178 58 5 1
144 41 0 1
149 52 9 1
156 51 4 1
164 49 0 1
203 75 12 1
231 97 26 1
208 76 2 1
248 120 33 1
220 100 0 1
234 117 1 1
244 125 21 1
206 81 0 1
211 70 0 1
197 53 0 1
207 63 0 1
236 104 32 1
216 99 20 1
158 55 0 1
149 52 0 1
138 46 0 1
149 54 0 1
160 62 1 1
155 52 0 1
158 52 0 1
168 59 0 1
180 74 0 1
170 70 0 1
163 67 0 1
174 78 0 1
159 69 0 1
136 52 0 1
133 54 0 1
131 49 2 1
127 46 1 1
126 47 4 1
118 41 0 1
132 50 12 1
121 39 0 1
135 52 10 1
120 41 0 1
114 40 3 1
114 45 4 1
108 41 0 1
128 56 0 1
133 49 0 1
120 30 0 1
114 29 0 1
113 30 0 1
105 26 0 1
109 33 0 1
112 39 0 1
121 48 3 1
205 76 18 1
173 52 0 1
153 46 0 1
147 44 0 1
156 44 0 1
173 52 0 1
222 90 25 1
245 108 36 1
206 75 0 1
229 104 12 1
243 127 14 1
255 147 27 1
251 136 27 1
223 103 8 1
215 79 5 1
210 68 4 1
209 70 1 1
221 89 14 1
248 129 45 1
210 100 23 1
153 50 0 1
154 54 4 1
147 46 0 1
189 87 21 1
232 126 48 1
235 129 43 1
247 141 55 1
243 140 48 1
237 139 40 1
231 134 37 1
234 139 47 1
233 142 63 1
131 47 0 1
135 53 3 1
134 52 5 1
130 47 5 1
120 41 0 1
130 51 8 1
121 42 0 1
132 53 10 1
122 41 0 1
128 49 6 1
113 38 0 1
108 34 0 1
178 107 45 1
255 179 109 1
241 157 87 1
154 65 0 1
130 44 0 1
139 53 2 1
147 63 16 1
118 36 0 1
124 46 0 1
133 57 7 1
237 112 46 1
174 51 0 1
164 50 0 1
161 45 0 1
168 43 0 1
207 73 12 1
243 101 35 1
228 87 15 1
225 95 11 1
230 111 11 1
242 133 12 1
255 154 24 1
255 160 39 1
249 138 33 1
203 76 0 1
206 72 1 1
197 66 0 1
233 107 22 1
253 132 41 1
236 120 35 1
194 78 17 1
155 40 0 1
154 39 0 1
208 96 24 1
252 145 47 1
245 141 28 1
250 151 31 1
240 145 19 1
247 153 27 1
242 149 28 1
235 140 32 1
245 153 66 1
148 59 0 1
133 49 3 1
125 40 0 1
133 48 7 1
135 52 10 1
131 50 5 1
126 50 1 1
133 57 8 1
129 52 6 1
135 57 9 1
120 39 0 1
127 46 0 1
226 143 63 1
255 177 89 1
255 173 83 1
255 169 79 1
241 150 59 1
247 153 65 1
247 150 73 1
180 85 17 1
141 56 0 1
153 71 11 1
255 128 55 1
206 79 12 1
169 46 0 1
165 40 0 1
186 53 0 1
218 81 11 1
222 81 9 1
232 97 15 1
246 122 26 1
243 129 17 1
244 142 16 1
255 161 30 1
252 156 33 1
252 147 40 1
208 85 5 1
200 69 0 1
201 74 0 1
249 125 39 1
254 131 37 1
212 88 0 1
223 98 32 1
172 47 0 1
161 39 0 1
214 102 18 1
255 151 36 1
255 164 28 1
255 167 21 1
237 151 2 1
240 154 9 1
255 168 32 1
245 152 31 1
244 150 52 1
154 59 0 1
139 43 0 1
141 49 2 1
145 54 10 1
139 51 5 1
127 43 0 1
138 57 10 1
132 54 8 1
133 55 9 1
125 46 0 1
158 75 5 1
242 155 75 1
251 160 77 1
185 93 8 1
165 74 0 1
224 132 47 1
254 159 65 1
240 143 46 1
237 136 46 1
191 95 9 1
143 58 0 1
221 144 64 1
255 119 43 1
237 103 30 1
196 65 0 1
188 57 0 1
211 78 1 1
233 101 18 1
210 81 0 1
220 97 3 1
255 144 32 1
255 160 38 1
255 160 33 1
255 159 36 1
238 141 26 1
238 135 34 1
198 77 0 1
192 65 0 1
202 78 4 1
255 132 50 1
255 132 39 1
210 80 0 1
209 76 7 1
182 53 0 1
182 61 0 1
234 125 30 1
238 145 14 1
244 163 11 1
246 168 8 1
250 174 13 1
238 157 3 1
253 167 22 1
250 157 26 1
255 160 48 1
229 120 35 1
177 66 0 1
156 51 0 1
144 45 0 1
140 45 0 1
146 54 3 1
139 47 8 1
141 51 16 1
134 50 4 1
141 57 0 1
255 179 83 1
255 172 74 1
182 84 13 1
138 34 0 1
136 34 0 1
146 46 0 1
205 106 41 1
197 99 24 1
185 86 1 1
161 72 0 1
189 117 15 1
255 212 106 1
218 86 1 1
226 96 12 1
235 108 27 1
236 112 26 1
236 111 18 1
233 114 12 1
217 106 0 1
217 114 0 1
254 153 21 1
255 169 34 1
253 153 29 1
226 126 14 1
216 117 16 1
221 112 27 1
184 63 0 1
194 67 0 1
205 81 11 1
255 141 61 1
242 113 21 1
246 113 22 1
209 73 0 1
193 63 0 1
211 93 6 1
252 150 40 1
242 157 15 1
251 177 16 1
253 182 16 1
254 182 18 1
229 152 0 1
239 157 9 1
238 151 10 1
235 137 14 1
237 128 27 1
214 100 14 1
196 90 14 1
158 57 0 1
150 51 0 1
142 43 0 1
139 38 0 1
146 49 4 1
137 47 0 1
204 118 33 1
255 176 60 1
255 166 50 1
178 79 0 1
148 44 0 1
140 39 0 1
132 32 0 1
130 32 0 1
143 50 0 1
156 69 0 1
194 118 8 1
255 204 84 1
255 208 85 1
225 109 10 1
208 92 0 1
222 109 7 1
238 130 22 1
255 150 33 1
238 143 13 1
227 141 2 1
246 166 17 1
255 180 24 1
252 162 14 1
244 144 22 1
204 97 0 1
183 76 0 1
182 69 3 1
178 54 0 1
178 50 0 1
213 86 17 1
255 134 56 1
234 101 10 1
248 113 21 1
233 99 12 1
233 105 14 1
231 120 15 1
252 157 31 1
250 170 21 1
241 169 7 1
246 177 14 1
245 175 15 1
237 162 8 1
236 158 8 1
240 158 12 1
230 142 8 1
227 127 15 1
244 141 40 1
240 143 40 1
183 86 0 1
168 67 0 1
158 56 0 1
160 55 0 1
148 46 0 1
178 83 0 1
254 164 52 1
249 162 29 1
236 150 15 1
221 130 16 1
192 98 0 1
178 84 0 1
195 103 18 1
207 120 25 1
228 150 41 1
245 177 50 1
255 203 68 1
255 224 91 1
255 223 90 1
255 173 50 1
215 123 0 1
220 126 0 1
227 136 4 1
236 151 9 1
249 174 21 1
253 188 24 1
255 198 30 1
254 181 16 1
237 151 4 1
218 117 3 1
180 68 0 1
186 71 8 1
177 57 4 1
187 60 5 1
185 55 0 1
193 64 0 1
255 128 50 1
243 109 20 1
220 86 0 1
237 104 9 1
244 121 18 1
253 144 27 1
248 154 20 1
247 166 15 1
235 161 2 1
248 175 20 1
231 158 4 1
239 165 14 1
243 169 18 1
254 180 29 1
236 156 17 1
231 141 21 1
237 141 31 1
255 163 55 1
239 143 40 1
225 126 33 1
228 129 38 1
202 103 10 1
193 97 0 1
217 131 10 1
244 162 27 1
235 156 11 1
229 150 5 1
231 150 15 1
235 153 28 1
244 163 48 1
247 165 53 1
236 155 37 1
250 175 47 1
255 208 68 1
255 220 81 1
255 210 83 1
218 169 50 1
252 197 36 1
255 202 42 1
241 177 17 1
240 175 13 1
229 164 0 1
242 181 12 1
255 216 36 1
255 200 22 1
239 169 9 1
246 159 26 1
197 90 0 1
183 65 0 1
173 52 0 1
173 47 0 1
186 56 0 1
203 69 6 1
201 68 0 1
204 73 0 1
245 111 26 1
221 88 0 1
230 102 1 1
255 136 24 1
255 154 29 1
255 156 19 1
242 152 6 1
231 145 0 1
254 170 22 1
223 143 0 1
239 164 13 1
236 167 14 1
235 172 19 1
255 192 51 1
225 142 22 1
184 93 0 1
229 130 37 1
255 160 66 1
235 138 33 1
232 141 26 1
249 165 43 1
236 159 27 1
242 174 31 1
250 186 36 1
235 172 19 1
232 171 20 1
237 175 32 1
228 165 26 1
223 157 19 1
225 153 17 1
250 170 33 1
255 178 42 1
250 172 38 1
236 160 38 1
193 115 17 1
144 64 0 1
232 192 9 1
246 204 22 1
255 211 31 1
255 204 25 1
250 199 20 1
236 187 6 1
255 212 22 1
255 207 30 1
236 166 19 1
247 156 39 1
189 75 0 1
181 53 0 1
177 48 0 1
192 58 5 1
204 68 8 1
223 85 20 1
208 75 6 1
192 62 0 1
206 78 0 1
226 102 4 1
230 110 0 1
253 140 18 1
243 141 7 1
242 146 7 1
227 134 0 1
236 147 5 1
245 160 17 1
224 144 0 1
255 187 33 1
236 173 16 1
213 159 1 1
255 207 58 1
233 164 34 1
167 85 0 1
163 70 0 1
197 98 4 1
250 155 39 1
248 157 27 1
235 153 17 1
243 168 23 1
247 180 29 1
255 209 51 1
250 196 36 1
216 166 9 1
230 183 31 1
229 182 32 1
237 187 36 1
246 186 38 1
226 154 10 1
204 120 0 1
201 113 0 1
199 104 0 1
185 85 0 1
159 57 0 1
222 182 0 1
231 191 0 1
242 198 11 1
244 200 13 1
240 196 11 1
227 186 0 1
233 194 5 1
255 207 37 1
244 171 42 1
192 95 0 1
185 63 0 1
200 64 2 1
219 79 18 1
225 83 21 1
244 101 35 1
219 78 9 1
194 61 0 1
187 61 0 1
206 87 0 1
221 109 1 1
242 138 13 1
236 140 4 1
236 145 4 1
226 139 0 1
217 131 0 1
220 137 0 1
223 144 0 1
225 154 0 1
255 194 31 1
228 175 7 1
206 163 0 1
233 191 29 1
255 204 59 1
212 147 19 1
156 75 0 1
185 93 0 1
242 148 24 1
239 145 11 1
242 150 13 1
236 149 8 1
242 162 11 1
226 158 0 1
225 172 8 1
253 212 46 1
255 230 69 1
255 244 85 1
255 242 88 1
255 220 73 1
252 188 52 1
236 153 31 1
215 117 8 1
222 112 15 1
229 113 26 1
230 111 29 1
232 183 0 1
226 179 0 1
231 187 0 1
229 188 0 1
240 201 12 1
230 193 1 1
235 201 8 1
253 210 36 1
221 152 23 1
169 75 0 1
195 73 0 1
215 78 8 1
216 78 3 1
232 92 15 1
232 92 15 1
214 78 2 1
204 79 0 1
210 95 4 1
214 108 0 1
241 143 18 1
255 177 35 1
254 173 22 1
249 171 19 1
246 171 20 1
247 172 27 1
244 172 25 1
222 156 0 1
233 174 8 1
255 214 39 1
246 206 23 1
227 195 14 1
220 189 13 1
245 203 39 1
242 192 43 1
204 140 14 1
231 157 34 1
249 167 32 1
243 153 13 1
249 155 19 1
250 156 20 1
253 164 20 1
234 159 6 1
222 164 4 1
238 196 32 1
255 223 63 1
255 233 78 1
255 226 78 1
255 209 71 1
255 189 66 1
255 172 63 1
255 148 55 1
220 98 12 1
247 121 34 1
235 107 20 1
244 181 6 1
240 180 4 1
226 175 0 1
233 192 6 1
231 192 1 1
239 205 9 1
243 214 14 1
255 218 33 1
241 184 35 1
186 106 0 1
199 91 0 1
212 88 0 1
219 92 0 1
227 100 3 1
222 94 3 1
215 94 1 1
241 129 27 1
254 153 39 1
243 150 19 1
255 179 33 1
255 181 22 1
243 176 9 1
238 173 9 1
232 170 7 1
247 188 26 1
249 194 29 1
247 197 22 1
244 202 19 1
243 209 16 1
244 216 19 1
247 223 27 1
242 218 24 1
234 204 18 1
220 184 10 1
252 212 55 1
235 188 40 1
214 154 4 1
212 140 0 1
218 130 0 1
227 133 1 1
230 138 5 1
238 155 17 1
220 154 5 1
242 187 34 1
250 199 48 1
242 185 42 1
201 131 0 1
198 118 0 1
198 111 5 1
201 102 9 1
186 69 0 1
194 67 0 1
249 121 34 1
228 101 8 1
255 192 18 1
248 188 12 1
239 190 10 1
231 190 4 1
238 201 7 1
239 207 8 1
255 234 29 1
255 227 31 1
255 215 44 1
238 176 29 1
207 119 0 1
219 118 0 1
229 124 0 1
232 127 2 1
230 127 6 1
255 165 43 1
255 174 45 1
250 162 26 1
232 152 5 1
233 160 3 1
239 172 6 1
235 173 4 1
250 189 21 1
226 169 0 1
237 185 13 1
224 179 0 1
239 201 12 1
232 203 5 1
226 203 3 1
244 226 22 1
238 219 18 1
226 207 7 1
227 203 7 1
228 204 18 1
238 214 46 1
255 228 70 1
225 184 30 1
230 174 25 1
235 161 14 1
227 142 0 1
227 141 4 1
224 142 4 1
233 162 18 1
235 169 23 1
240 169 27 1
220 139 8 1
211 114 0 1
201 95 0 1
202 98 11 1
176 69 0 1
166 50 0 1
227 108 28 1
242 129 27 1
230 118 8 1
239 185 1 1
242 192 7 1
237 196 8 1
243 206 14 1
237 201 5 1
244 211 10 1
249 223 16 1
245 223 16 1
255 228 33 1
253 214 35 1
242 183 29 1
244 174 26 1
255 180 26 1
251 177 16 1
255 191 29 1
255 191 29 1
249 175 16 1
234 162 2 1
231 161 1 1
248 180 21 1
248 180 21 1
228 162 3 1
243 178 16 1
245 184 16 1
234 182 2 1
234 194 1 1
239 210 8 1
225 204 0 1
237 220 18 1
250 234 33 1
228 212 13 1
226 208 12 1
232 212 17 1
222 202 19 1
239 224 61 1
255 240 90 1
255 235 89 1
255 219 64 1
247 195 24 1
249 187 14 1
251 183 24 1
218 149 0 1
221 149 2 1
245 169 24 1
246 156 20 1
222 117 0 1
214 91 0 1
212 86 9 1
201 83 21 1
161 51 0 1
150 46 0 1
240 142 51 1
241 153 29 1
233 152 9 1
223 175 0 1
238 193 4 1
242 203 12 1
250 216 21 1
236 200 4 1
239 208 6 1
236 211 4 1
242 224 16 1
249 233 32 1
248 227 38 1
225 187 16 1
233 184 19 1
231 178 4 1
241 186 7 1
237 185 3 1
246 191 10 1
240 181 3 1
243 181 8 1
238 175 8 1
236 173 10 1
237 171 14 1
214 150 0 1
229 165 5 1
249 191 21 1
229 181 0 1
230 194 0 1
232 209 5 1
227 210 6 1
234 222 24 1
251 241 47 1
254 241 49 1
238 224 31 1
246 229 37 1
237 222 41 1
239 226 68 1
255 244 103 1
181 157 23 1
219 187 42 1
255 215 41 1
254 206 20 1
245 194 17 1
224 167 0 1
243 177 20 1
255 178 34 1
239 140 10 1
228 114 2 1
231 103 16 1
211 82 16 1
172 51 4 1
148 40 0 1
151 55 0 1
246 163 59 1
230 162 19 1
255 199 38 1
214 164 0 1
248 202 18 1
246 207 18 1
237 203 10 1
233 201 4 1
237 211 10 1
231 213 5 1
236 223 21 1
254 244 58 1
255 239 65 1
231 205 34 1
224 188 16 1
232 187 10 1
239 193 12 1
244 198 16 1
248 202 18 1
251 201 18 1
243 191 11 1
223 165 0 1
217 158 0 1
224 165 1 1
224 167 2 1
211 157 0 1
225 178 4 1
241 203 16 1
246 219 24 1
240 223 22 1
229 217 19 1
239 229 43 1
252 243 60 1
255 250 64 1
234 226 37 1
249 240 49 1
250 239 59 1
242 229 73 1
255 247 116 1
189 159 49 1
147 108 0 1
255 216 59 1
255 216 36 1
241 206 16 1
251 211 25 1
247 189 20 1
242 164 16 1
232 134 9 1
220 111 6 1
225 107 20 1
187 70 3 1
145 36 0 1
139 41 0 1
150 61 0 1
233 158 39 1
232 173 21 1
255 223 55 1
226 177 0 1
255 212 30 1
242 201 13 1
228 194 1 1
239 207 11 1
242 218 20 1
228 211 10 1
233 223 30 1
255 253 82 1
253 244 79 1
249 231 63 1
231 204 29 1
235 198 19 1
254 212 30 1
240 198 18 1
240 195 16 1
254 208 26 1
241 190 11 1
231 177 7 1
238 181 14 1
229 172 3 1
237 183 12 1
231 181 6 1
225 183 1 1
248 217 28 1
255 233 36 1
246 232 35 1
246 236 43 1
248 239 56 1
252 245 66 1
255 252 73 1
242 236 52 1
227 222 34 1
222 215 38 1
227 216 64 1
255 235 110 1
248 208 110 1
123 74 0 1
248 199 58 1
255 216 45 1
236 203 12 1
250 216 23 1
246 193 19 1
219 148 0 1
232 145 14 1
226 128 17 1
201 93 3 1
190 81 12 1
136 34 0 1
135 42 0 1
148 68 0 1
229 163 27 1
243 191 27 1
255 215 36 1
235 191 8 1
255 212 27 1
237 196 6 1
227 190 0 1
234 200 7 1
235 208 17 1
224 207 16 1
232 221 43 1
252 246 86 1
255 252 99 1
252 241 74 1
242 222 47 1
226 196 12 1
214 175 0 1
212 168 0 1
225 178 10 1
245 197 25 1
250 198 27 1
243 186 19 1
236 178 9 1
246 188 16 1
255 200 22 1
249 200 19 1
240 199 11 1
234 204 8 1
238 219 19 1
239 227 27 1
252 243 50 1
255 247 64 1
255 251 75 1
244 233 57 1
226 217 38 1
221 217 30 1
230 229 51 1
242 234 87 1
255 242 120 1
255 221 124 1
165 103 2 1
218 155 26 1
255 202 47 1
247 204 29 1
255 225 42 1
255 218 46 1
222 167 6 1
214 148 0 1
242 162 37 1
180 81 0 1
189 86 9 1
166 68 0 1
154 66 0 1
200 129 5 1
254 195 41 1
251 206 27 1
238 199 8 1
236 197 8 1
244 205 14 1
235 195 2 1
226 187 0 1
221 186 0 1
233 205 17 1
233 217 33 1
223 215 44 1
237 233 82 1
252 250 103 1
229 224 62 1
229 217 43 1
236 214 32 1
228 196 15 1
224 182 12 1
215 168 4 1
237 183 22 1
235 177 17 1
241 181 22 1
241 179 16 1
235 174 6 1
228 171 0 1
234 184 3 1
239 198 8 1
233 201 4 1
228 207 6 1
233 220 18 1
238 229 30 1
240 231 42 1
254 244 61 1
220 205 28 1
212 201 23 1
233 229 46 1
230 227 54 1
255 249 105 1
248 219 99 1
218 160 61 1
169 97 0 1
203 134 13 1
236 175 32 1
222 168 8 1
245 194 25 1
255 219 52 1
244 192 28 1
225 171 13 1
253 187 49 1
209 124 17 1
167 76 0 1
184 97 0 1
212 137 22 1
255 199 53 1
255 214 44 1
242 204 15 1
231 199 0 1
240 208 9 1
238 204 8 1
242 203 10 1
244 203 13 1
229 192 0 1
229 202 11 1
240 226 41 1
242 236 64 1
239 239 91 1
245 247 102 1
246 247 91 1
233 229 60 1
239 224 45 1
251 226 46 1
227 191 19 1
215 168 4 1
208 149 0 1
222 156 7 1
234 167 18 1
232 165 16 1
230 163 10 1
236 174 11 1
230 174 1 1
228 183 0 1
239 202 8 1
235 208 7 1
237 219 15 1
236 221 16 1
233 220 20 1
242 229 36 1
215 201 16 1
233 221 41 1
227 220 41 1
241 232 65 1
255 243 102 1
206 165 47 1
133 67 0 1
168 92 0 1
187 121 1 1
249 187 52 1
200 135 0 1
213 149 0 1
255 197 35 1
255 203 38 1
224 172 10 1
250 195 43 1
245 178 48 1
182 112 0 1
174 109 0 1
230 173 30 1
255 217 50 1
239 205 20 1
236 208 11 1
243 220 16 1
242 218 8 1
241 213 8 1
242 203 12 1
244 203 15 1
236 199 5 1
227 200 9 1
234 222 38 1
247 244 77 1
252 253 113 1
243 246 115 1
255 255 118 1
242 241 88 1
237 230 64 1
255 243 73 1
244 213 45 1
231 187 26 1
229 172 21 1
209 144 0 1
222 157 15 1
212 150 5 1
218 157 7 1
224 166 7 1
231 179 5 1
229 184 0 1
233 194 1 1
237 205 6 1
230 204 3 1
238 217 14 1
240 223 21 1
229 215 18 1
217 205 21 1
250 239 63 1
254 243 73 1
231 215 57 1
255 232 92 1
175 127 3 1
142 75 0 1
195 124 16 1
216 158 33 1
246 190 55 1
202 135 2 1
204 135 0 1
220 154 0 1
255 196 33 1
222 168 7 1
240 189 35 1
255 217 72 1
234 182 37 1
207 155 7 1
239 194 33 1
226 186 11 1
234 200 14 1
239 210 18 1
242 215 20 1
243 224 7 1
246 222 12 1
230 193 1 1
215 175 0 1
224 190 0 1
232 207 16 1
233 222 42 1
232 227 71 1
245 244 118 1
251 251 141 1
253 254 137 1
236 237 110 1
227 221 83 1
244 232 84 1
248 225 70 1
243 208 54 1
215 168 16 1
203 149 1 1
223 171 26 1
206 155 10 1
217 170 18 1
224 181 16 1
226 186 2 1
231 192 0 1
234 195 2 1
238 201 7 1
222 189 0 1
229 201 6 1
243 224 26 1
221 207 14 1
214 203 27 1
248 239 74 1
255 246 88 1
234 210 60 1
255 214 72 1
193 139 5 1
211 151 27 1
205 150 24 1
236 193 55 1
255 217 78 1
204 144 12 1
213 144 7 1
215 144 0 1
255 189 32 1
228 169 13 1
203 152 0 1
255 220 67 1
255 231 74 1
252 208 51 1
233 190 26 1
214 170 1 1
216 173 0 1
215 173 0 1
240 199 23 1
250 234 16 1
244 223 12 1
227 193 0 1
217 179 0 1
219 190 0 1
221 201 6 1
235 226 47 1
251 248 93 1
248 245 128 1
251 249 149 1
245 242 147 1
244 242 141 1
244 241 126 1
241 233 108 1
241 227 96 1
255 241 105 1
244 210 74 1
200 162 29 1
211 176 50 1
227 194 65 1
210 179 39 1
238 210 51 1
233 205 20 1
233 203 7 1
225 191 0 1
231 197 2 1
224 191 0 1
226 197 5 1
250 230 35 1
228 214 29 1
214 205 40 1
248 241 90 1
255 255 111 1
225 199 60 1
251 204 66 1
211 153 17 1
250 194 59 1
251 204 66 1
255 225 81 1
255 238 92 1
255 216 80 1
222 159 20 1
221 151 1 1
241 172 16 1
218 159 3 1
216 166 9 1
208 165 8 1
248 213 49 1
255 228 61 1
222 186 14 1
215 173 1 1
219 177 5 1
219 177 7 1
237 194 27 1
239 219 8 1
237 215 7 1
246 214 18 1
250 218 22 1
237 212 8 1
224 208 7 1
226 220 36 1
242 239 82 1
251 246 128 1
246 240 146 1
247 242 160 1
255 252 170 1
250 247 154 1
247 243 144 1
254 246 147 1
255 253 151 1
255 245 140 1
250 235 132 1
241 224 134 1
255 240 147 1
255 243 131 1
230 217 77 1
236 223 49 1
242 225 31 1
224 200 4 1
225 199 1 1
227 200 5 1
232 209 15 1
243 229 34 1
219 210 31 1
233 227 77 1
251 244 111 1
255 253 126 1
252 228 102 1
238 190 62 1
178 120 0 1
239 186 46 1
225 179 34 1
255 226 77 1
255 243 93 1
255 239 93 1
248 196 48 1
239 179 23 1
237 175 16 1
215 160 0 1
228 178 17 1
215 170 9 1
205 168 1 1
255 241 61 1
237 213 27 1
228 198 14 1
231 200 21 1
222 190 17 1
252 220 49 1
228 203 0 1
232 205 4 1
238 206 10 1
254 224 28 1
241 219 20 1
242 228 33 1
241 237 54 1
242 239 82 1
255 252 132 1
255 249 155 1
251 243 168 1
255 251 179 1
250 249 167 1
242 241 158 1
244 241 162 1
251 248 169 1
251 248 169 1
250 247 170 1
255 255 190 1
255 255 180 1
255 254 154 1
255 255 126 1
251 246 80 1
245 235 49 1
241 226 37 1
233 214 26 1
243 223 38 1
231 215 31 1
248 238 53 1
215 209 37 1
238 236 91 1
255 252 121 1
255 251 123 1
255 240 115 1
215 166 45 1
150 88 0 1
214 154 22 1
246 195 54 1
221 184 34 1
255 236 83 1
229 194 40 1
231 186 33 1
233 172 19 1
246 181 25 1
234 179 18 1
249 200 37 1
218 171 7 1
215 174 4 1
252 228 42 1
238 219 28 1
243 222 33 1
255 238 54 1
248 227 50 1
255 239 66 1
237 204 11 1
219 186 0 1
227 194 5 1
236 207 19 1
242 221 34 1
238 226 44 1
241 238 63 1
211 211 55 1
241 237 111 1
255 254 154 1
255 247 172 1
255 249 181 1
254 253 173 1
251 252 172 1
251 252 182 1
250 252 187 1
254 254 194 1
255 255 198 1
250 248 189 1
255 254 180 1
254 251 148 1
234 231 98 1
234 231 68 1
245 237 64 1
236 225 57 1
249 236 72 1
255 245 83 1
235 226 63 1
239 235 66 1
240 238 75 1
249 249 103 1
241 240 98 1
251 249 102 1
248 229 90 1
239 189 68 1
187 120 7 1
182 107 0 1
245 177 52 1
227 180 32 1
255 222 63 1
231 201 43 1
196 155 3 1
206 140 0 1
220 148 1 1
255 195 37 1
242 189 25 1
235 183 19 1
224 182 10 1
240 214 31 1
238 220 32 1
236 221 32 1
244 233 47 1
255 249 71 1
253 243 68 1
237 197 13 1
239 201 16 1
230 194 10 1
209 178 0 1
231 209 37 1
255 250 84 1
246 241 85 1
217 216 74 1
220 220 100 1
250 247 150 1
246 238 166 1
243 235 170 1
244 242 165 1
244 245 165 1
244 250 178 1
242 247 181 1
245 245 183 1
246 245 181 1
255 254 185 1
252 247 163 1
237 233 123 1
213 209 76 1
206 201 49 1
230 224 66 1
251 242 89 1
255 251 101 1
255 252 101 1
247 242 86 1
234 232 69 1
246 247 83 1
247 247 89 1
246 244 84 1
251 249 79 1
243 223 62 1
252 204 68 1
212 143 24 1
180 98 0 1
204 128 8 1
214 163 12 1
235 200 36 1
255 234 76 1
206 166 16 1
198 131 0 1
211 136 0 1
226 160 11 1
233 175 16 1
237 185 21 1
225 185 12 1
241 215 34 1
244 229 42 1
228 217 29 1
237 227 42 1
255 249 70 1
252 245 68 1
245 194 15 1
234 187 9 1
241 199 25 1
208 176 7 1
211 188 30 1
255 245 100 1
255 255 125 1
246 245 129 1
238 238 140 1
255 255 173 1
245 240 176 1
247 241 179 1
249 245 171 1
241 240 158 1
237 242 162 1
239 244 162 1
244 243 153 1
249 244 150 1
233 228 128 1
249 241 132 1
228 219 98 1
193 184 53 1
241 231 97 1
246 237 98 1
251 242 101 1
240 234 88 1
246 241 85 1
252 249 84 1
255 253 80 1
248 247 69 1
238 235 60 1
227 223 40 1
239 231 34 1
251 231 40 1
242 197 36 1
189 123 0 1
182 99 0 1
201 121 0 1
227 175 14 1
246 210 38 1
255 240 79 1
241 201 52 1
203 136 3 1
212 135 5 1
240 171 32 1
203 143 0 1
252 204 44 1
212 178 8 1
250 227 51 1
251 235 54 1
223 212 26 1
233 222 36 1
223 211 29 1
241 229 47 1
243 186 11 1
229 176 2 1
253 209 38 1
245 212 45 1
248 225 67 1
254 241 100 1
254 249 132 1
253 253 155 1
243 247 160 1
253 255 181 1
245 244 180 1
253 247 185 1
255 250 178 1
249 246 167 1
238 241 160 1
234 237 146 1
236 234 125 1
250 245 125 1
239 233 111 1
242 236 112 1
240 234 110 1
238 229 108 1
255 255 142 1
255 250 133 1
247 240 110 1
229 223 77 1
220 217 52 1
219 217 38 1
233 227 45 1
234 226 39 1
231 222 33 1
219 207 11 1
234 222 12 1
246 225 22 1
232 193 14 1
183 124 0 1
179 102 0 1
222 149 11 1
251 200 33 1
254 222 43 1
247 223 53 1
255 228 71 1
188 135 0 1
201 137 1 1
238 173 31 1
193 136 0 1
241 199 37 1
206 178 9 1
255 234 63 1
255 244 70 1
228 214 30 1
220 204 20 1
207 187 4 1
210 188 6 1
241 177 9 1
230 172 2 1
232 186 12 1
255 222 47 1
241 221 46 1
250 239 85 1
255 255 139 1
244 248 154 1
239 246 166 1
246 254 181 1
247 250 179 1
255 252 183 1
255 250 181 1
255 253 181 1
252 250 176 1
243 244 151 1
237 237 113 1
235 236 96 1
221 222 84 1
233 235 102 1
252 253 136 1
255 253 150 1
248 243 152 1
255 253 157 1
255 254 134 1
249 243 95 1
233 228 50 1
233 225 30 1
229 216 23 1
229 213 16 1
237 218 20 1
240 221 20 1
241 223 19 1
245 222 22 1
245 214 25 1
232 186 12 1
240 177 22 1
249 186 31 1
230 184 10 1
228 198 12 1
249 231 47 1
255 244 68 1
233 204 42 1
212 173 16 1
217 169 9 1
228 181 17 1
237 203 35 1
234 210 42 1
254 240 73 1
255 255 87 1
232 212 37 1
225 198 19 1
231 196 18 1
224 187 8 1
233 159 0 1
232 167 3 1
212 160 0 1
243 206 29 1
248 226 45 1
234 222 60 1
253 249 124 1
237 239 138 1
249 255 167 1
246 254 168 1
248 253 163 1
255 255 165 1
254 246 161 1
255 247 166 1
255 250 172 1
255 255 159 1
243 245 110 1
248 251 98 1
206 207 54 1
235 236 96 1
251 254 137 1
253 255 158 1
255 254 177 1
246 244 161 1
245 241 131 1
241 238 95 1
231 226 46 1
234 225 26 1
239 223 22 1
237 216 15 1
242 216 15 1
235 208 7 1
239 215 17 1
243 219 23 1
247 219 24 1
228 193 7 1
246 196 23 1
245 194 23 1
231 192 9 1
234 207 16 1
246 227 36 1
245 227 41 1
255 235 58 1
251 223 51 1
221 185 11 1
245 208 32 1
254 224 50 1
255 233 62 1
236 219 51 1
255 246 78 1
223 197 24 1
241 208 31 1
231 190 14 1
231 186 9 1
240 154 7 1
227 150 0 1
228 166 0 1
237 190 16 1
245 213 40 1
230 212 50 1
249 241 104 1
250 250 128 1
252 255 143 1
246 250 137 1
220 221 101 1
239 237 116 1
255 250 132 1
253 247 137 1
249 245 146 1
253 250 143 1
242 243 105 1
234 234 78 1
221 216 54 1
248 242 92 1
240 240 116 1
239 241 140 1
245 243 166 1
255 255 179 1
255 255 155 1
240 240 110 1
228 226 56 1
228 221 27 1
221 208 8 1
238 217 16 1
238 209 11 1
237 205 8 1
227 199 4 1
246 219 26 1
236 209 16 1
224 195 3 1
224 189 3 1
233 198 10 1
255 226 34 1
255 239 46 1
255 233 42 1
239 210 22 1
255 228 45 1
242 212 30 1
247 221 38 1
220 194 11 1
255 235 54 1
242 215 36 1
220 193 18 1
228 198 24 1
207 174 0 1
244 204 28 1
240 197 23 1
216 169 0 1
241 150 7 1
230 149 0 1
218 155 0 1
225 179 6 1
242 214 42 1
237 223 56 1
247 237 87 1
253 248 105 1
248 244 108 1
254 248 110 1
238 231 88 1
226 220 72 1
231 225 79 1
244 238 100 1
251 246 120 1
246 241 113 1
255 255 109 1
217 209 49 1
216 201 36 1
232 219 63 1
251 248 119 1
240 241 137 1
250 247 168 1
254 250 176 1
254 253 161 1
252 250 129 1
229 225 64 1
222 214 28 1
218 204 9 1
218 196 0 1
243 211 14 1
241 209 12 1
241 214 21 1
240 217 25 1
247 224 32 1
229 206 14 1
240 213 20 1
233 206 13 1
210 186 0 1
247 220 27 1
239 205 19 1
225 185 2 1
249 204 25 1
241 200 22 1
255 234 55 1
234 202 23 1
229 189 16 1
245 203 31 1
216 174 2 1
246 202 31 1
241 195 24 1
241 193 23 1
241 188 20 1
233 180 12 1
249 161 12 1
237 162 8 1
216 163 0 1
224 190 20 1
234 218 44 1
229 221 48 1
236 227 62 1
230 218 58 1
255 237 81 1
255 244 87 1
243 223 62 1
228 211 46 1
228 215 48 1
219 208 41 1
246 237 74 1
248 238 78 1
255 245 87 1
239 224 63 1
212 189 23 1
215 194 39 1
247 238 107 1
253 249 142 1
251 243 162 1
255 251 174 1
255 255 166 1
255 255 140 1
247 237 87 1
212 199 24 1
229 211 25 1
228 205 11 1
219 192 0 1
228 200 2 1
232 213 22 1
255 240 51 1
255 253 62 1
220 201 11 1
232 209 19 1
242 217 28 1
211 186 0 1
228 198 12 1
216 175 0 1
229 179 6 1
226 167 1 1
233 174 12 1
255 201 40 1
248 190 31 1
232 165 14 1
231 161 11 1
225 160 8 1
249 186 31 1
250 185 29 1
255 192 36 1
210 146 0 1
230 166 8 1
255 172 28 1
252 176 28 1
239 188 34 1
246 214 53 1
255 250 85 1
241 230 63 1
212 195 29 1
220 192 30 1
221 183 22 1
255 216 54 1
251 213 50 1
255 224 57 1
252 226 55 1
205 183 9 1
248 229 51 1
243 226 50 1
255 241 71 1
204 183 16 1
241 214 47 1
223 198 43 1
247 234 103 1
243 235 126 1
242 233 140 1
246 237 146 1
254 245 142 1
255 245 121 1
255 246 89 1
232 219 44 1
240 224 40 1
238 219 29 1
219 196 2 1
231 211 16 1
234 219 30 1
241 230 42 1
255 250 63 1
215 200 11 1
227 208 20 1
242 221 34 1
245 221 35 1
238 206 27 1
203 157 0 1
242 182 23 1
232 161 9 1
238 159 15 1
255 175 38 1
239 155 21 1
244 149 23 1
236 138 11 1
223 135 2 1
220 137 0 1
255 180 39 1
246 167 23 1
245 167 19 1
222 146 0 1
232 140 7 1
234 153 18 1
255 211 74 1
255 218 77 1
255 246 98 1
255 241 91 1
214 179 27 1
195 149 0 1
229 170 18 1
251 185 36 1
214 153 2 1
220 165 12 1
244 200 39 1
255 224 57 1
230 197 22 1
245 216 36 1
245 223 42 1
189 166 0 1
224 196 26 1
241 216 61 1
224 211 80 1
255 255 138 1
254 248 138 1
250 245 128 1
244 240 107 1
222 217 63 1
243 236 59 1
249 240 51 1
240 229 43 1
254 242 58 1
235 223 39 1
228 216 32 1
231 217 33 1
219 205 20 1
219 205 18 1
218 204 17 1
217 199 13 1
255 240 55 1
236 214 33 1
252 220 47 1
214 164 3 1
208 140 0 1
220 136 2 1
254 158 37 1
232 128 17 1
211 98 0 1
206 77 0 1
220 92 0 1
217 105 0 1
226 123 4 1
237 139 14 1
247 154 23 1
255 166 30 1
242 155 16 1
209 109 0 1
236 146 34 1
246 174 63 1
217 160 45 1
240 194 74 1
255 214 90 1
255 202 73 1
252 183 54 1
227 145 17 1
249 164 37 1
237 153 28 1
212 135 7 1
201 133 0 1
246 188 45 1
251 197 45 1
250 205 44 1
239 200 35 1
203 168 2 1
218 178 20 1
239 204 58 1
255 248 117 1
255 252 128 1
255 254 130 1
250 240 108 1
245 235 88 1
217 205 43 1
194 178 4 1
249 230 52 1
251 230 61 1
240 223 58 1
253 238 75 1
226 213 47 1
233 221 49 1
252 239 62 1
220 205 26 1
210 194 13 1
250 231 49 1
255 240 62 1
239 209 37 1
255 216 52 1
255 194 43 1
238 158 21 1
226 130 9 1
232 121 14 1
237 119 23 1
248 118 32 1
216 73 0 1
218 77 0 1
209 85 0 1
210 97 0 1
237 129 18 1
255 156 37 1
233 135 8 1
233 140 9 1
173 57 0 1
175 65 0 1
164 64 0 1
157 68 0 1
158 76 0 1
158 76 0 1
192 104 15 1
195 101 11 1
199 98 8 1
215 110 19 1
223 117 29 1
229 128 36 1
240 146 50 1
211 125 22 1
255 180 71 1
243 172 54 1
255 205 79 1
249 191 58 1
237 177 44 1
226 173 43 1
236 198 71 1
255 231 102 1
253 226 93 1
251 225 86 1
251 225 80 1
255 231 81 1
239 202 52 1
246 205 61 1
249 209 75 1
249 215 82 1
255 242 106 1
255 237 93 1
247 237 80 1
255 250 87 1
248 234 67 1
220 199 30 1
254 227 58 1
255 230 63 1
213 169 8 1
245 188 36 1
255 179 37 1
238 145 16 1
255 145 30 1
215 96 0 1
215 90 0 1
201 69 0 1
211 70 0 1
222 82 3 1
202 74 0 1
207 89 0 1
207 94 0 1
242 136 24 1
254 154 34 1
244 149 23 1
198 75 15 1
184 66 4 1
180 67 7 1
178 72 10 1
177 75 11 1
167 68 1 1
171 68 0 1
174 70 0 1
181 68 0 1
189 75 4 1
190 73 3 1
172 60 0 1
151 43 0 1
162 63 0 1
161 72 0 1
166 84 0 1
153 79 0 1
171 100 0 1
202 132 11 1
209 147 24 1
240 196 71 1
232 197 67 1
241 210 70 1
245 215 69 1
251 216 72 1
231 193 50 1
192 144 8 1
147 96 0 1
132 81 0 1
136 93 0 1
202 168 45 1
255 234 99 1
252 242 95 1
251 242 85 1
252 238 77 1
247 225 61 1
240 211 49 1
235 195 35 1
220 169 15 1
202 136 0 1
216 130 0 1
224 122 0 1
254 140 28 1
215 91 0 1
208 80 0 1
217 85 3 1
217 75 0 1
234 94 15 1
255 129 45 1
255 156 63 1
241 127 28 1
203 95 0 1
229 128 10 1
248 150 27 1
5 29 5 1
11 35 11 1
8 34 7 1
30 59 29 1
17 48 16 1
33 70 27 1
29 67 16 1
20 61 1 1
74 119 52 1
44 89 24 1
4 47 0 1
7 49 3 1
6 45 1 1
8 47 0 1
68 107 52 1
67 107 47 1
77 116 59 1
13 53 0 1
104 151 99 1
6 54 4 1
0 42 0 1
31 74 28 1
28 67 23 1
53 96 50 1
50 98 50 1
39 92 40 1
39 86 40 1
46 91 48 1
43 78 46 1
42 80 43 1
58 104 55 1
70 124 62 1
73 129 58 1
70 126 51 1
58 106 32 1
70 121 52 1
34 93 35 1
0 15 0 1
1 25 1 1
15 41 14 1
11 40 10 1
11 42 10 1
30 67 26 1
58 96 45 1
26 67 7 1
26 71 6 1
51 95 32 1
29 72 19 1
14 56 10 1
2 41 0 1
0 39 0 1
73 112 57 1
12 52 0 1
0 38 0 1
21 64 10 1
63 110 58 1
65 113 63 1
23 69 22 1
7 50 4 1
11 52 8 1
4 45 3 1
30 77 31 1
32 81 34 1
25 72 28 1
39 84 43 1
51 88 55 1
41 81 46 1
43 89 42 1
35 86 27 1
96 149 79 1
40 90 17 1
29 69 0 1
102 143 77 1
63 114 57 1
10 34 10 1
3 27 3 1
0 23 0 1
16 45 15 1
6 37 5 1
1 38 0 1
6 44 0 1
29 70 10 1
61 106 41 1
51 95 32 1
22 65 12 1
16 58 12 1
6 45 1 1
0 35 0 1
74 113 58 1
25 65 5 1
31 72 14 1
53 98 41 1
16 64 12 1
13 61 11 1
13 61 11 1
19 65 18 1
0 36 0 1
15 55 18 1
27 69 31 1
35 80 41 1
47 93 54 1
25 71 34 1
42 83 51 1
33 74 40 1
36 79 36 1
55 102 48 1
75 124 58 1
79 120 50 1
79 100 35 1
120 140 79 1
84 121 67 1
4 28 4 1
3 27 3 1
12 38 11 1
0 27 0 1
17 48 16 1
10 45 5 1
7 45 0 1
42 83 25 1
86 130 67 1
15 59 0 1
52 95 42 1
22 64 18 1
39 78 34 1
46 85 40 1
52 91 36 1
63 104 44 1
54 98 39 1
59 104 47 1
26 73 21 1
45 93 43 1
54 100 51 1
32 75 29 1
42 83 43 1
15 55 20 1
25 65 31 1
24 65 31 1
19 63 27 1
45 91 55 1
29 73 40 1
61 105 70 1
45 87 47 1
51 97 48 1
52 102 41 1
54 93 26 1
103 112 45 1
81 84 17 1
55 71 8 1
0 24 0 1
11 35 11 1
20 46 19 1
20 49 19 1
9 40 8 1
30 65 25 1
13 51 2 1
27 68 12 1
45 89 28 1
29 73 14 1
44 86 36 1
52 94 48 1
47 86 42 1
31 70 25 1
24 64 11 1
55 96 38 1
67 112 53 1
40 85 30 1
27 71 20 1
21 65 16 1
3 45 0 1
35 77 29 1
27 68 28 1
55 95 61 1
23 62 31 1
20 59 28 1
32 72 38 1
38 80 44 1
43 84 50 1
53 95 59 1
32 74 36 1
50 97 51 1
43 100 45 1
24 66 2 1
129 131 56 1
194 182 98 1
157 151 65 1
19 43 19 1
7 31 7 1
1 27 0 1
25 54 24 1
7 36 5 1
9 43 6 1
11 48 4 1
25 65 13 1
33 74 18 1
54 97 41 1
12 54 6 1
30 71 27 1
34 72 31 1
43 82 37 1
44 84 31 1
49 92 36 1
38 83 26 1
53 98 43 1
53 95 45 1
24 66 16 1
20 60 8 1
20 60 10 1
63 101 60 1
46 83 49 1
24 60 32 1
45 79 52 1
49 84 51 1
61 98 64 1
43 83 48 1
25 67 31 1
36 78 40 1
49 96 54 1
25 79 30 1
34 78 19 1
82 93 17 1
131 125 41 1
115 108 18 1
5 29 7 1
14 38 14 1
9 35 8 1
20 49 21 1
18 47 17 1
16 50 15 1
18 55 12 1
11 50 3 1
35 75 22 1
38 78 26 1
17 59 11 1
14 55 11 1
29 70 28 1
30 71 27 1
28 68 16 1
48 88 35 1
56 99 45 1
29 72 19 1
20 63 10 1
8 48 0 1
33 72 17 1
25 62 10 1
38 73 31 1
54 90 54 1
40 75 45 1
45 78 49 1
38 72 37 1
41 77 39 1
44 82 45 1
45 85 48 1
40 80 45 1
56 96 59 1
28 71 28 1
40 78 27 1
50 79 15 1
28 48 0 1
97 107 38 1
0 22 0 1
8 34 9 1
6 32 5 1
3 32 4 1
10 41 10 1
20 54 21 1
26 60 23 1
16 53 10 1
26 66 16 1
22 62 12 1
17 59 13 1
12 53 11 1
12 53 13 1
49 90 48 1
9 49 0 1
28 68 16 1
42 82 30 1
89 129 77 1
13 58 3 1
17 60 4 1
45 85 25 1
37 74 20 1
47 83 37 1
44 78 41 1
24 57 26 1
24 57 26 1
57 91 56 1
48 84 46 1
43 80 46 1
39 79 45 1
44 81 48 1
44 81 48 1
58 94 58 1
34 71 27 1
38 73 17 1
60 82 18 1
92 93 25 1
6 31 9 1
10 36 11 1
22 48 21 1
3 32 2 1
0 26 0 1
18 52 19 1
14 48 13 1
14 51 10 1
46 85 40 1
34 73 28 1
21 59 18 1
8 46 7 1
0 35 0 1
15 56 16 1
0 38 0 1
46 86 34 1
33 71 20 1
63 103 50 1
0 49 0 1
9 59 0 1
48 90 27 1
47 85 26 1
59 95 47 1
27 59 20 1
55 88 57 1
50 83 52 1
41 75 42 1
19 56 22 1
45 84 53 1
30 70 43 1
23 57 32 1
59 93 68 1
47 83 57 1
39 73 38 1
40 69 15 1
56 61 0 1
177 142 60 1
7 32 10 1
3 29 4 1
22 51 21 1
4 33 2 1
25 56 24 1
29 60 28 1
6 40 7 1
28 64 26 1
34 71 28 1
53 92 48 1
16 54 13 1
7 45 6 1
20 60 23 1
17 58 18 1
34 76 30 1
24 66 16 1
69 109 57 1
58 103 46 1
60 112 50 1
15 67 1 1
30 75 10 1
78 118 58 1
31 69 20 1
40 77 36 1
45 80 47 1
39 72 43 1
53 84 53 1
41 74 47 1
30 68 43 1
28 66 45 1
40 72 51 1
39 68 46 1
35 63 40 1
57 79 43 1
62 67 9 1
120 103 25 1
222 171 79 1
10 38 13 1
6 35 7 1
5 34 3 1
12 42 8 1
22 53 19 1
44 75 43 1
12 46 13 1
0 36 0 1
10 47 6 1
51 88 47 1
20 58 19 1
37 75 36 1
22 60 23 1
35 73 34 1
54 96 50 1
47 91 40 1
19 66 11 1
54 104 43 1
51 103 37 1
48 99 32 1
57 99 33 1
41 81 21 1
30 72 24 1
31 73 33 1
51 88 54 1
25 58 29 1
42 68 43 1
48 73 52 1
24 55 40 1
39 71 56 1
55 82 65 1
39 61 40 1
59 72 44 1
56 53 8 1
124 94 21 1
189 146 54 1
189 141 43 1
12 41 11 1
25 54 23 1
13 43 7 1
12 44 5 1
6 38 1 1
5 36 2 1
19 53 18 1
25 59 24 1
29 65 27 1
22 59 18 1
42 80 41 1
0 36 0 1
47 85 46 1
47 85 44 1
63 105 59 1
45 89 36 1
29 81 19 1
24 76 10 1
73 124 55 1
40 87 17 1
46 87 21 1
58 98 38 1
23 66 20 1
20 62 22 1
63 97 62 1
36 61 32 1
48 63 42 1
41 58 40 1
42 66 52 1
32 56 42 1
57 75 53 1
37 42 12 1
113 101 61 1
86 55 0 1
185 127 43 1
230 172 75 1
135 100 8 1
2 33 0 1
15 47 10 1
6 38 0 1
48 81 38 1
24 56 15 1
3 38 0 1
0 33 0 1
20 54 17 1
13 50 9 1
42 79 36 1
32 69 28 1
13 50 9 1
32 70 29 1
3 42 0 1
35 74 27 1
59 104 49 1
33 85 21 1
37 90 20 1
38 85 13 1
88 131 60 1
50 89 24 1
40 79 22 1
22 65 20 1
29 67 28 1
41 65 31 1
47 60 30 1
59 63 40 1
37 45 24 1
29 48 29 1
53 68 45 1
41 42 8 1
73 55 9 1
128 86 26 1
181 119 44 1
223 144 52 1
214 153 60 1
69 56 0 1
23 55 16 1
52 84 43 1
45 78 33 1
56 89 44 1
57 93 49 1
58 93 51 1
0 28 0 1
27 61 24 1
27 64 21 1
0 32 0 1
10 47 4 1
7 44 1 1
43 81 40 1
30 69 24 1
39 78 31 1
54 97 43 1
49 95 31 1
58 105 35 1
77 120 48 1
71 113 41 1
50 89 26 1
54 93 38 1
67 106 62 1
36 66 30 1
36 43 9 1
67 64 33 1
82 77 48 1
64 67 38 1
53 69 40 1
44 54 19 1
41 25 0 1
169 128 64 1
146 77 0 1
236 156 69 1
221 144 54 1
124 77 0 1
62 69 2 1
19 54 12 1
50 86 42 1
18 54 6 1
58 95 44 1
48 84 36 1
63 99 55 1
18 53 13 1
0 34 0 1
61 96 54 1
53 89 45 1
34 71 27 1
1 38 0 1
34 73 29 1
62 101 54 1
45 85 35 1
66 105 50 1
32 71 8 1
40 80 10 1
65 105 32 1
66 108 36 1
38 80 16 1
23 62 9 1
80 111 70 1
48 62 29 1
61 48 14 1
118 98 63 1
102 89 54 1
90 91 51 1
55 74 29 1
38 45 0 1
92 57 0 1
204 137 58 1
212 125 30 1
213 130 36 1
222 169 93 1
46 28 0 1
61 81 28 1
103 127 91 1
40 65 26 1
31 53 14 1
48 73 31 1
48 75 32 1
64 92 51 1
76 108 69 1
91 126 84 1
42 78 32 1
89 125 77 1
105 143 96 1
66 105 58 1
40 79 34 1
57 96 49 1
71 111 59 1
78 116 59 1
47 77 15 1
77 108 41 1
51 91 20 1
53 96 25 1
51 93 30 1
31 66 12 1
55 73 33 1
54 51 16 1
142 116 79 1
109 79 41 1
98 89 48 1
77 80 35 1
75 88 34 1
84 79 11 1
168 116 32 1
216 134 35 1
255 164 61 1
215 136 43 1
149 115 51 1
52 55 8 1
37 68 27 1
98 99 81 1
114 113 93 1
95 93 72 1
88 88 64 1
74 81 50 1
83 98 65 1
73 100 65 1
84 116 75 1
89 123 73 1
68 105 51 1
85 124 71 1
92 132 80 1
52 91 44 1
47 89 43 1
54 94 44 1
55 90 34 1
75 101 38 1
77 103 38 1
51 90 25 1
57 99 35 1
60 98 37 1
44 67 13 1
51 50 4 1
89 70 27 1
163 129 83 1
125 96 52 1
67 70 27 1
39 51 3 1
67 67 7 1
116 89 8 1
210 143 36 1
249 163 44 1
235 145 35 1
199 132 45 1
61 44 0 1
39 56 22 1
45 81 53 1
104 94 84 1
92 79 70 1
125 109 96 1
107 94 78 1
119 111 92 1
103 102 81 1
109 123 98 1
83 104 73 1
72 94 55 1
54 80 35 1
65 96 52 1
82 118 72 1
75 112 68 1
37 75 28 1
48 80 30 1
73 94 35 1
84 90 20 1
88 95 25 1
50 79 15 1
66 102 41 1
61 92 35 1
44 57 3 1
92 72 19 1
156 123 70 1
130 97 44 1
79 62 10 1
73 82 35 1
47 57 4 1
97 79 5 1
156 110 14 1
225 151 28 1
250 161 33 1
242 151 44 1
126 61 0 1
35 23 0 1
44 64 36 1
31 64 43 1
56 47 38 1
87 74 65 1
116 100 87 1
144 124 113 1
146 122 112 1
117 98 91 1
76 68 65 1
96 96 88 1
104 101 86 1
88 90 69 1
64 77 57 1
70 93 67 1
57 87 49 1
40 68 20 1
38 55 0 1
87 84 17 1
170 138 55 1
154 126 43 1
52 57 0 1
48 71 15 1
66 91 36 1
45 50 0 1
104 66 4 1
212 166 104 1
119 101 39 1
53 54 0 1
56 69 16 1
67 66 1 1
133 93 0 1
212 145 28 1
218 144 13 1
249 165 40 1
232 138 38 1
155 83 9 1
71 50 3 1
46 59 31 1
37 62 43 1
63 54 45 1
86 76 67 1
118 104 95 1
105 86 79 1
106 80 79 1
110 85 88 1
105 90 95 1
87 75 77 1
99 84 79 1
117 107 97 1
83 83 75 1
86 95 78 1
66 88 52 1
59 77 27 1
49 49 0 1
129 102 23 1
226 166 68 1
192 133 39 1
79 59 0 1
60 64 3 1
69 79 18 1
66 57 0 1
175 117 44 1
177 117 45 1
97 77 16 1
61 64 7 1
64 69 13 1
92 78 3 1
151 93 0 1
251 174 42 1
206 130 0 1
255 182 52 1
229 130 26 1
179 97 21 1
108 77 31 1
20 23 0 1
20 34 19 1
69 62 52 1
67 60 52 1
95 86 81 1
90 79 77 1
106 94 96 1
79 67 71 1
90 79 85 1
96 84 86 1
73 60 51 1
94 82 70 1
103 90 81 1
72 66 50 1
48 59 25 1
70 77 23 1
46 27 0 1
209 160 67 1
230 148 36 1
220 139 32 1
153 106 26 1
83 59 0 1
95 82 4 1
123 92 9 1
211 133 48 1
159 77 1 1
87 47 0 1
84 67 21 1
88 73 18 1
120 89 9 1
190 123 6 1
255 175 34 1
238 162 14 1
255 171 29 1
233 129 8 1
210 121 31 1
102 62 13 1
16 8 0 1
7 13 1 1
89 82 72 1
81 74 66 1
78 68 66 1
104 95 96 1
101 92 95 1
100 91 94 1
83 72 76 1
103 91 91 1
71 58 49 1
112 96 81 1
133 112 95 1
80 64 38 1
95 92 51 1
64 53 0 1
157 114 22 1
242 172 60 1
232 138 14 1
234 143 28 1
191 129 46 1
96 50 0 1
110 73 0 1
194 142 41 1
210 117 21 1
195 103 20 1
122 66 15 1
95 58 14 1
81 45 0 1
143 96 8 1
225 154 26 1
255 183 34 1
255 183 29 1
253 171 23 1
241 140 8 1
237 149 49 1
93 51 1 1
39 28 6 1
45 49 34 1
77 66 60 1
48 37 31 1
77 63 60 1
83 72 70 1
85 74 72 1
97 86 84 1
96 80 80 1
83 68 65 1
78 63 56 1
105 88 70 1
110 86 50 1
96 69 22 1
93 70 16 1
105 69 0 1
243 176 63 1
249 162 29 1
242 150 13 1
237 151 32 1
165 98 19 1
110 50 0 1
149 87 0 1
234 158 46 1
211 110 4 1
213 115 28 1
147 78 21 1
74 18 0 1
134 77 8 1
189 126 29 1
242 169 31 1
255 182 26 1
255 187 29 1
238 163 10 1
243 156 17 1
237 164 59 1
50 18 0 1
68 63 41 1
33 42 23 1
190 173 165 1
55 41 32 1
68 54 45 1
66 53 44 1
68 53 46 1
81 66 59 1
106 87 81 1
82 62 53 1
100 77 59 1
82 56 19 1
157 127 55 1
184 148 60 1
138 98 11 1
228 175 71 1
231 154 16 1
248 160 11 1
253 165 31 1
192 110 0 1
126 57 0 1
129 61 0 1
207 131 19 1
251 167 45 1
225 129 29 1
234 141 63 1
151 76 19 1
157 90 35 1
165 94 16 1
207 133 26 1
223 147 2 1
255 183 19 1
239 169 9 1
254 185 32 1
230 154 19 1
212 150 51 1
79 55 11 1
50 48 33 1
30 41 24 1
208 187 170 1
106 89 71 1
81 69 47 1
70 59 37 1
78 61 45 1
92 73 58 1
87 68 53 1
84 60 36 1
171 134 92 1
121 79 3 1
235 196 69 1
242 196 49 1
255 202 66 1
235 168 27 1
235 161 0 1
255 190 37 1
248 167 49 1
180 103 13 1
125 55 0 1
150 81 3 1
237 161 39 1
244 164 41 1
217 136 54 1
115 39 0 1
98 31 0 1
139 69 7 1
133 51 0 1
202 117 1 1
236 154 6 1
254 177 11 1
237 168 3 1
255 189 41 1
230 161 42 1
144 91 11 1
64 44 17 1
16 17 12 1
20 30 22 1
232 209 193 1
118 100 80 1
94 80 54 1
103 89 62 1
100 78 55 1
108 83 61 1
93 71 48 1
112 84 47 1
201 162 97 1
221 178 73 1
252 212 52 1
255 215 34 1
253 190 23 1
232 163 0 1
255 195 29 1
255 191 43 1
188 121 16 1
126 60 0 1
134 67 0 1
214 144 48 1
242 160 32 1
251 168 46 1
146 68 0 1
107 35 0 1
143 72 10 1
173 97 21 1
188 102 3 1
210 122 0 1
255 178 21 1
234 159 0 1
251 179 15 1
251 185 36 1
236 171 51 1
96 49 0 1
25 5 0 1
20 20 20 1
20 29 26 1
209 187 176 1
188 169 155 1
189 171 149 1
182 160 136 1
166 135 114 1
172 140 115 1
175 145 117 1
200 172 124 1
255 225 138 1
243 209 83 1
255 245 73 1
236 201 11 1
239 187 7 1
246 189 20 1
254 201 45 1
215 166 35 1
109 65 0 1
157 110 22 1
180 120 8 1
238 165 37 1
240 152 18 1
246 153 32 1
179 90 8 1
132 45 0 1
211 124 45 1
179 92 0 1
202 116 3 1
236 156 19 1
253 184 19 1
253 187 13 1
242 170 6 1
246 175 23 1
246 183 42 1
197 149 47 1
64 42 5 1
29 26 21 1
43 49 45 1
221 202 195 1
197 179 167 1
197 176 159 1
205 180 160 1
198 166 145 1
192 158 131 1
198 168 134 1
226 200 141 1
255 246 145 1
254 227 88 1
248 218 46 1
239 201 14 1
241 191 10 1
253 200 32 1
236 186 39 1
160 115 0 1
89 47 0 1
185 141 36 1
231 173 40 1
231 159 13 1
244 159 17 1
255 171 43 1
216 128 30 1
232 142 54 1
240 146 50 1
199 107 0 1
205 120 0 1
255 187 41 1
255 190 24 1
232 169 0 1
245 178 11 1
224 161 0 1
254 198 41 1
221 181 59 1
82 65 11 1
25 27 6 1
20 31 15 1
207 195 183 1
209 195 182 1
193 175 163 1
206 184 170 1
209 184 164 1
211 186 156 1
203 178 137 1
253 230 162 1
255 242 133 1
236 209 70 1
248 206 46 1
247 195 23 1
243 187 12 1
237 180 15 1
232 175 36 1
150 92 0 1
192 137 11 1
242 185 52 1
204 142 0 1
237 170 19 1
244 173 23 1
248 173 30 1
221 144 16 1
249 166 48 1
254 163 49 1
228 138 16 1
255 172 30 1
255 191 37 1
255 184 27 1
237 172 6 1
250 197 21 1
245 200 21 1
250 210 34 1
224 197 54 1
141 138 57 1
84 100 53 1
81 106 67 1
196 185 167 1
206 191 172 1
193 174 157 1
201 176 154 1
218 191 161 1
216 189 146 1
245 220 163 1
253 232 153 1
255 240 131 1
234 205 75 1
230 185 40 1
255 204 52 1
229 179 22 1
245 193 47 1
220 164 41 1
203 143 31 1
255 196 79 1
186 125 0 1
219 154 12 1
244 177 28 1
250 179 27 1
248 177 25 1
248 179 26 1
236 164 18 1
248 166 30 1
244 160 25 1
255 180 36 1
254 178 32 1
224 148 2 1
245 182 29 1
254 215 50 1
255 241 74 1
249 225 65 1
213 201 67 1
94 104 17 1
88 114 53 1
78 111 58 1
206 186 161 1
228 207 178 1
191 165 132 1
212 180 139 1
209 173 115 1
241 207 135 1
255 230 146 1
250 230 135 1
255 236 131 1
246 219 104 1
225 185 63 1
246 205 77 1
250 215 87 1
255 218 101 1
212 166 70 1
250 198 115 1
226 170 95 1
228 169 79 1
246 182 59 1
238 167 25 1
225 145 0 1
251 174 16 1
255 193 23 1
248 188 16 1
250 182 23 1
252 180 33 1
254 181 50 1
227 156 30 1
215 142 13 1
236 179 46 1
255 235 100 1
255 255 131 1
255 246 138 1
84 83 0 1
84 106 33 1
97 132 68 1
83 121 62 1
159 140 108 1
160 137 103 1
186 154 113 1
216 179 126 1
213 173 103 1
244 206 125 1
242 212 124 1
242 217 124 1
245 222 128 1
240 214 117 1
241 207 109 1
245 211 113 1
255 244 149 1
227 200 113 1
241 202 135 1
232 187 132 1
222 174 126 1
249 196 130 1
226 164 55 1
236 166 32 1
224 148 3 1
255 182 25 1
255 200 23 1
243 191 9 1
254 196 26 1
255 195 45 1
245 179 59 1
193 127 17 1
232 166 46 1
242 192 69 1
255 247 127 1
254 253 147 1
117 120 39 1
79 91 25 1
91 121 57 1
60 100 38 1
72 112 50 1
189 176 144 1
175 157 121 1
254 221 176 1
235 196 141 1
255 230 162 1
250 214 140 1
255 226 151 1
252 223 147 1
251 223 149 1
239 211 138 1
250 217 150 1
255 235 171 1
242 220 162 1
213 190 140 1
239 205 167 1
210 171 138 1
254 215 182 1
255 222 168 1
204 140 42 1
245 176 49 1
214 150 14 1
245 188 36 1
255 215 41 1
253 206 28 1
253 199 29 1
244 186 42 1
192 131 25 1
197 139 42 1
236 180 67 1
255 212 91 1
237 211 90 1
171 167 60 1
95 111 36 1
71 102 43 1
66 104 45 1
74 115 57 1
80 121 63 1
178 165 133 1
210 190 153 1
255 221 176 1
244 201 148 1
255 221 159 1
248 210 145 1
255 227 163 1
254 220 157 1
247 215 154 1
249 217 160 1
245 212 161 1
255 231 187 1
215 191 153 1
230 205 174 1
221 187 162 1
217 181 157 1
242 207 177 1
255 217 165 1
230 165 75 1
239 167 56 1
204 142 23 1
255 212 80 1
222 175 27 1
254 207 55 1
246 194 49 1
195 141 19 1
151 99 15 1
197 149 73 1
223 180 86 1
221 188 85 1
201 182 77 1
104 103 11 1
90 110 47 1
66 100 50 1
74 108 58 1
71 108 57 1
79 116 65 1
192 173 141 1
236 210 173 1
251 210 166 1
246 198 149 1
250 205 148 1
252 210 152 1
251 210 154 1
242 202 150 1
225 188 136 1
244 208 158 1
255 228 185 1
246 211 173 1
216 186 152 1
226 195 166 1
244 204 179 1
232 191 163 1
243 206 164 1
255 220 161 1
255 186 104 1
188 111 19 1
211 142 51 1
246 185 92 1
205 151 51 1
230 178 77 1
255 206 110 1
202 154 72 1
156 113 60 1
188 154 108 1
178 152 91 1
131 118 50 1
97 98 28 1
91 103 41 1
91 108 63 1
81 102 63 1
88 110 71 1
107 132 92 1
93 118 78 1
205 188 162 1
239 214 184 1
224 184 148 1
243 195 155 1
211 168 125 1
207 166 122 1
209 171 132 1
177 142 104 1
195 161 124 1
206 172 137 1
246 211 181 1
221 187 160 1
240 212 190 1
175 147 126 1
150 113 95 1
188 148 123 1
129 91 52 1
252 205 153 1
226 158 95 1
248 174 109 1
172 110 51 1
233 182 127 1
198 157 105 1
160 123 71 1
181 144 91 1
237 204 159 1
129 102 75 1
169 148 127 1
173 158 127 1
191 187 152 1
220 228 191 1
200 215 182 1
187 201 176 1
196 211 190 1
197 215 193 1
191 210 188 1
182 201 179 1
150 140 128 1
204 187 171 1
144 112 91 1
185 147 124 1
180 146 121 1
163 132 111 1
164 137 120 1
108 82 69 1
111 89 75 1
160 138 125 1
130 106 96 1
137 114 108 1
70 53 46 1
130 111 105 1
141 112 106 1
178 144 134 1
123 88 66 1
185 141 112 1
207 147 113 1
196 137 105 1
170 130 105 1
159 133 118 1
141 128 122 1
80 75 69 1
116 112 100 1
74 70 59 1
96 92 89 1
90 86 85 1
76 68 65 1
115 110 106 1
122 123 118 1
168 174 172 1
126 137 139 1
114 129 132 1
166 184 186 1
174 194 195 1
180 200 201 1
100 95 89 1
145 132 123 1
145 117 105 1
134 101 84 1
81 53 39 1
106 82 70 1
123 99 95 1
105 85 84 1
89 71 69 1
121 106 103 1
129 109 111 1
108 89 91 1
109 97 99 1
59 45 45 1
142 118 118 1
100 71 65 1
102 68 56 1
125 84 66 1
181 124 105 1
145 93 79 1
128 97 92 1
103 91 95 1
58 61 78 1
108 119 137 1
141 151 160 1
37 48 54 1
85 92 102 1
94 96 108 1
118 115 126 1
104 98 108 1
73 69 83 1
2 4 17 1
51 63 77 1
73 91 105 1
48 66 80 1
165 184 198 1
143 165 178 1
96 133 63 2
97 135 62 2
99 135 61 2
97 134 56 2
97 132 48 2
99 135 47 2
104 139 45 2
107 143 47 2
117 151 54 2
113 147 50 2
114 148 53 2
113 147 52 2
106 139 48 2
107 140 51 2
109 142 55 2
106 138 55 2
104 135 59 2
104 134 60 2
105 131 58 2
104 127 55 2
103 124 57 2
104 123 59 2
105 123 61 2
105 123 65 2
103 122 67 2
104 122 72 2
103 120 75 2
100 117 75 2
103 115 79 2
104 115 81 2
106 112 84 2
102 108 80 2
102 106 83 2
99 104 84 2
101 105 91 2
102 105 88 2
108 104 77 2
108 105 70 2
98 104 68 2
91 105 72 2
89 104 83 2
90 104 87 2
97 101 84 2
99 102 83 2
100 103 84 2
99 103 86 2
94 101 85 2
91 97 83 2
92 100 89 2
92 100 89 2
92 97 90 2
88 98 87 2
84 102 88 2
82 103 86 2
83 97 82 2
79 89 78 2
81 86 80 2
81 85 84 2
80 84 85 2
79 83 84 2
82 82 84 2
81 83 78 2
75 83 70 2
68 81 64 2
63 74 60 2
59 69 60 2
60 66 62 2
60 66 64 2
57 63 63 2
57 63 61 2
60 67 59 2
62 70 57 2
65 71 59 2
68 74 62 2
73 74 68 2
70 71 66 2
76 78 77 2
76 81 77 2
78 83 79 2
76 83 76 2
76 83 76 2
75 82 75 2
73 80 73 2
71 78 71 2
68 78 69 2
69 79 70 2
67 79 69 2
66 78 68 2
69 79 68 2
67 77 66 2
67 77 66 2
66 76 65 2
67 73 61 2
70 76 64 2
76 82 70 2
78 86 73 2
82 92 81 2
80 92 80 2
80 92 80 2
81 93 81 2
82 94 82 2
82 94 82 2
82 94 82 2
82 94 82 2
80 92 80 2
81 93 81 2
79 91 79 2
75 87 75 2
73 85 73 2
73 85 73 2
71 83 71 2
69 81 67 2
67 80 62 2
65 78 58 2
65 76 60 2
66 77 60 2
62 73 56 2
61 73 49 2
58 71 43 2
67 81 48 2
97 134 64 2
97 135 62 2
99 135 61 2
101 138 60 2
101 136 52 2
100 136 46 2
106 141 47 2
113 149 51 2
113 147 50 2
111 145 50 2
111 145 50 2
110 144 50 2
109 143 49 2
115 148 59 2
118 150 65 2
111 142 62 2
105 136 60 2
105 133 59 2
103 129 56 2
102 125 55 2
104 125 58 2
106 125 61 2
105 123 63 2
102 122 63 2
102 120 68 2
105 123 73 2
103 120 75 2
97 114 72 2
94 108 72 2
96 107 73 2
98 107 78 2
100 106 78 2
103 107 80 2
100 105 82 2
98 105 87 2
99 104 82 2
105 104 73 2
106 106 68 2
99 107 68 2
95 109 74 2
92 108 82 2
95 108 88 2
102 107 87 2
102 104 83 2
98 103 83 2
95 103 82 2
95 102 86 2
95 101 87 2
93 101 88 2
94 100 88 2
95 98 87 2
91 99 86 2
89 103 86 2
87 104 86 2
86 99 82 2
81 92 78 2
84 90 80 2
84 89 82 2
82 89 82 2
82 87 81 2
84 86 81 2
84 87 78 2
76 87 71 2
70 83 66 2
67 78 64 2
63 73 64 2
64 71 64 2
63 69 65 2
60 66 64 2
59 65 61 2
62 67 60 2
63 69 59 2
66 72 60 2
70 73 64 2
71 74 67 2
68 70 67 2
75 77 74 2
75 80 76 2
76 83 76 2
74 81 73 2
76 83 76 2
75 82 75 2
74 81 74 2
72 79 72 2
70 80 71 2
70 80 71 2
69 81 71 2
68 80 70 2
68 78 67 2
67 77 66 2
67 77 66 2
66 76 65 2
65 73 60 2
69 75 63 2
75 81 69 2
77 85 72 2
79 89 78 2
78 90 78 2
80 92 80 2
81 93 81 2
81 93 81 2
80 92 80 2
81 93 81 2
82 94 82 2
81 93 81 2
80 92 80 2
78 90 78 2
74 86 74 2
73 85 73 2
73 85 73 2
71 83 71 2
69 81 67 2
68 81 63 2
66 79 59 2
65 76 59 2
65 76 59 2
62 74 54 2
61 73 49 2
58 71 41 2
69 83 48 2
99 135 63 2
98 134 60 2
100 136 64 2
103 140 62 2
103 138 54 2
101 138 45 2
108 144 46 2
117 153 53 2
110 144 49 2
108 142 48 2
108 142 48 2
108 142 48 2
114 148 54 2
125 158 67 2
126 158 75 2
113 144 66 2
107 135 60 2
107 135 61 2
106 132 61 2
105 128 58 2
105 126 61 2
105 125 62 2
103 123 64 2
99 118 62 2
101 119 69 2
100 120 71 2
97 116 71 2
95 111 72 2
95 109 73 2
100 111 77 2
100 109 80 2
97 106 75 2
98 105 71 2
94 104 70 2
96 106 79 2
96 107 75 2
104 111 70 2
108 115 71 2
105 116 73 2
105 120 79 2
99 114 83 2
102 112 87 2
104 108 83 2
102 104 82 2
98 103 81 2
96 104 83 2
97 104 86 2
96 105 88 2
96 103 87 2
98 102 87 2
98 101 84 2
98 101 84 2
96 103 85 2
96 105 86 2
93 102 85 2
88 97 80 2
86 95 78 2
87 96 77 2
86 95 74 2
84 93 72 2
85 92 74 2
85 92 74 2
79 90 74 2
74 86 72 2
69 80 66 2
65 75 64 2
67 74 66 2
67 74 66 2
65 70 63 2
64 69 62 2
67 70 61 2
68 71 62 2
70 73 64 2
71 74 67 2
71 73 68 2
68 70 67 2
75 77 74 2
75 80 74 2
75 83 72 2
72 80 69 2
75 80 73 2
76 81 74 2
74 81 73 2
72 79 71 2
69 79 70 2
70 80 71 2
69 81 71 2
68 80 70 2
67 79 67 2
65 77 65 2
66 76 65 2
65 75 64 2
65 73 62 2
68 76 65 2
74 80 70 2
75 83 72 2
77 88 74 2
77 89 75 2
79 91 77 2
80 92 78 2
79 91 77 2
78 90 76 2
79 91 77 2
80 92 78 2
82 94 80 2
80 92 78 2
76 88 74 2
73 85 71 2
72 84 70 2
73 85 71 2
71 83 69 2
69 82 65 2
68 81 61 2
67 80 60 2
65 76 59 2
65 76 59 2
61 73 53 2
60 72 48 2
61 72 40 2
74 86 50 2
98 134 60 2
100 136 62 2
103 139 67 2
104 141 64 2
106 142 55 2
108 145 50 2
114 150 50 2
118 154 54 2
108 142 47 2
106 140 46 2
106 140 46 2
110 144 50 2
121 155 61 2
131 164 73 2
126 157 77 2
110 141 65 2
107 135 61 2
112 138 65 2
115 138 68 2
110 133 65 2
107 127 64 2
105 125 64 2
103 122 66 2
99 120 64 2
99 119 68 2
100 119 73 2
99 117 75 2
98 116 76 2
101 117 80 2
104 118 83 2
103 114 82 2
99 109 75 2
100 108 67 2
98 109 67 2
99 113 77 2
100 116 77 2
108 120 74 2
112 124 74 2
109 125 76 2
111 126 83 2
106 117 83 2
103 112 83 2
102 105 78 2
100 103 76 2
99 104 81 2
98 107 86 2
98 107 88 2
96 105 88 2
98 105 89 2
100 104 87 2
102 103 85 2
102 103 85 2
103 104 86 2
103 106 87 2
100 105 85 2
94 102 79 2
91 101 77 2
91 101 76 2
88 101 73 2
87 100 72 2
88 98 73 2
88 97 76 2
83 95 75 2
79 90 73 2
72 83 67 2
69 80 64 2
68 79 63 2
71 79 66 2
71 74 63 2
69 72 61 2
71 74 65 2
71 74 65 2
73 76 69 2
73 76 69 2
73 75 70 2
69 71 66 2
73 78 72 2
73 78 71 2
74 82 71 2
72 80 69 2
74 79 72 2
75 80 73 2
74 81 73 2
72 79 71 2
71 78 70 2
69 79 70 2
69 79 70 2
68 80 70 2
67 79 67 2
65 77 65 2
66 76 65 2
65 75 64 2
66 74 63 2
68 76 65 2
72 80 69 2
74 82 71 2
76 87 73 2
76 88 74 2
78 90 76 2
79 91 77 2
79 91 77 2
78 90 76 2
78 90 76 2
79 91 77 2
81 93 79 2
79 91 77 2
76 88 74 2
73 85 71 2
72 84 70 2
72 84 70 2
71 83 69 2
69 82 65 2
67 80 60 2
67 81 58 2
65 77 57 2
65 77 57 2
62 74 52 2
59 72 46 2
61 72 38 2
77 89 51 2
101 135 59 2
109 143 67 2
113 146 75 2
111 145 69 2
113 147 61 2
118 153 59 2
118 155 52 2
113 150 47 2
106 140 45 2
104 137 46 2
106 139 48 2
115 149 55 2
126 160 66 2
130 163 74 2
120 151 73 2
108 136 62 2
110 136 63 2
116 139 67 2
117 140 70 2
112 135 67 2
107 129 65 2
105 126 67 2
104 125 69 2
100 123 69 2
99 121 72 2
104 126 79 2
105 126 83 2
104 122 82 2
102 118 81 2
104 118 83 2
106 117 83 2
106 116 79 2
108 120 74 2
106 120 71 2
107 124 79 2
105 124 78 2
106 124 72 2
107 126 71 2
104 122 72 2
106 122 77 2
108 116 79 2
105 110 78 2
101 104 73 2
99 102 75 2
98 106 82 2
100 109 88 2
99 108 91 2
97 105 90 2
100 106 92 2
103 107 93 2
104 106 92 2
104 105 89 2
107 106 86 2
108 107 86 2
104 107 80 2
98 105 74 2
96 105 76 2
95 105 78 2
92 105 79 2
91 103 79 2
90 102 80 2
90 102 80 2
89 99 75 2
85 95 71 2
78 92 69 2
74 87 67 2
74 86 66 2
76 85 66 2
75 79 64 2
74 76 63 2
74 76 65 2
74 75 67 2
76 77 71 2
76 79 72 2
76 79 72 2
69 75 65 2
72 78 68 2
71 77 67 2
73 79 69 2
73 79 69 2
75 80 73 2
76 81 74 2
76 81 74 2
73 80 72 2
72 79 71 2
69 79 70 2
70 80 69 2
70 80 69 2
66 78 66 2
64 76 64 2
66 76 65 2
65 75 64 2
64 74 63 2
66 76 65 2
69 79 68 2
70 80 69 2
76 87 73 2
76 87 71 2
78 89 73 2
80 91 75 2
80 91 75 2
79 90 74 2
79 90 74 2
80 91 75 2
81 92 76 2
80 91 75 2
77 88 72 2
74 85 69 2
73 84 68 2
72 83 67 2
71 82 66 2
70 81 64 2
67 79 59 2
68 80 58 2
65 77 57 2
66 78 58 2
65 75 51 2
61 71 44 2
61 73 37 2
81 93 53 2
109 143 66 2
120 154 78 2
124 158 84 2
117 151 74 2
115 149 63 2
117 153 57 2
113 150 47 2
104 141 38 2
103 137 42 2
104 137 46 2
109 142 51 2
119 152 61 2
126 159 68 2
124 157 70 2
114 145 69 2
109 136 65 2
116 139 67 2
115 138 66 2
112 135 65 2
110 132 67 2
109 131 67 2
107 131 71 2
105 128 72 2
103 126 74 2
103 127 79 2
106 129 83 2
107 128 85 2
103 124 83 2
105 121 84 2
109 123 87 2
114 126 90 2
115 126 86 2
109 121 71 2
107 121 68 2
105 125 74 2
101 124 72 2
102 122 69 2
102 122 69 2
101 119 69 2
105 118 74 2
106 112 74 2
105 109 76 2
103 106 75 2
100 104 77 2
97 107 83 2
99 108 89 2
101 108 92 2
101 107 93 2
102 108 96 2
104 110 96 2
106 110 95 2
107 108 92 2
110 107 88 2
111 109 86 2
105 108 79 2
100 107 74 2
97 108 74 2
96 110 77 2
97 107 80 2
95 105 80 2
93 105 81 2
92 104 80 2
92 100 76 2
88 98 73 2
81 95 70 2
76 92 66 2
76 90 64 2
80 90 65 2
80 85 63 2
79 82 65 2
80 80 68 2
79 79 69 2
80 80 72 2
80 82 71 2
76 82 70 2
70 76 62 2
72 78 64 2
70 76 64 2
72 78 68 2
74 79 72 2
76 81 74 2
77 82 75 2
76 81 74 2
75 80 73 2
73 80 72 2
73 80 72 2
70 80 69 2
70 80 69 2
66 78 66 2
64 76 64 2
66 76 65 2
66 76 65 2
64 74 63 2
66 76 65 2
69 79 68 2
68 79 65 2
76 87 71 2
76 87 71 2
77 88 72 2
79 90 74 2
80 91 75 2
79 90 74 2
79 90 74 2
80 91 75 2
79 90 74 2
79 90 74 2
77 88 72 2
75 86 70 2
73 84 68 2
72 83 67 2
71 82 66 2
70 81 64 2
67 79 59 2
68 80 58 2
65 77 57 2
65 77 55 2
65 75 51 2
61 72 42 2
62 74 36 2
85 98 54 2
117 150 71 2
124 156 80 2
126 158 83 2
119 152 73 2
109 143 56 2
103 138 44 2
100 136 36 2
97 133 33 2
101 135 40 2
107 140 49 2
114 147 56 2
120 153 64 2
121 154 67 2
116 148 65 2
111 142 66 2
113 140 69 2
117 140 68 2
115 137 65 2
113 134 65 2
112 134 69 2
113 135 73 2
110 134 76 2
108 131 77 2
106 130 78 2
107 131 83 2
107 130 84 2
106 127 84 2
104 125 82 2
109 125 86 2
114 129 90 2
115 127 89 2
111 124 81 2
103 117 66 2
100 117 63 2
102 120 68 2
100 120 69 2
98 121 69 2
102 122 73 2
104 120 75 2
109 120 78 2
108 114 78 2
107 111 78 2
103 108 76 2
101 107 79 2
99 108 87 2
102 111 94 2
107 109 96 2
106 108 95 2
103 109 95 2
104 113 96 2
108 112 95 2
110 112 91 2
113 111 88 2
114 112 87 2
107 113 85 2
99 113 80 2
98 114 78 2
99 115 78 2
103 113 78 2
103 110 76 2
100 109 78 2
98 108 81 2
95 105 81 2
92 102 78 2
85 99 73 2
80 96 67 2
81 96 65 2
82 95 65 2
83 92 65 2
84 89 66 2
86 87 71 2
86 87 73 2
85 86 72 2
84 86 72 2
80 88 67 2
73 82 61 2
74 83 66 2
73 79 67 2
76 78 73 2
77 79 74 2
79 82 75 2
79 82 73 2
77 83 73 2
76 82 72 2
74 82 71 2
75 83 72 2
72 82 71 2
71 81 70 2
69 79 68 2
67 77 66 2
67 78 64 2
67 78 64 2
66 77 63 2
67 78 64 2
69 80 66 2
68 79 65 2
77 85 70 2
77 86 69 2
79 88 71 2
80 89 72 2
80 89 72 2
79 88 71 2
80 89 72 2
82 91 74 2
81 90 73 2
80 89 72 2
79 88 71 2
78 87 70 2
76 85 68 2
74 83 66 2
72 81 64 2
70 79 60 2
67 79 57 2
69 81 59 2
64 76 56 2
64 76 54 2
64 74 49 2
60 71 39 2
63 75 35 2
89 102 56 2
116 149 70 2
118 151 72 2
119 152 71 2
113 147 63 2
101 136 46 2
90 125 31 2
92 128 30 2
99 135 37 2
101 135 40 2
111 145 51 2
119 152 63 2
120 153 66 2
116 148 65 2
110 141 63 2
111 141 67 2
118 146 72 2
117 139 66 2
117 137 66 2
117 138 69 2
118 140 75 2
114 138 76 2
110 134 76 2
107 132 77 2
108 132 80 2
106 130 82 2
110 133 87 2
112 134 88 2
111 129 87 2
109 126 84 2
106 123 81 2
103 118 77 2
101 114 70 2
102 116 65 2
100 117 63 2
103 122 67 2
102 122 69 2
102 122 73 2
105 122 77 2
108 121 78 2
111 122 82 2
113 119 83 2
108 114 80 2
102 109 76 2
99 108 79 2
103 111 88 2
109 113 96 2
113 110 95 2
110 106 94 2
107 108 94 2
108 113 93 2
110 115 92 2
111 115 88 2
116 116 88 2
115 118 87 2
108 119 87 2
102 118 82 2
103 121 83 2
105 121 82 2
110 118 77 2
108 116 75 2
105 115 78 2
103 114 80 2
102 111 84 2
97 107 82 2
93 106 80 2
88 103 72 2
87 102 69 2
88 102 67 2
87 98 64 2
86 95 64 2
89 93 70 2
90 92 71 2
90 92 71 2
88 91 70 2
83 91 67 2
76 86 62 2
78 87 68 2
76 82 68 2
80 81 76 2
81 81 79 2
81 84 77 2
81 84 75 2
78 84 74 2
78 84 74 2
77 85 74 2
78 86 75 2
77 85 74 2
74 84 73 2
70 80 69 2
68 79 65 2
68 79 65 2
68 79 65 2
67 78 64 2
69 80 64 2
70 81 67 2
69 80 64 2
75 84 67 2
77 86 69 2
79 88 71 2
80 89 72 2
78 87 70 2
77 86 69 2
79 88 71 2
82 91 74 2
81 90 73 2
79 88 71 2
78 87 70 2
78 87 70 2
78 87 70 2
75 84 67 2
72 81 64 2
69 78 59 2
67 79 57 2
69 81 57 2
64 76 54 2
63 75 53 2
63 73 48 2
60 71 37 2
64 77 34 2
92 105 59 2
108 139 61 2
110 141 61 2
109 141 56 2
99 132 43 2
87 120 29 2
88 121 30 2
99 133 39 2
106 140 45 2
110 146 50 2
119 154 60 2
115 150 60 2
115 149 63 2
110 143 64 2
107 139 64 2
107 139 64 2
117 145 71 2
118 140 67 2
118 138 67 2
119 140 71 2
118 141 73 2
115 140 75 2
118 142 82 2
115 140 83 2
106 130 78 2
103 127 79 2
104 128 80 2
104 126 79 2
101 120 75 2
98 115 71 2
96 113 68 2
99 115 70 2
101 117 70 2
105 122 70 2
103 120 66 2
103 120 66 2
102 120 68 2
103 121 73 2
108 124 79 2
113 124 82 2
114 122 83 2
113 121 84 2
112 122 87 2
100 111 77 2
102 111 82 2
110 114 89 2
107 105 84 2
120 109 91 2
185 169 154 2
184 172 156 2
143 138 116 2
112 117 85 2
116 124 87 2
110 118 79 2
118 126 87 2
106 118 80 2
110 124 88 2
110 125 86 2
108 123 82 2
115 126 83 2
107 120 74 2
101 118 73 2
106 121 78 2
106 113 79 2
107 114 83 2
103 112 85 2
94 107 77 2
96 110 74 2
95 112 70 2
93 108 67 2
95 107 67 2
99 106 72 2
91 96 66 2
93 97 70 2
89 95 67 2
84 93 66 2
81 91 66 2
80 88 67 2
80 84 70 2
81 80 76 2
81 80 76 2
80 81 73 2
82 85 74 2
80 86 74 2
78 84 72 2
79 85 73 2
78 86 73 2
77 85 72 2
77 85 72 2
75 83 70 2
73 81 66 2
70 81 65 2
69 80 64 2
70 81 65 2
70 81 64 2
70 81 65 2
69 80 63 2
77 86 69 2
78 87 68 2
79 88 69 2
78 87 68 2
78 87 68 2
79 88 69 2
82 91 72 2
83 92 73 2
82 91 72 2
77 86 67 2
79 88 69 2
79 88 69 2
73 82 63 2
74 83 64 2
76 85 66 2
69 78 59 2
67 79 57 2
65 77 53 2
66 78 56 2
62 74 50 2
60 70 43 2
59 70 36 2
69 82 39 2
94 108 59 2
104 135 55 2
100 132 49 2
93 126 35 2
86 120 26 2
89 122 31 2
101 134 43 2
108 141 52 2
107 140 49 2
116 152 56 2
122 158 62 2
118 153 63 2
109 143 59 2
113 145 70 2
107 139 66 2
108 140 65 2
110 141 65 2
114 138 64 2
117 139 66 2
121 144 72 2
119 144 76 2
114 139 74 2
113 137 75 2
108 133 75 2
100 125 70 2
97 120 68 2
95 117 68 2
95 115 66 2
93 111 63 2
92 110 62 2
93 111 63 2
96 112 65 2
98 115 63 2
104 121 67 2
103 120 65 2
105 122 67 2
107 124 70 2
107 123 74 2
111 124 78 2
117 126 83 2
117 125 84 2
109 120 80 2
110 122 86 2
109 120 86 2
107 114 81 2
106 102 73 2
184 170 144 2
247 225 202 2
220 193 172 2
215 190 168 2
255 251 225 2
107 103 68 2
124 128 91 2
128 134 96 2
115 125 88 2
110 121 87 2
114 125 91 2
107 119 81 2
116 129 86 2
113 127 78 2
112 129 77 2
108 126 76 2
111 127 80 2
116 122 86 2
97 98 67 2
102 105 78 2
85 89 62 2
108 118 81 2
100 116 71 2
98 116 66 2
91 107 58 2
97 108 65 2
98 104 66 2
97 103 69 2
92 99 68 2
87 96 67 2
84 94 69 2
82 90 69 2
82 86 71 2
82 82 74 2
82 81 76 2
82 83 75 2
83 86 75 2
80 86 74 2
78 84 72 2
79 85 73 2
80 86 74 2
78 86 73 2
79 87 72 2
75 83 68 2
74 83 66 2
73 82 65 2
70 81 64 2
72 81 64 2
71 83 63 2
75 84 65 2
76 85 66 2
79 88 69 2
81 90 69 2
81 90 71 2
80 89 68 2
79 88 69 2
80 89 68 2
82 91 72 2
83 92 71 2
81 90 71 2
78 87 66 2
79 88 69 2
78 87 66 2
72 81 62 2
72 81 60 2
74 83 64 2
69 78 57 2
69 79 55 2
64 76 52 2
65 77 53 2
62 75 49 2
60 70 43 2
58 70 34 2
69 82 38 2
94 108 57 2
101 130 48 2
90 120 34 2
80 111 17 2
81 113 16 2
94 128 34 2
108 141 52 2
112 145 58 2
109 142 53 2
118 154 58 2
126 162 66 2
117 152 62 2
105 138 57 2
113 145 72 2
108 139 69 2
107 139 64 2
108 139 63 2
115 141 67 2
119 143 69 2
122 145 73 2
117 143 72 2
111 136 70 2
106 132 67 2
101 125 65 2
93 117 59 2
96 117 61 2
94 112 60 2
90 108 58 2
90 106 57 2
91 107 58 2
94 111 59 2
97 114 62 2
99 116 62 2
105 120 65 2
105 120 63 2
106 124 64 2
110 128 70 2
112 126 73 2
113 125 75 2
118 126 79 2
118 127 82 2
117 129 89 2
113 128 89 2
108 118 83 2
110 111 77 2
174 159 126 2
220 193 163 2
202 168 140 2
210 173 144 2
210 171 140 2
210 177 146 2
239 220 188 2
151 144 115 2
133 131 106 2
118 122 99 2
116 121 99 2
115 124 97 2
117 127 92 2
117 128 85 2
119 131 81 2
117 131 78 2
114 128 77 2
118 127 84 2
98 99 67 2
225 219 193 2
250 239 217 2
240 234 208 2
98 102 65 2
109 121 73 2
99 118 63 2
100 119 63 2
101 115 64 2
98 107 62 2
101 107 69 2
97 104 71 2
91 100 71 2
88 96 72 2
85 93 72 2
85 89 74 2
85 85 73 2
84 84 74 2
82 85 74 2
81 87 75 2
80 86 74 2
78 84 72 2
80 86 72 2
81 87 73 2
81 87 73 2
82 89 73 2
77 84 68 2
77 84 66 2
76 83 65 2
74 83 62 2
75 83 62 2
75 84 63 2
79 87 66 2
82 90 69 2
81 89 68 2
84 92 69 2
84 92 71 2
81 89 66 2
80 88 67 2
82 90 67 2
84 92 71 2
83 91 68 2
82 90 69 2
80 88 65 2
82 90 69 2
79 87 64 2
72 80 59 2
72 80 57 2
74 82 61 2
71 81 57 2
69 79 54 2
66 76 51 2
66 76 51 2
65 75 48 2
60 71 41 2
58 70 32 2
71 84 38 2
94 108 55 2
93 123 37 2
83 113 23 2
78 110 13 2
88 120 21 2
102 133 40 2
106 139 50 2
109 142 55 2
113 146 59 2
116 151 57 2
129 164 70 2
115 149 62 2
107 140 61 2
107 138 68 2
106 137 69 2
101 133 58 2
108 139 63 2
119 146 69 2
118 145 68 2
115 141 67 2
111 137 64 2
106 133 64 2
102 129 62 2
97 121 59 2
92 113 54 2
98 117 61 2
96 113 58 2
92 109 55 2
91 108 54 2
93 110 56 2
96 113 59 2
100 117 63 2
103 120 65 2
108 123 64 2
107 123 61 2
109 127 65 2
114 132 72 2
117 132 75 2
117 130 76 2
120 128 77 2
119 128 81 2
116 131 90 2
110 124 88 2
114 120 86 2
151 142 109 2
207 178 144 2
177 134 99 2
188 142 108 2
229 180 147 2
235 186 154 2
186 143 111 2
255 240 212 2
231 207 181 2
205 190 171 2
172 166 150 2
156 157 143 2
149 156 138 2
152 161 134 2
147 154 120 2
130 136 92 2
125 127 80 2
148 147 103 2
136 132 94 2
165 158 129 2
255 240 217 2
186 164 141 2
205 185 158 2
219 214 176 2
102 110 61 2
104 121 66 2
100 119 63 2
110 124 71 2
102 114 66 2
104 111 70 2
100 106 70 2
95 102 71 2
90 98 74 2
88 96 73 2
87 91 74 2
87 88 74 2
86 86 74 2
83 86 75 2
82 88 76 2
80 86 74 2
80 86 72 2
82 88 74 2
83 90 74 2
82 89 73 2
84 91 73 2
79 86 68 2
79 87 66 2
79 87 66 2
78 86 63 2
79 84 62 2
78 86 62 2
82 87 64 2
82 90 66 2
83 91 67 2
85 93 69 2
85 93 69 2
83 91 67 2
83 91 67 2
86 94 70 2
87 95 71 2
84 92 68 2
83 91 67 2
82 90 66 2
83 91 67 2
80 88 64 2
73 81 57 2
72 80 56 2
74 82 58 2
73 81 57 2
69 79 52 2
66 77 47 2
66 76 49 2
65 76 46 2
60 71 37 2
58 70 30 2
74 88 39 2
96 111 56 2
85 114 24 2
83 112 20 2
86 116 18 2
96 128 29 2
106 137 44 2
107 137 49 2
107 139 54 2
115 147 62 2
114 149 59 2
131 166 76 2
120 154 70 2
110 142 66 2
104 135 65 2
99 130 60 2
97 129 56 2
110 141 65 2
118 146 69 2
117 145 68 2
111 139 62 2
104 132 57 2
101 129 55 2
98 125 54 2
96 121 55 2
95 117 53 2
97 115 55 2
97 112 53 2
95 110 53 2
95 110 53 2
96 111 56 2
98 113 58 2
101 118 63 2
106 124 66 2
115 131 69 2
112 128 65 2
111 132 67 2
117 137 74 2
119 139 78 2
121 136 79 2
123 133 80 2
118 130 80 2
111 128 86 2
125 136 102 2
110 109 79 2
212 193 163 2
160 116 81 2
177 119 82 2
180 120 84 2
220 164 131 2
233 179 153 2
200 150 125 2
210 156 130 2
222 174 151 2
219 184 164 2
223 204 189 2
217 215 203 2
210 217 209 2
208 218 207 2
203 207 190 2
220 210 185 2
191 172 140 2
216 190 157 2
190 163 133 2
245 224 197 2
208 184 158 2
185 148 121 2
203 170 137 2
228 213 174 2
116 115 69 2
110 122 72 2
113 131 79 2
104 118 67 2
107 119 71 2
105 112 68 2
101 108 67 2
96 103 69 2
94 101 70 2
90 98 74 2
90 95 73 2
89 92 73 2
88 90 76 2
84 88 74 2
82 88 76 2
81 87 73 2
81 87 73 2
84 90 76 2
84 91 75 2
85 89 74 2
86 90 73 2
83 88 68 2
83 88 66 2
82 87 64 2
81 87 61 2
82 86 61 2
82 88 62 2
85 89 62 2
86 92 64 2
87 96 69 2
87 97 70 2
86 96 69 2
84 94 67 2
86 96 69 2
88 98 71 2
87 97 70 2
84 94 67 2
81 91 64 2
81 91 64 2
81 91 64 2
78 88 61 2
74 84 57 2
73 83 56 2
73 83 56 2
72 83 53 2
70 79 48 2
68 77 46 2
67 78 48 2
66 77 45 2
60 72 36 2
60 73 29 2
76 93 39 2
94 112 54 2
80 109 16 2
88 118 22 2
93 123 25 2
98 128 30 2
106 137 44 2
110 140 52 2
108 140 55 2
110 142 57 2
109 143 56 2
128 162 76 2
128 161 80 2
112 144 68 2
108 140 67 2
99 130 60 2
104 136 63 2
113 145 69 2
114 145 67 2
116 145 65 2
110 138 61 2
101 129 52 2
96 124 49 2
93 119 46 2
94 117 49 2
97 118 53 2
98 114 51 2
98 112 51 2
98 112 51 2
99 113 54 2
100 114 55 2
102 117 60 2
105 123 65 2
113 128 69 2
120 134 72 2
117 133 68 2
115 136 71 2
117 139 75 2
119 141 79 2
122 142 81 2
124 139 82 2
120 134 83 2
120 138 98 2
116 127 95 2
144 136 113 2
206 176 152 2
157 98 66 2
204 131 96 2
211 141 105 2
227 162 130 2
197 141 116 2
232 175 155 2
164 100 75 2
147 87 61 2
177 131 108 2
233 206 187 2
219 210 201 2
211 213 208 2
223 227 226 2
217 216 211 2
233 213 202 2
155 122 103 2
144 99 76 2
137 91 65 2
255 227 200 2
221 182 151 2
236 186 151 2
220 175 136 2
220 195 155 2
197 190 148 2
117 126 83 2
116 132 87 2
111 124 78 2
109 121 73 2
107 115 68 2
104 110 66 2
99 106 65 2
96 103 69 2
92 101 72 2
90 98 74 2
91 94 75 2
90 93 76 2
84 90 76 2
83 89 77 2
81 87 73 2
82 88 74 2
85 92 76 2
84 91 75 2
85 89 72 2
85 90 70 2
86 91 69 2
85 90 67 2
84 88 63 2
82 86 59 2
83 87 60 2
85 90 60 2
89 94 64 2
91 98 67 2
90 99 68 2
88 99 67 2
87 98 68 2
86 97 65 2
87 98 68 2
88 99 67 2
86 97 67 2
83 94 62 2
81 92 62 2
82 93 61 2
81 92 62 2
78 89 57 2
76 87 57 2
74 85 53 2
73 84 54 2
71 82 50 2
70 80 46 2
70 80 45 2
68 79 45 2
68 80 44 2
62 74 34 2
63 79 32 2
80 97 42 2
92 110 48 2
86 113 16 2
97 124 27 2
98 128 30 2
98 128 32 2
105 136 42 2
108 138 48 2
101 134 47 2
99 131 46 2
100 134 50 2
122 155 74 2
126 159 80 2
110 142 66 2
107 139 66 2
105 137 64 2
112 144 71 2
114 146 71 2
110 141 63 2
109 140 60 2
102 133 53 2
94 125 47 2
94 122 47 2
93 119 46 2
95 118 46 2
99 119 50 2
103 118 53 2
102 114 52 2
101 113 51 2
104 115 55 2
106 120 59 2
109 124 65 2
112 130 70 2
118 134 72 2
124 136 74 2
122 137 72 2
119 141 76 2
117 143 78 2
117 143 80 2
122 146 84 2
127 145 87 2
124 140 91 2
121 138 102 2
122 130 106 2
212 196 181 2
161 119 103 2
157 86 58 2
188 104 70 2
197 119 83 2
215 144 112 2
145 83 58 2
184 124 100 2
151 86 58 2
138 77 48 2
190 143 115 2
225 193 170 2
220 206 193 2
224 219 215 2
209 204 208 2
232 221 225 2
207 182 178 2
89 49 39 2
116 59 42 2
134 72 49 2
245 188 158 2
255 198 161 2
227 163 119 2
193 136 91 2
198 163 123 2
255 242 205 2
184 188 153 2
111 123 87 2
126 138 100 2
112 123 80 2
112 118 70 2
108 115 64 2
102 110 63 2
99 108 65 2
95 105 71 2
92 101 74 2
92 97 77 2
90 94 79 2
85 91 77 2
83 91 78 2
81 87 73 2
81 87 73 2
84 91 75 2
84 91 75 2
84 88 71 2
85 90 70 2
88 92 69 2
87 91 66 2
87 90 63 2
86 89 60 2
85 88 59 2
88 91 60 2
93 96 65 2
96 101 69 2
93 103 69 2
90 101 67 2
90 101 69 2
90 101 67 2
90 101 69 2
88 99 65 2
87 98 66 2
86 97 63 2
85 96 64 2
86 97 63 2
85 96 64 2
83 94 60 2
81 92 60 2
78 89 55 2
75 86 54 2
74 85 51 2
71 81 44 2
73 83 46 2
72 82 47 2
71 83 45 2
68 81 38 2
71 87 38 2
86 104 46 2
89 110 45 2
93 121 19 2
102 130 30 2
102 132 34 2
102 131 38 2
105 135 45 2
102 132 46 2
91 123 40 2
89 120 40 2
92 125 46 2
118 151 72 2
119 151 75 2
108 140 65 2
100 132 57 2
109 141 68 2
111 143 70 2
108 140 65 2
105 136 56 2
101 133 50 2
92 123 43 2
89 118 38 2
95 123 46 2
99 125 51 2
100 122 50 2
103 123 52 2
106 121 54 2
103 115 49 2
101 113 49 2
105 117 55 2
109 123 61 2
114 128 66 2
117 133 71 2
120 136 73 2
123 138 73 2
126 142 79 2
125 145 84 2
123 144 85 2
122 143 86 2
127 146 91 2
134 148 97 2
133 146 103 2
140 153 127 2
161 164 147 2
202 182 171 2
160 114 99 2
159 85 60 2
171 84 56 2
224 143 116 2
219 145 120 2
119 57 36 2
108 50 28 2
104 43 15 2
143 86 57 2
185 141 114 2
190 162 140 2
166 150 137 2
176 169 163 2
162 158 159 2
182 171 175 2
143 114 116 2
98 53 48 2
118 54 42 2
128 56 32 2
166 93 60 2
205 132 91 2
205 128 82 2
177 111 63 2
178 133 91 2
244 220 184 2
235 230 201 2
206 210 185 2
131 137 109 2
139 145 109 2
115 121 75 2
111 118 67 2
104 114 64 2
98 111 67 2
96 108 70 2
93 104 74 2
91 99 78 2
89 96 80 2
87 93 79 2
85 91 77 2
81 87 73 2
81 88 72 2
84 91 75 2
83 90 72 2
84 89 69 2
85 90 68 2
88 92 67 2
89 93 66 2
91 94 65 2
89 92 61 2
88 92 59 2
89 93 58 2
94 98 63 2
97 103 67 2
97 105 68 2
94 104 69 2
95 105 70 2
95 107 71 2
94 106 70 2
91 103 67 2
90 102 66 2
90 104 68 2
89 101 65 2
92 104 68 2
91 103 67 2
88 100 64 2
87 99 63 2
84 94 59 2
80 90 55 2
79 89 54 2
74 82 45 2
77 85 46 2
76 84 45 2
76 87 45 2
73 86 40 2
79 93 40 2
90 108 48 2
89 108 44 2
99 127 24 2
100 128 26 2
105 135 37 2
109 138 46 2
105 134 50 2
98 127 47 2
92 123 47 2
89 119 45 2
98 130 57 2
113 145 70 2
108 140 65 2
103 135 60 2
105 135 61 2
108 138 64 2
112 142 68 2
101 132 56 2
99 128 46 2
96 125 41 2
96 125 43 2
100 127 48 2
103 127 51 2
103 125 50 2
104 124 52 2
109 126 55 2
103 118 49 2
101 116 47 2
106 121 54 2
112 127 60 2
113 128 63 2
119 134 69 2
123 140 72 2
120 140 71 2
122 143 76 2
124 144 81 2
126 143 88 2
126 138 90 2
144 151 109 2
138 142 105 2
157 163 129 2
162 166 141 2
194 197 186 2
197 192 186 2
255 232 225 2
119 76 60 2
138 72 46 2
151 74 48 2
187 107 96 2
133 58 52 2
99 37 26 2
100 47 31 2
81 31 8 2
119 74 51 2
116 85 64 2
150 128 114 2
163 150 142 2
98 93 89 2
131 136 132 2
98 94 91 2
80 52 51 2
105 57 53 2
106 44 29 2
109 35 8 2
163 78 41 2
213 124 80 2
215 130 89 2
193 118 76 2
199 145 98 2
225 190 148 2
233 215 193 2
236 228 215 2
235 229 215 2
164 162 139 2
125 128 85 2
113 121 70 2
103 118 75 2
96 112 73 2
98 115 73 2
90 104 69 2
94 106 82 2
87 96 79 2
91 95 81 2
88 92 78 2
84 88 74 2
83 87 72 2
84 88 71 2
84 89 69 2
83 88 66 2
82 87 64 2
87 91 64 2
90 95 65 2
90 94 61 2
91 95 60 2
94 96 59 2
96 98 59 2
100 102 63 2
98 103 62 2
99 106 64 2
103 111 70 2
106 114 75 2
100 111 71 2
97 109 71 2
97 109 71 2
94 109 70 2
90 106 67 2
93 108 67 2
95 110 69 2
96 108 68 2
92 104 64 2
90 101 61 2
91 99 60 2
88 96 59 2
85 91 55 2
83 87 52 2
86 90 53 2
81 88 47 2
86 93 49 2
84 94 42 2
88 99 43 2
100 114 53 2
94 110 47 2
91 122 18 2
98 128 28 2
108 137 44 2
111 141 53 2
107 136 54 2
100 131 55 2
97 127 55 2
94 125 55 2
99 130 60 2
113 145 72 2
110 142 67 2
107 139 63 2
107 138 62 2
103 134 58 2
101 132 56 2
93 124 46 2
98 127 45 2
98 127 43 2
101 128 47 2
103 130 51 2
107 129 54 2
105 127 52 2
106 123 52 2
107 124 53 2
104 120 49 2
107 123 52 2
108 124 53 2
110 125 56 2
117 132 65 2
124 141 71 2
126 143 72 2
124 144 72 2
122 145 75 2
143 163 100 2
128 140 92 2
143 148 108 2
183 180 147 2
212 207 178 2
223 219 194 2
213 210 193 2
211 206 200 2
225 214 212 2
255 242 236 2
164 128 114 2
136 86 63 2
113 52 33 2
133 66 60 2
119 53 54 2
106 51 46 2
81 33 23 2
74 32 16 2
103 70 53 2
192 170 156 2
186 172 161 2
152 141 135 2
133 130 125 2
117 122 115 2
123 122 117 2
133 109 107 2
79 38 32 2
93 40 22 2
111 44 15 2
166 77 37 2
247 152 106 2
220 131 89 2
197 120 76 2
193 137 88 2
219 180 137 2
234 209 187 2
215 199 186 2
249 236 227 2
238 233 214 2
185 187 150 2
131 140 97 2
93 108 69 2
102 118 79 2
96 111 68 2
100 112 74 2
93 98 75 2
96 100 83 2
91 93 79 2
88 90 76 2
84 88 73 2
82 86 69 2
82 87 67 2
83 88 66 2
83 88 65 2
83 89 63 2
87 92 62 2
91 96 64 2
92 96 61 2
94 98 61 2
98 100 60 2
100 103 60 2
105 108 65 2
105 108 63 2
107 113 69 2
109 116 72 2
111 118 76 2
109 117 76 2
103 114 72 2
100 113 70 2
99 114 73 2
99 116 72 2
99 116 72 2
101 117 72 2
100 113 69 2
97 108 65 2
97 106 63 2
96 104 63 2
94 101 60 2
92 96 59 2
95 97 60 2
92 94 55 2
92 95 52 2
90 96 48 2
88 97 44 2
99 108 51 2
106 117 57 2
97 111 49 2
86 118 19 2
96 130 33 2
108 141 50 2
110 143 56 2
106 137 57 2
101 133 58 2
100 132 59 2
99 130 60 2
102 134 61 2
116 148 73 2
113 144 68 2
107 138 60 2
104 132 55 2
93 121 44 2
90 118 41 2
88 117 37 2
98 127 47 2
100 129 49 2
104 131 52 2
105 132 55 2
106 128 53 2
104 126 53 2
105 122 51 2
104 121 50 2
107 123 50 2
111 127 54 2
112 128 55 2
118 134 61 2
126 143 72 2
125 142 71 2
123 141 67 2
127 147 75 2
127 147 78 2
142 156 97 2
142 145 102 2
184 181 148 2
208 199 170 2
201 189 163 2
187 175 153 2
179 163 147 2
160 143 136 2
185 167 163 2
255 250 243 2
250 230 219 2
191 164 147 2
103 70 55 2
108 65 58 2
102 54 50 2
94 49 44 2
82 43 36 2
110 77 70 2
171 146 139 2
206 189 181 2
201 191 182 2
196 187 178 2
150 146 137 2
173 172 167 2
188 183 177 2
187 169 165 2
210 182 171 2
97 61 37 2
108 54 20 2
176 95 52 2
226 134 87 2
195 109 58 2
180 108 58 2
181 133 87 2
241 207 169 2
212 186 159 2
242 224 204 2
228 212 196 2
255 250 232 2
254 255 234 2
134 143 114 2
119 131 95 2
103 114 72 2
103 110 68 2
103 105 66 2
104 100 73 2
102 97 77 2
93 94 78 2
90 93 76 2
87 90 73 2
84 87 68 2
83 86 67 2
84 87 66 2
85 89 64 2
86 90 63 2
90 93 62 2
94 98 65 2
97 99 62 2
101 103 64 2
104 105 65 2
106 107 65 2
111 112 68 2
110 113 66 2
114 120 74 2
115 123 76 2
117 124 80 2
116 125 82 2
110 121 78 2
106 119 75 2
105 120 77 2
108 124 79 2
111 127 82 2
109 125 78 2
108 121 75 2
104 116 70 2
103 112 67 2
102 109 67 2
102 107 66 2
99 104 64 2
105 107 68 2
98 100 60 2
100 103 58 2
94 101 50 2
93 102 47 2
111 121 61 2
115 127 65 2
102 114 50 2
83 118 24 2
96 131 39 2
105 139 52 2
103 138 54 2
102 135 56 2
100 134 58 2
100 134 60 2
99 133 59 2
109 141 66 2
119 151 75 2
112 143 65 2
100 131 51 2
93 122 42 2
84 113 31 2
86 115 33 2
93 122 42 2
102 131 51 2
104 132 55 2
105 132 55 2
103 129 55 2
103 127 53 2
102 124 51 2
101 121 49 2
101 119 45 2
105 123 47 2
115 133 57 2
120 137 59 2
121 140 61 2
125 143 67 2
126 147 70 2
125 146 69 2
126 146 74 2
149 163 101 2
157 164 113 2
196 192 157 2
200 186 160 2
170 154 129 2
153 132 111 2
159 136 120 2
153 126 115 2
130 101 95 2
130 101 97 2
172 149 141 2
224 206 196 2
212 194 184 2
132 108 98 2
115 80 74 2
123 84 77 2
86 47 40 2
125 88 82 2
163 134 130 2
198 175 169 2
185 168 160 2
208 196 184 2
183 173 161 2
186 178 167 2
158 149 142 2
196 186 177 2
223 206 198 2
242 221 204 2
246 217 187 2
140 95 56 2
148 73 31 2
194 110 63 2
208 128 79 2
177 111 63 2
204 160 121 2
233 203 169 2
187 157 129 2
221 197 171 2
227 207 183 2
234 221 202 2
255 255 240 2
194 202 179 2
100 110 75 2
110 119 76 2
106 112 68 2
108 109 69 2
110 105 76 2
100 94 72 2
98 97 77 2
93 96 77 2
90 93 74 2
88 91 70 2
88 91 70 2
89 93 70 2
90 94 67 2
91 94 65 2
95 99 66 2
99 103 68 2
102 104 65 2
106 108 68 2
109 110 68 2
109 110 66 2
114 116 69 2
114 116 67 2
118 122 72 2
119 125 77 2
121 129 82 2
121 130 83 2
116 128 82 2
111 124 78 2
111 124 78 2
111 127 80 2
118 134 87 2
118 132 83 2
115 129 80 2
111 123 73 2
109 118 71 2
107 115 68 2
106 112 68 2
107 110 67 2
110 111 69 2
104 105 61 2
105 107 60 2
101 105 54 2
100 108 51 2
119 129 69 2
124 134 73 2
103 115 51 2
85 121 33 2
96 132 44 2
100 135 51 2
95 132 52 2
99 133 57 2
100 137 60 2
100 136 62 2
100 137 60 2
112 147 67 2
115 148 67 2
104 136 53 2
91 123 38 2
89 118 34 2
89 118 34 2
96 124 40 2
103 130 49 2
106 134 57 2
106 134 59 2
106 132 58 2
103 129 56 2
104 127 55 2
104 126 53 2
103 123 51 2
101 122 47 2
110 131 54 2
110 131 52 2
118 137 56 2
122 144 62 2
122 144 62 2
123 146 66 2
128 151 73 2
130 150 81 2
165 177 127 2
208 208 172 2
172 156 131 2
175 149 132 2
150 123 106 2
145 116 102 2
134 101 94 2
117 79 76 2
122 78 75 2
115 71 68 2
108 71 63 2
119 89 81 2
158 133 128 2
137 108 104 2
137 98 91 2
108 65 56 2
129 86 77 2
159 121 110 2
150 117 108 2
167 139 128 2
194 168 153 2
186 167 150 2
189 176 157 2
201 190 172 2
159 147 133 2
167 151 138 2
213 194 177 2
210 186 160 2
239 209 173 2
248 203 162 2
168 101 59 2
166 91 51 2
215 148 105 2
250 194 157 2
255 239 213 2
239 207 184 2
210 176 149 2
213 182 153 2
208 179 147 2
222 201 174 2
254 247 231 2
248 251 232 2
168 178 141 2
99 111 65 2
101 113 67 2
105 113 72 2
100 103 74 2
102 102 78 2
100 102 80 2
98 100 78 2
95 97 75 2
94 96 72 2
95 97 73 2
96 99 72 2
96 99 70 2
98 99 68 2
101 102 68 2
104 106 69 2
106 107 67 2
110 111 69 2
114 113 67 2
115 114 66 2
119 118 70 2
117 119 69 2
120 124 73 2
122 129 77 2
124 132 81 2
123 131 82 2
120 129 82 2
116 128 80 2
115 129 80 2
114 128 77 2
120 134 83 2
120 134 81 2
120 133 80 2
119 129 77 2
115 123 74 2
110 118 69 2
109 115 69 2
111 114 69 2
110 111 67 2
109 111 64 2
107 109 60 2
107 112 58 2
106 114 55 2
120 130 69 2
129 139 76 2
104 114 51 2
87 122 38 2
94 132 47 2
95 132 52 2
93 130 52 2
99 136 59 2
104 141 64 2
103 140 63 2
103 140 62 2
110 145 63 2
104 138 54 2
94 126 41 2
90 123 36 2
96 126 40 2
103 133 47 2
107 135 51 2
109 136 55 2
108 136 59 2
107 135 60 2
107 133 59 2
108 134 61 2
110 133 61 2
110 133 61 2
110 132 57 2
110 131 54 2
117 138 59 2
113 134 55 2
119 141 59 2
126 150 66 2
125 149 65 2
128 151 69 2
133 155 80 2
132 150 88 2
173 178 138 2
169 162 136 2
148 125 107 2
153 121 108 2
133 101 88 2
142 109 100 2
111 77 75 2
123 85 84 2
103 58 55 2
116 71 65 2
106 66 56 2
106 74 63 2
104 76 72 2
119 90 84 2
141 101 91 2
133 89 76 2
138 96 80 2
153 116 100 2
130 98 85 2
151 122 106 2
160 129 109 2
172 144 122 2
188 168 143 2
208 190 166 2
178 160 140 2
202 179 161 2
209 181 157 2
229 196 165 2
209 171 134 2
248 201 159 2
231 169 130 2
169 104 64 2
159 97 60 2
251 196 165 2
211 166 143 2
173 132 112 2
240 198 174 2
194 153 123 2
189 151 115 2
203 172 143 2
235 218 202 2
255 253 237 2
172 179 146 2
117 130 87 2
101 114 70 2
102 113 71 2
106 112 78 2
106 109 82 2
103 105 81 2
101 103 79 2
101 101 77 2
99 102 75 2
103 103 77 2
104 104 76 2
105 106 75 2
105 106 74 2
105 107 70 2
108 108 70 2
110 111 69 2
114 115 71 2
119 118 70 2
120 120 70 2
125 125 75 2
126 126 74 2
124 127 74 2
127 132 78 2
126 133 81 2
124 133 80 2
121 131 79 2
121 131 79 2
120 133 80 2
118 132 79 2
118 133 78 2
119 132 78 2
122 133 77 2
122 133 77 2
119 128 75 2
114 121 69 2
114 118 68 2
113 117 67 2
113 112 66 2
115 114 66 2
109 111 61 2
113 116 61 2
113 118 60 2
121 129 69 2
129 139 76 2
106 116 53 2
90 123 42 2
98 133 51 2
99 134 54 2
98 132 55 2
104 138 62 2
107 141 65 2
104 138 61 2
104 139 59 2
110 144 60 2
98 132 46 2
96 129 40 2
102 135 46 2
110 140 52 2
116 144 57 2
114 142 57 2
111 139 55 2
109 138 58 2
106 137 59 2
108 136 59 2
111 139 64 2
114 140 67 2
116 139 67 2
116 140 64 2
119 142 64 2
117 140 60 2
127 150 70 2
131 154 72 2
126 151 68 2
126 151 67 2
137 162 81 2
144 167 97 2
147 162 107 2
188 185 152 2
135 118 98 2
138 110 96 2
122 90 77 2
132 104 92 2
131 104 95 2
112 89 83 2
142 117 112 2
117 84 75 2
143 109 97 2
152 123 105 2
143 117 100 2
143 121 108 2
137 111 98 2
145 108 90 2
147 106 86 2
132 96 74 2
111 79 58 2
115 88 69 2
116 89 70 2
139 107 84 2
157 123 98 2
181 147 120 2
181 150 122 2
211 184 157 2
196 165 137 2
183 142 114 2
225 179 146 2
215 165 130 2
230 178 139 2
238 185 145 2
206 148 110 2
185 121 86 2
170 105 75 2
132 72 48 2
153 96 76 2
194 139 118 2
182 130 106 2
192 142 109 2
172 129 97 2
201 170 152 2
249 233 217 2
240 242 218 2
123 134 100 2
108 119 77 2
111 120 77 2
110 114 77 2
111 112 80 2
109 109 81 2
108 108 80 2
107 106 78 2
106 107 76 2
109 108 78 2
111 110 79 2
113 113 79 2
114 114 78 2
113 113 75 2
117 115 76 2
117 116 72 2
121 120 74 2
125 123 74 2
125 123 72 2
130 128 77 2
131 131 77 2
126 129 72 2
127 132 74 2
127 135 78 2
126 135 80 2
123 133 80 2
121 131 78 2
120 133 79 2
122 135 79 2
118 132 73 2
118 132 73 2
121 132 74 2
123 134 76 2
122 131 76 2
117 124 70 2
115 119 68 2
114 118 67 2
115 114 66 2
115 114 66 2
112 114 64 2
115 118 63 2
117 122 64 2
124 132 72 2
126 136 73 2
110 121 55 2
92 123 43 2
102 133 53 2
103 136 57 2
103 135 59 2
108 140 64 2
107 139 63 2
102 135 56 2
101 134 53 2
111 145 59 2
99 133 46 2
105 138 47 2
119 149 59 2
122 152 64 2
121 149 62 2
117 145 60 2
112 141 57 2
108 139 59 2
106 137 57 2
109 138 58 2
113 141 64 2
115 141 68 2
115 141 68 2
120 144 68 2
125 149 71 2
130 153 73 2
127 150 70 2
126 151 70 2
134 159 76 2
135 160 77 2
130 154 78 2
145 170 105 2
183 195 147 2
186 177 148 2
120 99 82 2
125 98 87 2
154 129 122 2
153 134 128 2
174 159 154 2
118 105 99 2
141 126 121 2
206 186 177 2
181 161 150 2
192 174 162 2
202 186 171 2
193 175 163 2
159 136 122 2
137 101 85 2
116 78 59 2
121 89 68 2
106 79 60 2
92 73 58 2
96 77 62 2
122 95 78 2
140 105 85 2
144 102 78 2
186 142 115 2
214 175 144 2
198 157 125 2
185 134 103 2
165 110 80 2
212 159 128 2
216 166 133 2
214 166 126 2
219 167 127 2
197 137 101 2
179 114 84 2
142 76 50 2
144 82 59 2
148 87 68 2
162 104 80 2
170 114 79 2
182 132 97 2
176 136 111 2
234 212 191 2
255 255 236 2
182 190 166 2
100 110 73 2
109 118 75 2
116 121 81 2
114 116 79 2
113 112 81 2
113 112 82 2
112 111 81 2
111 110 79 2
112 111 80 2
115 115 81 2
118 118 82 2
121 121 83 2
122 120 81 2
123 121 80 2
122 121 75 2
125 124 76 2
127 125 74 2
127 126 72 2
132 131 77 2
133 134 77 2
125 129 70 2
126 132 72 2
128 136 77 2
131 139 82 2
127 136 79 2
121 132 74 2
121 132 74 2
123 137 78 2
120 134 73 2
118 132 71 2
120 131 71 2
124 134 74 2
125 133 76 2
119 127 70 2
115 120 66 2
113 118 64 2
113 115 66 2
112 111 63 2
113 115 65 2
115 118 63 2
118 123 65 2
127 136 73 2
124 134 71 2
115 126 60 2
94 121 40 2
104 131 52 2
105 134 54 2
107 135 58 2
110 141 63 2
105 136 58 2
92 123 43 2
104 136 53 2
116 149 62 2
117 150 61 2
122 152 62 2
126 156 66 2
123 153 65 2
117 147 59 2
115 143 58 2
110 139 55 2
109 141 58 2
108 142 58 2
111 143 60 2
112 143 63 2
114 142 67 2
117 145 70 2
121 148 69 2
122 149 68 2
129 153 75 2
127 152 71 2
131 156 75 2
137 162 79 2
136 161 78 2
138 162 88 2
150 171 115 2
178 186 147 2
131 115 92 2
134 110 98 2
86 67 63 2
186 174 176 2
186 179 186 2
183 181 186 2
205 203 204 2
171 167 166 2
210 205 202 2
227 222 219 2
224 220 221 2
220 214 214 2
214 203 199 2
195 175 168 2
135 101 92 2
111 74 65 2
95 67 53 2
68 50 38 2
47 42 36 2
94 91 86 2
53 40 34 2
104 76 65 2
131 82 67 2
188 130 108 2
199 149 116 2
202 152 117 2
200 143 114 2
167 109 85 2
143 95 73 2
163 119 92 2
192 150 110 2
207 164 119 2
223 171 131 2
174 118 81 2
161 105 72 2
159 102 73 2
166 110 85 2
162 106 79 2
154 96 58 2
163 110 68 2
163 120 85 2
221 194 167 2
252 243 228 2
185 188 171 2
119 126 93 2
110 118 77 2
118 123 83 2
115 117 78 2
116 116 82 2
119 116 85 2
120 117 86 2
121 118 85 2
122 119 86 2
123 120 85 2
126 124 86 2
128 126 87 2
128 126 85 2
128 127 83 2
130 128 80 2
130 128 79 2
128 128 76 2
130 130 76 2
133 134 77 2
132 133 75 2
128 132 71 2
131 137 75 2
128 136 76 2
128 136 77 2
124 134 74 2
119 130 70 2
122 133 73 2
120 131 71 2
121 133 71 2
118 130 68 2
121 131 70 2
125 135 74 2
125 133 74 2
124 132 73 2
116 121 65 2
114 119 65 2
113 115 66 2
113 115 66 2
116 118 68 2
116 119 64 2
116 121 63 2
127 136 73 2
121 131 68 2
117 128 62 2
100 123 41 2
103 128 47 2
104 129 48 2
106 133 54 2
106 133 54 2
101 128 49 2
94 123 41 2
113 142 58 2
136 166 78 2
123 156 65 2
122 153 60 2
126 157 64 2
121 151 61 2
109 139 51 2
107 135 50 2
108 137 53 2
108 140 55 2
109 143 57 2
113 145 62 2
116 147 67 2
121 149 74 2
124 150 76 2
125 152 73 2
126 151 70 2
125 149 71 2
130 153 73 2
137 160 80 2
137 160 78 2
134 157 75 2
143 165 93 2
157 175 125 2
175 180 148 2
104 87 67 2
94 72 61 2
149 138 136 2
155 153 156 2
198 202 213 2
185 192 202 2
200 204 207 2
216 220 221 2
216 217 219 2
228 227 232 2
224 223 231 2
196 189 196 2
218 200 198 2
156 129 122 2
147 108 101 2
115 74 68 2
85 55 45 2
59 42 35 2
20 18 19 2
105 106 110 2
32 26 26 2
86 61 56 2
120 68 57 2
186 124 103 2
212 156 121 2
194 138 101 2
195 134 105 2
185 129 106 2
122 76 60 2
154 116 95 2
166 128 91 2
198 159 116 2
200 158 118 2
182 139 104 2
175 134 102 2
169 128 100 2
188 142 118 2
167 117 90 2
178 126 87 2
161 112 69 2
163 124 81 2
190 164 131 2
251 239 225 2
223 221 208 2
112 117 87 2
114 120 82 2
112 119 78 2
120 125 85 2
120 120 84 2
123 120 85 2
123 120 87 2
123 120 85 2
123 120 85 2
125 123 85 2
127 125 86 2
129 127 86 2
130 129 85 2
130 129 83 2
131 129 81 2
130 130 78 2
129 129 75 2
130 131 74 2
132 133 75 2
129 133 72 2
127 133 69 2
129 135 71 2
125 134 71 2
126 134 74 2
122 132 72 2
118 128 68 2
120 132 70 2
120 132 70 2
121 133 71 2
118 130 68 2
116 126 65 2
121 131 70 2
123 131 72 2
129 137 78 2
122 127 71 2
115 120 66 2
117 119 70 2
116 118 69 2
118 120 70 2
118 123 67 2
115 123 64 2
126 136 73 2
116 126 63 2
117 128 62 2
106 128 45 2
104 126 43 2
104 126 44 2
108 131 51 2
105 128 48 2
99 124 43 2
100 128 44 2
123 153 67 2
140 170 80 2
126 157 64 2
121 152 59 2
121 152 59 2
112 142 52 2
99 129 41 2
98 126 41 2
102 131 47 2
104 136 51 2
111 143 60 2
118 147 65 2
122 151 71 2
126 152 79 2
127 153 79 2
127 151 73 2
128 151 69 2
132 155 75 2
138 159 80 2
137 159 77 2
136 158 75 2
141 163 78 2
139 159 87 2
148 164 117 2
173 178 148 2
105 94 72 2
82 70 56 2
140 140 132 2
181 190 187 2
189 200 206 2
196 207 213 2
192 200 202 2
201 207 207 2
210 214 217 2
206 205 210 2
235 225 233 2
187 168 170 2
160 127 118 2
160 118 104 2
161 113 101 2
166 117 110 2
106 67 62 2
76 48 47 2
19 6 13 2
8 3 9 2
44 35 36 2
90 66 62 2
124 74 65 2
177 114 96 2
205 149 114 2
232 177 138 2
216 157 123 2
195 141 115 2
139 100 83 2
25 0 0 2
163 126 97 2
168 132 98 2
179 148 117 2
247 221 194 2
226 210 187 2
231 213 193 2
240 213 194 2
184 148 126 2
205 162 130 2
179 140 101 2
191 162 120 2
164 144 111 2
239 226 210 2
216 210 196 2
144 144 116 2
112 118 80 2
123 129 91 2
116 121 81 2
121 121 85 2
125 121 84 2
125 121 86 2
126 122 85 2
126 122 85 2
128 124 87 2
131 127 89 2
133 130 89 2
135 132 89 2
134 131 86 2
133 132 84 2
132 132 80 2
130 130 76 2
130 133 76 2
131 135 76 2
128 132 71 2
127 133 69 2
126 132 68 2
122 131 68 2
123 132 69 2
119 129 68 2
115 125 64 2
116 128 66 2
119 131 69 2
120 132 70 2
118 130 68 2
113 123 62 2
121 131 70 2
120 128 69 2
133 141 84 2
129 134 80 2
121 125 74 2
117 121 71 2
114 118 68 2
116 120 69 2
116 124 67 2
116 124 65 2
127 137 74 2
113 123 60 2
117 129 63 2
105 125 40 2
99 121 36 2
100 122 39 2
106 129 47 2
103 126 44 2
101 126 43 2
108 136 51 2
128 156 69 2
132 162 72 2
124 155 61 2
119 150 56 2
111 142 48 2
100 131 38 2
95 125 35 2
97 125 38 2
101 129 44 2
104 133 51 2
113 142 62 2
120 147 68 2
124 151 74 2
128 151 79 2
128 151 79 2
126 149 69 2
127 149 67 2
128 147 66 2
129 148 66 2
139 157 73 2
141 159 73 2
142 161 72 2
160 176 101 2
183 195 147 2
184 187 158 2
83 76 57 2
100 94 80 2
134 140 130 2
175 186 182 2
178 192 193 2
184 198 201 2
200 212 212 2
208 218 219 2
200 208 211 2
216 215 220 2
202 190 192 2
190 162 158 2
152 110 94 2
153 105 83 2
164 113 96 2
138 88 77 2
147 102 97 2
90 54 54 2
57 34 40 2
64 48 51 2
93 78 73 2
82 55 46 2
131 79 68 2
181 120 101 2
220 166 128 2
228 175 131 2
231 174 131 2
198 145 111 2
142 101 81 2
95 58 40 2
151 110 88 2
141 101 75 2
188 154 129 2
252 230 207 2
237 228 213 2
251 245 233 2
235 218 208 2
255 235 221 2
208 177 156 2
236 206 178 2
230 210 177 2
191 176 147 2
225 212 196 2
249 240 225 2
142 138 109 2
112 114 77 2
124 126 87 2
124 126 86 2
122 120 82 2
124 120 83 2
125 121 84 2
126 122 85 2
128 124 87 2
130 126 89 2
133 129 91 2
135 132 91 2
137 134 91 2
135 134 88 2
134 133 85 2
130 133 80 2
128 131 76 2
129 133 74 2
131 135 76 2
127 133 71 2
127 133 69 2
121 130 65 2
119 128 65 2
118 128 65 2
116 126 65 2
110 122 60 2
112 124 62 2
117 129 67 2
117 129 67 2
119 131 69 2
113 123 62 2
121 131 71 2
113 121 64 2
128 135 81 2
133 138 84 2
127 131 80 2
118 122 72 2
112 119 68 2
111 118 64 2
111 120 63 2
114 124 64 2
130 142 78 2
113 125 59 2
116 128 62 2
101 124 36 2
102 125 37 2
103 125 40 2
111 135 51 2
110 134 50 2
114 139 55 2
119 147 62 2
129 158 68 2
125 154 62 2
117 146 53 2
111 141 45 2
101 131 35 2
96 126 30 2
100 129 36 2
104 130 39 2
108 134 47 2
109 136 57 2
115 142 65 2
122 146 70 2
125 149 75 2
130 151 82 2
132 152 81 2
130 149 70 2
127 145 61 2
138 153 70 2
135 150 65 2
140 154 66 2
147 160 70 2
156 170 75 2
165 177 95 2
184 191 140 2
188 188 160 2
107 101 87 2
85 82 75 2
147 152 146 2
175 186 182 2
174 184 185 2
182 193 195 2
187 201 204 2
201 215 218 2
213 224 230 2
200 201 205 2
211 196 193 2
186 156 145 2
142 97 74 2
162 112 85 2
157 110 90 2
156 110 95 2
168 124 113 2
126 85 79 2
69 38 36 2
79 50 46 2
78 46 35 2
112 73 56 2
135 82 66 2
187 131 106 2
209 160 120 2
240 190 141 2
228 171 118 2
193 137 90 2
166 117 87 2
163 116 96 2
145 98 80 2
134 87 69 2
169 122 102 2
202 167 148 2
255 238 228 2
246 238 235 2
250 240 239 2
246 232 231 2
245 228 220 2
254 238 225 2
243 231 215 2
188 176 160 2
229 217 203 2
172 161 143 2
125 116 85 2
126 121 81 2
124 119 77 2
126 121 79 2
125 120 80 2
126 121 83 2
128 122 86 2
130 124 88 2
131 126 88 2
133 128 90 2
134 130 92 2
136 133 92 2
135 134 90 2
134 133 87 2
133 132 84 2
127 130 77 2
125 128 73 2
127 133 73 2
129 135 75 2
126 135 72 2
123 132 67 2
118 127 62 2
116 125 62 2
115 125 62 2
111 121 60 2
106 118 56 2
107 119 57 2
113 127 65 2
114 128 66 2
117 131 69 2
111 122 62 2
120 131 71 2
107 116 59 2
121 130 75 2
131 138 86 2
125 132 80 2
120 127 76 2
113 122 69 2
110 119 64 2
109 119 59 2
115 125 64 2
134 146 82 2
119 131 65 2
112 127 60 2
104 127 37 2
109 134 43 2
108 132 46 2
113 139 52 2
114 139 55 2
118 146 61 2
122 150 63 2
122 151 61 2
122 151 59 2
111 141 45 2
111 141 43 2
109 139 41 2
111 141 43 2
115 145 49 2
115 142 49 2
117 143 56 2
121 145 69 2
122 144 72 2
125 147 74 2
129 149 78 2
132 151 85 2
138 155 85 2
136 153 73 2
130 145 60 2
135 149 64 2
136 149 61 2
150 161 69 2
150 160 63 2
151 162 60 2
172 180 94 2
200 200 146 2
176 172 143 2
82 76 62 2
103 100 95 2
128 133 129 2
161 170 169 2
179 189 188 2
179 191 191 2
189 203 206 2
190 203 209 2
198 209 215 2
211 211 213 2
187 170 163 2
164 131 116 2
151 105 82 2
164 114 89 2
151 106 85 2
162 121 103 2
146 109 93 2
162 128 118 2
123 92 87 2
71 38 31 2
100 58 44 2
95 44 25 2
149 90 72 2
165 105 79 2
177 126 83 2
221 170 117 2
211 151 91 2
191 128 74 2
154 94 57 2
136 78 54 2
129 76 58 2
117 66 47 2
164 109 88 2
179 134 113 2
223 200 186 2
253 243 234 2
244 238 238 2
249 245 246 2
252 247 243 2
252 245 237 2
255 252 244 2
201 195 183 2
230 223 205 2
182 175 149 2
121 115 81 2
127 122 80 2
124 120 75 2
123 119 74 2
124 119 79 2
126 121 83 2
129 123 87 2
131 125 89 2
133 128 90 2
134 129 91 2
135 131 93 2
136 133 92 2
134 132 91 2
133 132 86 2
130 132 83 2
125 130 76 2
122 127 71 2
123 131 72 2
127 135 75 2
127 136 73 2
120 129 64 2
115 124 59 2
114 124 61 2
112 122 59 2
106 118 56 2
103 115 53 2
102 116 54 2
110 124 62 2
118 132 70 2
122 136 74 2
116 127 67 2
121 132 74 2
106 115 60 2
119 128 75 2
136 143 92 2
122 130 79 2
122 131 78 2
114 123 68 2
111 120 63 2
109 120 60 2
119 131 67 2
137 149 83 2
127 142 75 2
114 129 62 2
117 142 51 2
126 152 61 2
122 148 61 2
124 150 63 2
126 151 67 2
130 158 73 2
131 159 72 2
128 158 68 2
122 153 59 2
114 146 49 2
120 150 52 2
122 152 52 2
124 152 52 2
126 153 56 2
121 147 50 2
124 148 60 2
129 151 78 2
129 148 82 2
135 155 86 2
138 155 87 2
134 148 86 2
139 151 85 2
142 155 76 2
135 147 63 2
143 153 66 2
147 156 65 2
154 161 65 2
158 165 62 2
169 177 68 2
173 177 83 2
191 189 130 2
187 181 147 2
113 104 87 2
88 81 75 2
123 125 124 2
121 130 129 2
161 172 168 2
168 180 178 2
180 191 193 2
193 202 207 2
199 206 212 2
195 193 194 2
171 152 145 2
124 92 79 2
119 73 58 2
130 79 62 2
123 76 60 2
127 89 70 2
167 142 122 2
189 172 156 2
188 171 164 2
148 120 116 2
98 50 38 2
113 52 34 2
147 80 61 2
163 98 68 2
191 134 91 2
204 147 92 2
219 151 86 2
208 137 75 2
176 103 60 2
156 87 56 2
123 65 43 2
155 101 77 2
162 103 73 2
167 114 82 2
189 155 127 2
224 208 185 2
246 243 234 2
242 247 241 2
247 250 243 2
248 248 238 2
249 246 237 2
199 196 181 2
205 205 179 2
139 143 108 2
122 124 85 2
120 123 80 2
116 122 76 2
121 124 79 2
120 116 78 2
123 118 80 2
127 121 85 2
130 124 88 2
132 126 90 2
132 126 90 2
132 128 90 2
132 129 88 2
129 127 86 2
130 129 83 2
128 130 81 2
122 127 73 2
118 123 67 2
120 128 69 2
125 133 73 2
123 133 70 2
118 129 63 2
115 126 60 2
116 126 63 2
112 122 59 2
105 117 55 2
103 114 54 2
101 115 54 2
110 124 63 2
119 133 72 2
130 144 83 2
128 139 81 2
126 137 79 2
107 116 63 2
119 127 76 2
141 149 100 2
123 131 80 2
122 131 78 2
112 123 65 2
111 122 62 2
113 125 63 2
123 135 71 2
134 149 82 2
134 149 82 2
116 131 62 2
117 140 52 2
128 152 64 2
123 147 59 2
123 149 62 2
124 152 65 2
129 159 71 2
131 161 73 2
128 161 70 2
118 152 58 2
115 146 52 2
121 153 56 2
116 146 48 2
112 139 42 2
113 140 43 2
112 138 41 2
117 141 53 2
131 153 80 2
133 154 89 2
144 163 99 2
141 159 97 2
129 144 85 2
131 146 81 2
142 154 80 2
140 149 68 2
145 153 68 2
150 155 65 2
156 160 63 2
164 167 64 2
178 177 69 2
175 172 75 2
195 188 120 2
196 188 142 2
162 155 129 2
84 80 68 2
130 132 127 2
128 137 134 2
94 105 101 2
160 170 169 2
177 187 189 2
180 187 193 2
193 196 201 2
176 172 173 2
145 126 119 2
108 76 63 2
99 55 42 2
113 66 50 2
112 66 51 2
126 90 74 2
139 124 105 2
187 181 165 2
185 176 169 2
165 146 140 2
106 62 51 2
127 71 56 2
114 53 35 2
165 105 81 2
173 119 83 2
209 155 108 2
204 142 85 2
176 107 52 2
172 99 58 2
230 164 132 2
221 173 150 2
190 144 120 2
186 131 100 2
182 128 90 2
172 133 94 2
208 183 152 2
241 235 219 2
246 249 240 2
244 247 240 2
251 254 245 2
246 244 231 2
190 189 168 2
170 174 141 2
111 118 77 2
122 128 84 2
117 123 79 2
114 121 77 2
116 121 80 2
118 114 76 2
122 116 80 2
128 120 84 2
128 122 86 2
128 122 86 2
127 121 85 2
125 121 83 2
125 121 83 2
123 121 80 2
123 124 80 2
123 127 77 2
118 122 71 2
112 120 63 2
115 123 64 2
119 129 69 2
119 129 68 2
118 128 65 2
116 126 63 2
118 128 67 2
113 123 62 2
106 116 55 2
104 116 54 2
104 115 55 2
113 124 66 2
117 130 74 2
136 150 91 2
138 149 91 2
129 140 82 2
106 115 62 2
117 125 74 2
146 154 105 2
126 134 83 2
124 133 78 2
113 124 64 2
113 125 63 2
116 128 62 2
125 138 69 2
128 143 74 2
134 149 82 2
114 129 62 2
117 132 51 2
107 125 41 2
106 129 41 2
105 131 40 2
110 141 48 2
108 142 48 2
118 153 63 2
112 147 57 2
104 139 49 2
99 134 42 2
102 133 40 2
96 125 32 2
96 123 28 2
98 123 29 2
111 138 43 2
120 146 59 2
131 157 83 2
139 164 99 2
139 163 103 2
135 156 100 2
128 147 91 2
131 149 89 2
141 154 85 2
138 146 71 2
149 152 71 2
166 166 78 2
170 165 71 2
172 167 67 2
180 171 68 2
182 172 75 2
190 178 94 2
192 182 120 2
181 177 139 2
131 133 111 2
119 125 111 2
114 121 113 2
134 143 140 2
137 147 148 2
161 170 177 2
177 184 192 2
180 183 190 2
172 166 168 2
132 113 106 2
87 58 42 2
91 50 30 2
97 55 33 2
106 67 50 2
120 92 78 2
146 136 126 2
174 174 164 2
164 161 156 2
164 153 147 2
128 100 89 2
71 35 23 2
145 107 98 2
140 102 89 2
154 113 91 2
205 161 132 2
160 108 71 2
157 99 62 2
149 89 55 2
242 193 163 2
244 217 198 2
220 195 175 2
183 142 114 2
176 128 92 2
173 128 87 2
200 164 128 2
252 234 214 2
253 246 236 2
250 249 244 2
248 249 241 2
237 239 218 2
200 201 170 2
157 159 120 2
135 138 93 2
126 125 79 2
121 120 76 2
120 121 81 2
115 113 75 2
120 114 78 2
123 115 79 2
125 115 80 2
126 118 82 2
125 120 82 2
125 120 82 2
123 119 81 2
122 118 80 2
122 120 81 2
122 123 81 2
119 122 77 2
116 120 70 2
112 119 65 2
110 119 62 2
112 122 62 2
116 126 65 2
119 131 67 2
118 130 66 2
117 126 69 2
110 119 62 2
114 123 60 2
109 118 55 2
113 121 64 2
116 125 72 2
122 132 82 2
136 146 94 2
140 154 95 2
140 151 91 2
111 120 63 2
123 132 77 2
158 165 114 2
128 135 83 2
119 128 71 2
117 127 66 2
122 133 67 2
116 129 59 2
129 142 70 2
153 166 96 2
116 128 64 2
116 128 66 2
104 117 38 2
93 108 27 2
92 112 25 2
103 129 38 2
106 137 44 2
103 136 45 2
110 144 57 2
100 136 49 2
99 133 49 2
103 137 51 2
101 131 45 2
99 127 40 2
97 123 34 2
111 135 47 2
123 147 61 2
134 159 78 2
137 162 94 2
134 158 98 2
139 162 108 2
136 159 107 2
134 153 98 2
133 151 91 2
136 147 81 2
143 149 75 2
166 167 87 2
171 167 80 2
170 159 67 2
175 163 65 2
188 172 74 2
194 178 80 2
194 177 85 2
187 173 98 2
169 166 115 2
82 83 52 2
80 85 65 2
115 123 112 2
100 109 108 2
115 124 129 2
137 147 156 2
168 177 186 2
169 174 180 2
173 171 172 2
153 138 131 2
108 85 71 2
70 37 18 2
70 35 15 2
85 53 38 2
137 115 102 2
157 150 140 2
159 160 152 2
145 147 136 2
183 179 167 2
130 114 101 2
77 55 44 2
147 126 121 2
162 139 133 2
178 148 137 2
193 158 139 2
214 176 153 2
217 175 150 2
138 94 69 2
255 233 211 2
214 201 185 2
220 207 191 2
200 166 141 2
174 130 95 2
197 150 108 2
211 171 135 2
247 225 204 2
255 249 239 2
248 247 243 2
255 255 248 2
217 219 195 2
155 156 122 2
141 144 101 2
118 120 73 2
128 124 77 2
122 117 75 2
117 113 75 2
115 111 76 2
117 108 75 2
119 108 76 2
120 110 75 2
120 112 76 2
119 114 76 2
119 115 77 2
119 115 77 2
117 115 76 2
116 117 77 2
116 119 76 2
115 118 73 2
111 117 69 2
109 118 65 2
109 118 61 2
112 122 62 2
118 130 68 2
119 134 69 2
114 129 64 2
119 130 70 2
116 126 66 2
112 121 56 2
115 124 59 2
116 124 67 2
126 134 83 2
125 134 87 2
134 144 94 2
140 154 95 2
141 155 94 2
125 136 78 2
121 130 75 2
161 168 116 2
130 137 85 2
122 131 74 2
125 137 75 2
144 157 88 2
116 129 57 2
132 146 71 2
148 164 93 2
114 126 62 2
118 132 70 2
95 112 34 2
90 107 27 2
93 113 26 2
106 131 40 2
105 134 42 2
111 144 55 2
113 146 65 2
98 130 54 2
110 140 66 2
119 147 72 2
114 141 62 2
113 138 57 2
115 140 57 2
129 152 72 2
133 153 81 2
136 155 91 2
137 156 101 2
137 155 105 2
139 157 109 2
137 155 105 2
137 151 98 2
129 143 82 2
134 141 74 2
159 161 86 2
156 154 71 2
164 157 67 2
177 162 67 2
182 166 68 2
189 169 70 2
195 175 76 2
200 180 83 2
201 185 100 2
160 150 91 2
97 92 54 2
43 42 21 2
78 81 74 2
106 114 116 2
112 123 129 2
154 169 174 2
139 154 159 2
148 162 163 2
152 161 158 2
149 146 141 2
139 129 120 2
118 98 87 2
97 73 61 2
116 96 85 2
135 121 110 2
148 142 130 2
158 159 143 2
154 157 138 2
145 147 126 2
139 132 114 2
118 108 96 2
134 124 122 2
43 29 28 2
110 87 79 2
134 108 95 2
160 134 119 2
150 127 109 2
202 179 161 2
255 239 223 2
226 218 207 2
209 197 183 2
231 201 177 2
206 167 134 2
174 132 92 2
214 180 145 2
250 229 210 2
255 248 239 2
253 252 247 2
236 238 227 2
176 176 150 2
135 135 99 2
133 134 92 2
124 123 77 2
125 118 74 2
123 116 74 2
120 115 77 2
113 107 71 2
113 104 71 2
113 104 71 2
113 105 69 2
112 106 70 2
114 109 71 2
114 110 72 2
114 110 72 2
113 111 72 2
113 114 74 2
111 114 71 2
110 113 68 2
108 115 64 2
107 116 63 2
107 116 59 2
110 121 61 2
119 131 69 2
121 136 71 2
116 131 64 2
121 133 69 2
122 133 67 2
116 125 58 2
117 126 61 2
122 130 73 2
133 141 90 2
133 142 95 2
135 147 97 2
142 155 99 2
152 166 107 2
143 153 100 2
124 132 81 2
159 166 114 2
127 136 83 2
116 130 71 2
133 149 86 2
158 175 105 2
116 134 60 2
131 149 73 2
151 169 95 2
111 126 59 2
120 136 71 2
98 117 38 2
90 109 28 2
97 117 32 2
105 128 40 2
108 136 49 2
117 150 63 2
111 144 63 2
106 137 61 2
133 159 86 2
133 157 83 2
123 146 68 2
114 137 57 2
130 154 76 2
143 165 92 2
148 167 101 2
148 163 106 2
142 156 107 2
141 157 110 2
133 147 96 2
136 150 97 2
127 140 84 2
132 142 81 2
155 160 93 2
140 140 66 2
155 148 67 2
162 151 62 2
180 163 71 2
188 167 74 2
191 168 75 2
195 172 78 2
196 173 79 2
199 179 92 2
180 162 96 2
144 133 87 2
62 58 33 2
62 63 55 2
99 104 107 2
115 126 132 2
126 141 144 2
141 157 157 2
143 159 156 2
168 180 176 2
150 155 149 2
158 155 148 2
142 129 121 2
118 103 96 2
131 116 109 2
149 139 129 2
150 144 130 2
122 121 101 2
101 100 79 2
132 131 110 2
138 135 118 2
120 118 106 2
148 147 145 2
56 50 50 2
64 49 42 2
67 49 39 2
140 124 111 2
188 176 162 2
220 208 194 2
237 229 216 2
199 193 181 2
217 205 189 2
231 205 180 2
202 169 136 2
179 145 108 2
200 171 139 2
247 230 214 2
249 242 232 2
248 248 240 2
239 241 227 2
197 197 169 2
153 151 113 2
124 122 81 2
125 122 79 2
126 119 77 2
122 113 72 2
118 110 73 2
107 101 65 2
108 102 68 2
108 102 68 2
108 102 68 2
108 104 67 2
109 105 68 2
109 107 68 2
110 108 69 2
108 109 69 2
110 112 72 2
107 113 69 2
105 111 65 2
105 113 62 2
106 115 62 2
104 115 57 2
109 120 60 2
116 130 68 2
120 135 70 2
122 137 70 2
123 136 67 2
124 137 67 2
123 134 65 2
113 124 56 2
122 131 76 2
132 142 90 2
137 149 99 2
138 151 98 2
144 157 101 2
161 174 118 2
155 165 113 2
136 146 94 2
154 163 110 2
126 137 79 2
108 123 64 2
140 159 95 2
151 171 100 2
119 139 67 2
130 148 74 2
159 177 103 2
110 127 57 2
119 136 68 2
108 129 52 2
85 104 25 2
95 114 33 2
104 126 43 2
116 144 59 2
115 147 62 2
100 134 50 2
116 145 63 2
144 167 87 2
142 159 79 2
129 147 65 2
120 139 58 2
135 158 80 2
146 168 95 2
150 169 103 2
149 164 105 2
147 161 108 2
140 154 101 2
141 155 96 2
126 140 78 2
132 144 82 2
139 148 83 2
127 132 65 2
144 144 72 2
159 152 72 2
164 152 68 2
181 163 79 2
189 167 82 2
193 168 86 2
196 170 86 2
192 166 79 2
193 168 84 2
195 175 104 2
186 171 116 2
148 139 108 2
26 24 11 2
37 39 38 2
77 85 88 2
108 118 117 2
122 134 130 2
150 163 156 2
141 152 144 2
131 138 130 2
131 131 123 2
135 128 120 2
138 128 119 2
145 135 126 2
138 128 118 2
121 115 101 2
117 111 95 2
115 108 90 2
109 102 86 2
143 137 125 2
135 135 127 2
144 148 147 2
110 112 111 2
96 89 83 2
137 124 116 2
185 175 166 2
195 187 176 2
236 228 215 2
205 198 180 2
202 195 176 2
209 197 173 2
204 183 156 2
196 169 139 2
177 148 116 2
222 198 170 2
253 240 224 2
249 245 234 2
243 243 233 2
212 213 197 2
140 139 109 2
135 133 95 2
137 134 93 2
121 116 76 2
122 114 75 2
125 116 77 2
122 114 77 2
113 107 71 2
106 100 68 2
105 100 68 2
105 100 68 2
105 102 67 2
106 104 66 2
105 105 67 2
105 105 67 2
104 106 67 2
108 110 70 2
105 111 67 2
104 112 65 2
105 115 65 2
106 116 63 2
104 115 57 2
108 119 59 2
115 129 68 2
119 133 71 2
125 141 76 2
125 141 70 2
127 140 68 2
125 138 66 2
120 133 64 2
116 127 71 2
131 141 89 2
135 148 94 2
134 147 91 2
146 161 102 2
159 174 115 2
160 173 119 2
150 160 107 2
154 165 107 2
128 142 80 2
106 125 61 2
150 171 104 2
141 161 90 2
120 140 68 2
127 145 71 2
154 172 98 2
115 130 61 2
118 133 64 2
121 143 61 2
91 110 28 2
100 118 36 2
106 128 45 2
116 144 59 2
113 146 59 2
94 128 42 2
114 142 57 2
146 164 80 2
150 162 80 2
140 152 70 2
137 150 70 2
134 155 78 2
141 163 91 2
138 157 93 2
141 157 95 2
138 153 94 2
137 153 91 2
127 142 75 2
128 143 76 2
128 140 74 2
117 127 64 2
127 132 68 2
148 147 82 2
155 147 75 2
166 152 77 2
180 161 85 2
187 165 90 2
190 166 94 2
193 167 93 2
193 168 88 2
195 172 92 2
191 169 94 2
194 175 116 2
174 164 128 2
103 98 79 2
100 99 94 2
64 66 65 2
110 112 109 2
71 76 70 2
108 118 110 2
115 125 116 2
112 117 110 2
134 135 127 2
118 113 107 2
136 129 121 2
127 118 111 2
109 100 91 2
109 103 89 2
106 100 86 2
99 89 79 2
101 91 82 2
132 125 117 2
124 123 118 2
100 105 101 2
81 86 82 2
59 56 51 2
125 118 110 2
170 163 155 2
213 205 194 2
216 209 191 2
199 191 170 2
177 167 140 2
188 174 145 2
206 187 157 2
176 155 124 2
204 183 152 2
236 219 193 2
247 238 223 2
244 240 229 2
232 232 220 2
167 169 148 2
145 144 113 2
145 143 105 2
133 129 91 2
130 125 87 2
126 118 82 2
119 111 75 2
113 105 69 2
106 100 66 2
107 102 72 2
105 102 71 2
105 102 71 2
103 103 69 2
104 104 68 2
103 105 68 2
103 105 68 2
101 106 66 2
102 107 67 2
103 110 68 2
102 111 66 2
104 114 64 2
106 116 63 2
104 117 61 2
108 122 63 2
115 131 69 2
119 134 75 2
127 143 80 2
129 145 74 2
128 144 71 2
124 140 67 2
133 146 77 2
116 127 69 2
131 144 90 2
132 145 89 2
134 148 89 2
150 166 104 2
150 166 104 2
160 173 117 2
151 165 106 2
152 167 102 2
129 144 77 2
115 134 68 2
162 182 113 2
136 156 85 2
122 139 68 2
124 141 70 2
141 157 86 2
124 139 70 2
124 139 72 2
126 147 56 2
99 120 29 2
106 125 36 2
115 135 48 2
106 136 48 2
103 138 48 2
95 128 41 2
112 138 51 2
148 160 76 2
155 160 78 2
150 155 73 2
144 153 74 2
133 151 75 2
137 159 87 2
138 157 93 2
139 158 94 2
122 142 71 2
127 147 75 2
117 134 63 2
114 131 61 2
123 139 74 2
128 139 79 2
136 141 85 2
143 144 86 2
158 152 92 2
169 158 94 2
176 158 94 2
181 162 96 2
188 167 104 2
189 168 103 2
188 168 97 2
187 167 94 2
189 167 94 2
194 176 114 2
179 167 125 2
110 104 78 2
27 23 11 2
33 30 23 2
30 25 21 2
37 34 29 2
57 58 53 2
88 90 85 2
92 95 88 2
98 99 91 2
103 100 93 2
93 89 80 2
89 85 76 2
96 92 83 2
81 77 65 2
74 68 56 2
75 66 61 2
57 47 45 2
93 85 82 2
91 88 83 2
60 63 56 2
45 51 41 2
53 53 45 2
74 70 61 2
146 137 130 2
202 192 180 2
182 170 148 2
184 170 143 2
155 140 107 2
155 139 105 2
172 156 123 2
198 181 151 2
230 215 186 2
239 227 203 2
237 231 217 2
224 222 210 2
173 174 160 2
148 150 129 2
136 137 105 2
140 140 104 2
121 118 83 2
124 119 87 2
117 110 81 2
121 114 85 2
118 113 81 2
102 99 66 2
106 105 75 2
105 104 74 2
103 102 72 2
101 102 70 2
101 102 70 2
100 104 69 2
100 104 69 2
99 105 67 2
99 105 67 2
101 109 68 2
102 111 66 2
101 113 65 2
103 116 63 2
104 119 64 2
108 123 66 2
115 130 71 2
121 136 79 2
126 144 82 2
130 147 77 2
129 147 73 2
127 145 71 2
134 149 80 2
130 144 82 2
130 144 85 2
135 149 88 2
142 158 95 2
151 167 102 2
146 162 97 2
150 166 103 2
145 161 96 2
147 164 93 2
125 142 71 2
126 143 73 2
166 183 113 2
133 150 79 2
125 141 70 2
124 140 69 2
138 151 82 2
140 152 88 2
143 155 91 2
129 150 55 2
102 123 30 2
111 127 39 2
130 150 65 2
104 132 48 2
95 127 42 2
102 131 47 2
124 148 64 2
148 156 73 2
157 158 78 2
162 165 84 2
152 159 81 2
142 161 82 2
136 158 83 2
136 156 85 2
128 148 77 2
121 141 69 2
103 123 51 2
116 136 67 2
131 150 86 2
127 142 85 2
130 143 90 2
141 149 100 2
145 147 98 2
157 151 99 2
173 164 109 2
176 161 104 2
180 164 105 2
188 169 110 2
187 168 109 2
187 169 107 2
186 168 104 2
188 169 101 2
183 167 108 2
181 172 129 2
135 131 102 2
53 50 33 2
23 19 8 2
11 4 0 2
16 8 5 2
21 17 14 2
7 7 5 2
26 28 25 2
20 22 17 2
19 18 13 2
22 19 12 2
28 25 18 2
38 35 26 2
43 41 28 2
32 30 17 2
21 16 12 2
39 35 32 2
33 30 25 2
56 56 48 2
72 75 64 2
70 74 60 2
61 62 54 2
63 60 53 2
83 76 68 2
113 105 92 2
146 135 113 2
128 114 85 2
161 145 111 2
158 142 106 2
193 178 145 2
211 198 166 2
222 210 184 2
216 210 188 2
198 194 182 2
187 187 175 2
158 160 146 2
125 128 107 2
136 139 108 2
120 121 87 2
127 126 95 2
120 116 89 2
117 112 90 2
113 108 86 2
107 106 78 2
104 103 73 2
105 105 79 2
101 104 77 2
99 102 73 2
97 100 71 2
97 100 69 2
96 102 68 2
97 103 69 2
97 105 68 2
97 105 68 2
98 109 69 2
99 110 68 2
99 112 66 2
101 115 66 2
104 118 65 2
109 123 70 2
113 130 75 2
121 139 81 2
130 148 86 2
127 147 78 2
128 145 74 2
135 153 79 2
125 142 71 2
149 165 100 2
126 142 79 2
137 153 90 2
153 169 104 2
148 165 97 2
147 164 94 2
141 158 88 2
142 159 88 2
143 161 87 2
124 142 68 2
128 146 72 2
164 182 108 2
127 143 70 2
128 144 71 2
126 139 70 2
143 155 89 2
152 164 102 2
158 169 109 2
126 149 59 2
124 144 57 2
96 110 31 2
108 121 49 2
99 121 49 2
104 127 55 2
125 149 73 2
137 156 77 2
143 150 72 2
160 163 84 2
158 163 83 2
150 162 80 2
138 157 75 2
130 153 71 2
129 148 67 2
110 128 52 2
107 127 56 2
127 146 82 2
133 152 96 2
127 145 95 2
130 145 102 2
136 148 108 2
142 150 109 2
153 155 115 2
160 157 112 2
166 158 109 2
173 161 109 2
177 165 107 2
179 167 107 2
181 169 109 2
183 171 113 2
187 172 115 2
181 166 109 2
179 167 115 2
170 166 128 2
159 158 130 2
108 107 89 2
36 34 22 2
19 12 4 2
16 8 5 2
3 0 0 2
0 0 4 2
7 8 13 2
11 12 16 2
1 0 0 2
1 0 0 2
3 0 0 2
2 2 0 2
26 27 11 2
62 65 48 2
97 100 91 2
112 117 111 2
102 109 101 2
94 102 89 2
98 105 89 2
88 92 77 2
25 27 16 2
11 11 3 2
30 30 22 2
44 42 30 2
84 81 62 2
79 71 48 2
160 146 119 2
166 149 119 2
219 204 173 2
197 186 156 2
184 176 153 2
177 174 155 2
174 174 162 2
150 152 141 2
150 152 138 2
141 146 124 2
127 131 104 2
120 125 95 2
121 124 97 2
117 116 95 2
111 110 92 2
113 112 94 2
110 112 90 2
107 109 87 2
107 111 88 2
104 108 85 2
100 104 79 2
96 100 75 2
94 98 71 2
94 101 70 2
96 103 72 2
97 107 73 2
97 107 73 2
99 111 75 2
102 114 76 2
102 115 72 2
103 116 72 2
101 117 68 2
104 120 71 2
116 133 79 2
122 140 80 2
128 149 84 2
135 156 87 2
132 152 81 2
129 149 77 2
130 150 78 2
160 180 109 2
126 143 75 2
136 152 87 2
151 167 102 2
147 164 94 2
151 168 97 2
129 150 75 2
141 162 87 2
140 160 88 2
121 141 69 2
125 143 69 2
150 168 92 2
129 147 71 2
132 150 76 2
136 151 82 2
154 168 106 2
163 177 118 2
163 176 122 2
117 141 57 2
109 131 48 2
131 143 67 2
110 122 50 2
104 120 49 2
126 143 72 2
130 150 78 2
140 156 81 2
140 147 69 2
148 153 73 2
154 163 82 2
146 159 77 2
131 153 70 2
118 141 59 2
109 127 51 2
117 133 62 2
135 151 89 2
129 146 94 2
125 140 99 2
123 137 102 2
123 137 104 2
128 139 107 2
137 144 111 2
146 150 115 2
157 155 116 2
163 159 114 2
167 159 110 2
169 159 106 2
170 161 106 2
171 162 107 2
173 163 114 2
177 166 120 2
172 164 117 2
165 160 118 2
165 166 135 2
152 155 134 2
147 149 135 2
108 108 98 2
57 53 44 2
5 0 0 2
7 5 6 2
0 0 4 2
5 4 10 2
1 0 4 2
46 40 42 2
94 84 82 2
55 46 37 2
47 41 29 2
36 39 22 2
115 122 106 2
153 159 149 2
144 154 145 2
138 149 141 2
137 149 137 2
141 149 134 2
141 148 132 2
91 94 83 2
13 14 6 2
3 2 0 2
15 15 7 2
38 36 23 2
41 36 17 2
127 115 93 2
147 131 106 2
172 158 131 2
182 172 145 2
200 198 177 2
171 172 158 2
152 154 143 2
158 161 150 2
123 127 113 2
133 140 122 2
128 136 112 2
127 133 107 2
126 129 108 2
120 123 106 2
119 121 108 2
118 120 107 2
112 116 101 2
111 115 98 2
112 116 99 2
107 114 96 2
104 109 89 2
98 106 83 2
98 103 80 2
96 105 78 2
99 108 81 2
100 111 81 2
103 114 84 2
105 116 84 2
108 119 85 2
108 120 84 2
107 122 81 2
105 120 77 2
104 120 75 2
115 132 80 2
120 140 79 2
124 145 78 2
134 155 86 2
129 151 79 2
135 155 83 2
137 158 83 2
143 163 91 2
152 172 100 2
143 160 92 2
147 164 96 2
154 171 101 2
139 157 83 2
134 155 78 2
149 170 95 2
141 162 95 2
127 148 81 2
123 145 72 2
156 177 100 2
122 143 66 2
130 150 78 2
140 160 91 2
160 176 114 2
167 182 127 2
165 179 126 2
103 127 49 2
95 116 37 2
145 158 78 2
118 129 50 2
110 121 42 2
119 132 52 2
133 147 70 2
132 145 66 2
125 134 55 2
137 146 65 2
137 150 68 2
123 143 58 2
105 128 48 2
108 130 57 2
129 143 82 2
131 141 88 2
126 138 90 2
119 131 93 2
124 134 107 2
126 135 114 2
117 126 105 2
113 123 99 2
126 132 104 2
136 139 108 2
147 147 113 2
155 151 113 2
159 152 108 2
159 151 104 2
161 155 105 2
161 154 108 2
162 157 119 2
168 163 131 2
164 161 128 2
156 159 130 2
155 162 144 2
141 151 140 2
148 155 147 2
136 141 134 2
116 118 107 2
32 33 25 2
1 2 0 2
7 5 6 2
12 6 10 2
28 17 21 2
165 147 145 2
129 109 100 2
159 136 120 2
101 86 67 2
109 110 94 2
133 141 128 2
150 153 144 2
153 158 151 2
147 158 154 2
135 148 141 2
139 151 141 2
152 162 151 2
136 142 132 2
72 73 65 2
12 9 4 2
6 1 0 2
25 22 17 2
18 14 3 2
94 82 66 2
72 57 36 2
192 177 154 2
203 195 172 2
177 178 162 2
146 152 140 2
144 147 138 2
143 149 139 2
149 155 143 2
130 138 123 2
130 142 122 2
131 140 121 2
128 135 117 2
123 129 115 2
126 131 124 2
123 130 122 2
114 120 110 2
114 120 106 2
116 122 108 2
112 120 105 2
108 115 99 2
102 111 92 2
101 109 88 2
101 111 87 2
104 114 90 2
104 117 91 2
106 119 93 2
108 121 93 2
112 125 95 2
113 127 94 2
114 128 93 2
109 123 87 2
105 122 80 2
114 132 84 2
122 142 81 2
129 150 81 2
136 157 88 2
130 151 82 2
135 157 85 2
143 165 92 2
139 160 85 2
172 193 118 2
146 163 93 2
153 170 100 2
157 174 103 2
139 157 83 2
145 166 89 2
150 170 99 2
155 175 116 2
139 160 101 2
130 156 85 2
164 190 116 2
116 142 68 2
124 150 77 2
138 163 95 2
157 179 115 2
169 190 133 2
171 191 138 2
63 86 8 2
145 166 89 2
158 170 94 2
129 137 60 2
118 127 48 2
121 130 49 2
146 158 74 2
113 125 41 2
119 131 47 2
125 137 55 2
113 130 50 2
123 144 67 2
134 155 86 2
125 145 82 2
128 141 88 2
128 137 92 2
128 138 101 2
122 133 103 2
122 131 110 2
117 128 112 2
108 119 102 2
108 117 98 2
115 123 100 2
120 126 98 2
135 136 105 2
145 145 111 2
152 148 110 2
153 150 109 2
156 152 114 2
155 152 117 2
157 153 128 2
162 161 140 2
158 163 140 2
149 158 139 2
143 156 147 2
139 151 147 2
142 153 149 2
140 150 142 2
152 158 148 2
87 90 79 2
1 4 0 2
20 19 15 2
6 0 0 2
145 129 129 2
137 112 105 2
115 87 73 2
100 72 48 2
71 51 27 2
121 119 106 2
145 150 143 2
162 161 156 2
161 162 157 2
150 158 160 2
142 154 154 2
146 159 152 2
155 166 158 2
153 160 152 2
132 133 125 2
72 63 58 2
41 27 24 2
12 1 0 2
15 4 0 2
57 43 30 2
66 51 32 2
245 230 211 2
185 176 159 2
164 167 156 2
146 156 147 2
146 153 146 2
146 153 146 2
164 171 164 2
150 160 151 2
139 151 137 2
134 146 132 2
132 140 127 2
127 135 124 2
128 137 132 2
127 136 133 2
117 127 119 2
116 123 115 2
120 128 117 2
118 126 115 2
113 121 108 2
107 115 100 2
103 111 96 2
101 112 95 2
104 116 96 2
107 119 99 2
108 120 98 2
109 121 99 2
113 125 101 2
117 130 104 2
120 133 105 2
115 128 98 2
110 126 90 2
118 135 91 2
123 143 84 2
126 147 82 2
125 146 79 2
130 151 84 2
133 154 87 2
142 163 94 2
142 162 90 2
161 182 107 2
153 170 99 2
155 172 101 2
155 173 99 2
146 164 90 2
153 174 97 2
156 177 108 2
169 190 134 2
156 179 125 2
143 172 108 2
163 194 124 2
119 149 77 2
125 155 83 2
136 166 96 2
146 172 107 2
165 190 132 2
176 201 144 2
112 129 51 2
161 175 100 2
162 171 104 2
133 139 75 2
116 123 55 2
121 129 52 2
132 145 55 2
136 150 53 2
121 134 42 2
110 124 39 2
124 137 67 2
133 148 89 2
126 143 91 2
119 137 89 2
119 136 84 2
128 141 95 2
122 134 98 2
120 130 103 2
114 126 106 2
107 120 102 2
104 117 100 2
105 118 100 2
110 122 102 2
116 126 102 2
128 134 108 2
140 143 116 2
148 151 122 2
152 155 126 2
154 157 130 2
152 155 134 2
151 153 139 2
152 158 144 2
147 160 143 2
139 155 144 2
140 156 153 2
137 151 152 2
147 159 159 2
148 157 154 2
154 162 151 2
141 147 135 2
93 99 89 2
21 21 13 2
7 0 0 2
168 151 143 2
90 64 49 2
98 70 48 2
74 44 16 2
104 84 59 2
157 155 143 2
147 149 144 2
162 158 155 2
170 166 167 2
151 156 162 2
149 158 165 2
158 172 172 2
155 168 161 2
157 167 159 2
154 154 146 2
108 89 83 2
53 25 21 2
43 17 16 2
43 20 14 2
43 21 7 2
200 183 163 2
219 203 187 2
205 197 184 2
160 165 158 2
146 158 154 2
150 161 155 2
153 162 159 2
155 164 161 2
164 175 171 2
147 162 155 2
135 151 141 2
133 145 135 2
131 142 134 2
131 142 138 2
133 143 142 2
129 138 133 2
122 132 124 2
125 134 129 2
124 134 126 2
119 129 120 2
112 122 111 2
105 115 104 2
102 113 99 2
105 116 100 2
108 121 104 2
109 122 105 2
110 123 105 2
114 127 107 2
118 132 109 2
124 138 113 2
122 136 110 2
118 133 104 2
124 140 103 2
129 147 97 2
127 147 88 2
123 145 83 2
127 149 85 2
127 148 89 2
130 152 88 2
142 163 96 2
160 180 108 2
165 183 107 2
150 169 90 2
151 170 91 2
148 167 88 2
149 170 93 2
166 187 120 2
172 192 139 2
176 200 152 2
159 188 130 2
155 187 124 2
128 159 92 2
132 163 95 2
139 170 100 2
138 167 100 2
157 185 124 2
173 201 142 2
153 164 86 2
181 191 118 2
135 144 79 2
110 119 56 2
94 103 36 2
125 137 63 2
119 133 46 2
104 118 30 2
125 137 53 2
146 156 83 2
152 161 106 2
145 156 113 2
138 152 116 2
129 145 108 2
117 136 91 2
110 128 86 2
102 117 86 2
102 116 91 2
102 117 94 2
104 121 102 2
108 125 107 2
110 127 109 2
116 130 113 2
124 137 119 2
126 138 118 2
137 146 125 2
149 157 134 2
156 164 143 2
156 163 147 2
153 161 146 2
150 160 149 2
148 160 150 2
142 158 147 2
143 160 152 2
145 161 160 2
151 165 166 2
155 165 166 2
153 162 159 2
161 168 161 2
165 172 164 2
158 165 157 2
132 135 126 2
102 98 87 2
113 101 89 2
111 92 75 2
106 86 62 2
124 104 79 2
165 153 131 2
163 161 149 2
167 168 163 2
168 167 165 2
165 165 167 2
162 169 179 2
161 171 180 2
159 173 173 2
166 178 174 2
163 174 168 2
154 153 148 2
131 108 100 2
148 114 105 2
75 38 32 2
103 66 58 2
181 152 136 2
234 211 193 2
228 212 199 2
206 199 191 2
152 161 158 2
156 170 170 2
151 163 161 2
145 157 155 2
147 157 158 2
160 172 172 2
148 164 161 2
135 152 146 2
136 149 140 2
136 149 140 2
136 148 146 2
142 154 152 2
143 152 149 2
138 147 144 2
138 147 144 2
137 146 143 2
132 141 136 2
123 133 125 2
114 124 115 2
109 119 108 2
109 121 109 2
112 124 112 2
114 126 114 2
116 128 114 2
119 132 115 2
121 134 116 2
128 141 121 2
130 144 121 2
125 139 114 2
129 144 113 2
130 147 105 2
132 150 100 2
129 150 94 2
121 142 86 2
133 153 102 2
144 165 109 2
139 159 98 2
141 163 91 2
166 185 106 2
155 174 92 2
144 163 81 2
151 170 89 2
142 163 86 2
150 173 105 2
169 189 136 2
187 211 163 2
175 205 155 2
150 183 126 2
133 164 104 2
135 166 99 2
142 173 103 2
138 168 98 2
154 183 117 2
173 199 136 2
162 162 90 2
177 181 107 2
157 164 94 2
118 130 58 2
118 134 61 2
85 102 31 2
95 111 40 2
116 128 62 2
111 119 62 2
140 143 96 2
154 156 119 2
159 164 132 2
149 158 129 2
140 155 126 2
143 167 135 2
129 154 124 2
120 140 113 2
109 127 101 2
105 125 100 2
111 133 110 2
118 139 120 2
125 148 132 2
131 151 139 2
131 149 135 2
131 148 132 2
137 151 134 2
150 162 148 2
157 171 156 2
155 168 158 2
152 168 157 2
152 170 158 2
147 165 153 2
147 167 155 2
150 167 159 2
153 168 163 2
169 181 179 2
172 181 180 2
170 176 174 2
174 180 178 2
161 170 167 2
158 169 165 2
164 173 168 2
163 166 157 2
147 148 134 2
160 157 140 2
162 159 140 2
173 174 160 2
178 180 167 2
179 179 167 2
172 174 163 2
167 174 167 2
165 175 174 2
160 175 180 2
159 174 179 2
161 173 171 2
164 175 171 2
161 172 168 2
151 150 145 2
96 72 62 2
142 102 92 2
96 49 39 2
132 86 73 2
189 150 133 2
255 241 225 2
238 220 210 2
203 200 195 2
156 168 168 2
148 166 166 2
155 169 169 2
149 163 163 2
149 160 164 2
145 159 162 2
148 166 166 2
140 159 157 2
141 156 149 2
143 156 149 2
145 157 155 2
150 162 160 2
151 160 157 2
152 161 158 2
148 157 156 2
145 155 154 2
140 150 149 2
131 142 138 2
122 133 127 2
116 127 119 2
115 126 118 2
117 129 119 2
117 129 119 2
120 132 122 2
122 134 122 2
123 135 121 2
130 143 126 2
134 147 129 2
129 142 122 2
130 144 119 2
138 153 122 2
143 159 120 2
141 160 114 2
134 153 107 2
157 178 135 2
182 201 156 2
155 174 119 2
129 150 83 2
155 174 93 2
159 179 92 2
138 157 68 2
149 169 84 2
146 167 88 2
136 159 89 2
163 184 128 2
184 208 160 2
183 212 166 2
157 189 140 2
138 169 112 2
138 168 104 2
144 174 104 2
144 171 100 2
158 183 115 2
172 197 131 2
168 165 96 2
160 161 91 2
118 125 55 2
106 119 49 2
69 86 18 2
78 96 34 2
108 122 69 2
112 124 78 2
117 125 88 2
131 136 106 2
144 148 125 2
150 155 135 2
158 167 148 2
163 178 159 2
151 175 153 2
142 167 145 2
134 156 135 2
126 145 123 2
127 149 126 2
130 154 132 2
126 149 131 2
134 157 141 2
144 166 154 2
140 160 148 2
139 157 143 2
139 157 143 2
151 167 154 2
158 174 163 2
153 170 160 2
153 170 160 2
153 173 161 2
146 166 154 2
151 168 158 2
152 169 161 2
162 177 170 2
163 174 170 2
172 181 178 2
177 183 181 2
165 174 173 2
168 178 177 2
160 170 169 2
157 168 164 2
159 166 158 2
167 173 161 2
168 172 158 2
171 177 163 2
169 179 171 2
177 187 179 2
180 183 172 2
175 178 167 2
171 181 172 2
170 185 180 2
168 184 184 2
164 180 180 2
165 175 174 2
167 176 171 2
163 172 169 2
108 107 103 2
35 15 6 2
33 0 0 2
50 6 0 2
56 12 1 2
100 60 48 2
217 187 176 2
223 208 203 2
179 179 177 2
162 173 175 2
152 170 172 2
149 163 164 2
152 166 167 2
151 165 168 2
157 170 176 2
157 172 175 2
154 170 170 2
151 166 163 2
149 161 157 2
153 165 165 2
153 165 165 2
151 160 159 2
156 165 164 2
149 159 160 2
147 157 158 2
141 151 150 2
133 143 142 2
125 136 132 2
120 131 125 2
118 129 123 2
118 129 121 2
117 128 120 2
121 132 124 2
122 134 124 2
122 134 122 2
130 142 128 2
135 147 133 2
130 143 126 2
129 142 124 2
135 149 126 2
144 159 130 2
144 160 124 2
139 157 119 2
145 162 128 2
169 186 150 2
166 185 140 2
151 170 114 2
146 167 92 2
145 168 80 2
133 154 59 2
140 161 68 2
158 179 100 2
146 167 98 2
155 177 115 2
178 201 147 2
183 209 164 2
169 197 149 2
147 175 117 2
148 174 109 2
150 176 103 2
150 174 100 2
159 182 110 2
171 192 123 2
148 151 84 2
110 115 49 2
132 141 78 2
103 114 56 2
104 117 64 2
114 127 83 2
125 137 101 2
123 136 108 2
122 134 112 2
129 140 124 2
137 148 134 2
136 148 136 2
151 164 154 2
163 179 168 2
162 180 168 2
162 180 166 2
153 171 157 2
140 158 142 2
139 157 141 2
139 160 143 2
146 167 152 2
146 167 152 2
149 170 155 2
147 165 151 2
148 166 150 2
138 156 140 2
154 171 155 2
149 165 152 2
143 159 146 2
156 172 161 2
166 182 169 2
165 181 170 2
157 173 163 2
165 180 173 2
165 178 171 2
157 170 163 2
170 181 175 2
178 187 182 2
171 180 177 2
169 178 175 2
171 180 177 2
164 173 168 2
170 177 170 2
169 176 169 2
179 184 177 2
182 189 181 2
179 185 181 2
179 186 179 2
185 190 183 2
190 196 186 2
181 188 181 2
170 179 174 2
176 187 183 2
173 184 180 2
181 187 185 2
181 186 182 2
178 180 177 2
169 165 162 2
138 124 121 2
94 73 68 2
89 61 57 2
43 12 7 2
54 23 18 2
132 108 104 2
202 194 192 2
167 171 172 2
167 175 177 2
154 165 167 2
152 163 165 2
155 166 168 2
155 166 170 2
161 172 176 2
163 177 180 2
162 176 179 2
151 162 164 2
151 162 164 2
152 163 165 2
155 165 167 2
161 171 172 2
160 170 171 2
153 163 164 2
148 158 159 2
148 156 158 2
142 151 150 2
132 141 140 2
127 136 133 2
125 134 131 2
121 130 125 2
120 129 124 2
124 134 126 2
125 135 127 2
127 137 128 2
129 139 130 2
137 147 138 2
140 152 142 2
135 147 135 2
137 148 134 2
145 156 139 2
148 160 138 2
139 153 128 2
137 153 127 2
137 153 126 2
167 184 152 2
178 196 154 2
156 178 116 2
141 166 83 2
147 174 67 2
137 164 57 2
162 183 104 2
138 157 93 2
141 160 96 2
164 184 123 2
170 188 138 2
158 178 125 2
155 175 112 2
155 177 104 2
162 183 104 2
148 170 88 2
160 181 106 2
166 186 115 2
141 148 94 2
143 152 99 2
132 142 92 2
117 128 85 2
128 140 102 2
121 134 104 2
125 139 116 2
122 137 118 2
132 148 135 2
135 151 140 2
128 145 135 2
131 148 138 2
148 165 155 2
143 160 150 2
151 168 158 2
131 149 137 2
134 151 141 2
140 158 146 2
138 155 145 2
135 153 141 2
133 151 139 2
145 163 149 2
146 164 150 2
142 160 146 2
134 152 138 2
126 144 130 2
127 143 130 2
145 161 148 2
141 157 146 2
140 156 145 2
157 170 160 2
153 166 156 2
149 162 153 2
155 168 159 2
146 159 150 2
144 157 148 2
146 157 149 2
146 157 149 2
150 160 152 2
139 149 141 2
140 147 140 2
145 152 145 2
140 147 140 2
144 151 144 2
148 155 148 2
146 153 146 2
164 171 164 2
159 166 159 2
155 162 155 2
149 156 149 2
151 157 153 2
164 170 166 2
151 160 157 2
169 178 175 2
173 179 177 2
177 181 180 2
166 168 167 2
162 162 160 2
176 172 169 2
182 172 170 2
184 170 169 2
140 122 120 2
153 134 130 2
209 193 193 2
188 188 188 2
169 177 179 2
161 169 171 2
162 172 173 2
174 184 186 2
164 175 177 2
152 163 167 2
158 169 173 2
165 176 180 2
166 177 181 2
157 168 172 2
164 175 179 2
164 173 178 2
157 167 169 2
162 172 174 2
153 163 165 2
153 163 165 2
150 160 161 2
141 149 151 2
141 149 151 2
150 158 160 2
141 150 149 2
136 145 144 2
130 139 136 2
128 137 134 2
126 135 130 2
124 133 128 2
131 141 133 2
131 141 133 2
138 148 140 2
151 162 154 2
143 154 146 2
147 157 148 2
156 164 153 2
157 168 152 2
152 165 145 2
160 173 153 2
147 162 139 2
140 158 134 2
187 206 174 2
195 217 168 2
118 144 71 2
149 178 72 2
149 178 72 2
162 184 111 2
119 137 77 2
151 170 104 2
135 154 90 2
147 164 110 2
138 155 101 2
148 165 97 2
148 167 88 2
155 174 92 2
150 169 87 2
162 180 104 2
157 174 103 2
157 167 133 2
120 131 99 2
126 137 107 2
143 156 130 2
140 154 131 2
147 162 141 2
113 130 112 2
115 133 117 2
129 150 135 2
130 150 138 2
119 141 128 2
113 135 122 2
117 139 126 2
128 150 137 2
104 126 113 2
111 133 120 2
119 136 126 2
120 137 127 2
121 138 130 2
129 146 136 2
120 137 127 2
109 127 115 2
111 129 117 2
131 149 137 2
109 127 115 2
130 148 136 2
122 138 127 2
124 140 129 2
107 120 111 2
118 131 122 2
136 149 140 2
126 139 130 2
141 154 144 2
117 130 120 2
117 130 120 2
105 118 108 2
109 121 111 2
103 115 105 2
110 120 111 2
116 126 117 2
74 84 75 2
81 91 82 2
134 144 135 2
120 130 121 2
128 138 129 2
124 134 125 2
116 126 117 2
126 133 125 2
116 122 118 2
133 138 134 2
123 129 127 2
73 79 77 2
93 102 101 2
72 82 81 2
97 107 106 2
88 98 97 2
92 101 100 2
90 99 98 2
106 110 109 2
82 84 81 2
84 83 81 2
129 125 122 2
131 126 122 2
117 113 110 2
145 149 150 2
135 145 147 2
137 147 149 2
154 164 166 2
140 149 154 2
153 164 168 2
168 179 183 2
143 157 160 2
160 173 179 2
155 168 174 2
155 166 172 2
162 173 177 2
175 186 190 2
154 165 169 2
143 152 157 2
156 165 170 2
150 159 164 2
175 185 187 2
145 155 157 2
154 164 165 2
146 154 156 2
147 156 155 2
155 164 163 2
131 140 137 2
131 140 137 2
125 134 129 2
119 128 123 2
123 132 127 2
123 134 128 2
124 135 129 2
134 145 139 2
132 143 137 2
152 162 154 2
149 159 150 2
165 176 160 2
172 185 165 2
164 177 157 2
161 176 157 2
144 161 142 2
163 181 157 2
218 238 201 2
141 165 107 2
151 177 90 2
138 164 75 2
190 212 148 2
124 143 88 2
140 160 97 2
119 139 76 2
119 138 83 2
122 141 85 2
148 168 99 2
148 169 90 2
146 168 85 2
146 168 85 2
158 179 102 2
149 170 95 2
139 150 133 2
153 166 148 2
162 175 158 2
133 147 130 2
142 159 143 2
144 162 146 2
143 164 149 2
163 186 170 2
138 161 145 2
150 172 159 2
142 166 152 2
135 159 145 2
123 147 133 2
122 146 132 2
138 162 148 2
141 163 151 2
132 152 143 2
139 156 148 2
142 159 153 2
142 159 151 2
153 170 162 2
147 164 156 2
139 156 148 2
135 152 144 2
141 158 150 2
153 170 162 2
136 151 144 2
170 185 178 2
169 181 177 2
190 202 198 2
164 176 172 2
172 184 180 2
158 171 164 2
184 197 188 2
176 189 182 2
177 190 181 2
163 174 168 2
203 214 206 2
162 171 166 2
164 173 168 2
144 153 148 2
157 166 161 2
157 166 161 2
143 154 148 2
151 160 155 2
165 176 170 2
150 159 154 2
177 186 181 2
187 193 191 2
183 189 189 2
171 176 179 2
155 163 165 2
147 157 159 2
138 149 151 2
153 164 166 2
131 145 146 2
156 170 171 2
138 149 151 2
115 127 127 2
164 174 175 2
125 134 133 2
146 155 152 2
142 148 146 2
115 121 119 2
124 134 135 2
124 134 136 2
131 141 143 2
141 152 156 2
157 168 172 2
129 143 146 2
159 173 176 2
120 134 137 2
131 144 150 2
134 147 153 2
130 141 147 2
119 130 136 2
153 164 168 2
130 141 145 2
145 154 159 2
143 152 157 2
114 123 128 2
151 160 165 2
131 140 145 2
122 132 134 2
154 162 165 2
131 139 141 2
119 127 129 2
124 133 132 2
133 142 141 2
119 128 125 2
122 131 128 2
119 128 123 2
115 126 122 2
111 122 116 2
111 122 118 2
122 133 129 2
137 146 143 2
147 157 149 2
156 167 151 2
166 178 158 2
157 170 153 2
163 177 162 2
161 175 162 2
154 171 155 2
198 216 192 2
159 180 139 2
140 163 95 2
154 177 107 2
166 186 135 2
156 175 129 2
147 168 111 2
122 143 86 2
115 133 83 2
126 144 92 2
153 174 109 2
156 176 104 2
146 167 88 2
145 166 87 2
150 170 98 2
149 169 98 2
153 165 153 2
151 165 152 2
143 157 144 2
150 166 153 2
148 166 152 2
144 165 150 2
143 164 147 2
132 155 137 2
134 157 139 2
153 177 161 2
125 149 133 2
131 155 141 2
147 171 157 2
145 169 156 2
159 182 172 2
151 172 163 2
169 186 180 2
152 167 162 2
138 153 150 2
140 155 150 2
153 170 164 2
141 158 152 2
138 155 149 2
151 168 162 2
162 177 172 2
144 159 154 2
152 167 164 2
146 161 158 2
140 152 150 2
163 175 173 2
175 187 187 2
159 171 171 2
155 166 168 2
153 164 166 2
165 176 180 2
179 190 192 2
171 182 186 2
181 192 194 2
180 189 194 2
163 172 177 2
163 172 177 2
178 187 192 2
173 182 187 2
180 191 195 2
157 166 171 2
166 177 181 2
177 186 191 2
179 188 193 2
182 190 193 2
176 184 187 2
184 192 195 2
182 192 194 2
189 198 203 2
187 198 202 2
170 183 189 2
178 193 198 2
193 208 213 2
176 191 196 2
161 176 179 2
153 168 171 2
170 186 186 2
186 202 201 2
164 180 179 2
169 183 183 2
185 196 198 2
169 180 184 2
186 197 201 2
156 169 175 2
180 193 199 2
176 191 196 2
173 188 193 2
177 192 197 2
189 204 209 2
183 198 203 2
183 196 202 2
187 200 206 2
181 194 200 2
194 207 213 2
185 196 202 2
183 194 200 2
179 190 196 2
180 191 195 2
165 174 179 2
168 178 180 2
172 182 184 2
162 172 173 2
183 193 194 2
164 174 173 2
165 174 173 2
146 155 154 2
155 165 164 2
100 111 107 2
145 155 154 2
190 201 197 2
120 130 129 2
138 148 147 2
156 165 164 2
165 174 169 2
174 185 169 2
190 201 184 2
180 192 178 2
175 187 177 2
191 202 196 2
187 200 193 2
186 199 189 2
193 208 185 2
151 173 127 2
163 185 136 2
155 175 138 2
170 190 153 2
145 167 120 2
136 158 109 2
133 151 109 2
141 160 115 2
153 174 117 2
156 177 112 2
146 167 98 2
145 166 97 2
141 162 97 2
153 173 110 2
136 149 140 2
131 144 134 2
145 158 148 2
139 155 142 2
139 157 143 2
134 155 140 2
132 153 136 2
132 153 136 2
128 151 133 2
136 159 143 2
148 170 157 2
155 177 165 2
151 172 163 2
171 192 185 2
167 188 183 2
170 189 185 2
162 178 175 2
157 172 169 2
144 159 156 2
147 162 159 2
147 163 160 2
143 159 156 2
145 161 158 2
166 182 179 2
173 188 185 2
168 182 182 2
152 166 166 2
153 167 167 2
148 160 160 2
168 179 181 2
174 185 187 2
173 184 188 2
165 176 182 2
170 180 189 2
171 181 190 2
170 180 189 2
177 187 196 2
181 191 200 2
174 183 192 2
172 181 190 2
182 190 201 2
188 198 208 2
184 194 204 2
170 180 190 2
171 181 191 2
169 179 189 2
167 177 187 2
172 182 191 2
164 173 180 2
175 184 189 2
184 193 198 2
178 189 195 2
173 184 190 2
183 196 204 2
170 183 191 2
176 191 198 2
180 195 202 2
177 194 201 2
169 186 193 2
170 188 192 2
164 182 186 2
165 183 185 2
159 177 179 2
175 193 195 2
184 198 201 2
184 198 201 2
180 193 199 2
173 188 193 2
156 171 176 2
171 186 191 2
164 179 184 2
162 177 182 2
168 183 188 2
161 176 181 2
167 180 186 2
181 194 200 2
187 200 206 2
174 187 193 2
180 191 197 2
171 182 188 2
164 175 181 2
155 166 172 2
162 171 176 2
164 173 178 2
135 145 147 2
157 167 169 2
171 181 182 2
168 178 179 2
159 168 167 2
158 167 166 2
148 158 157 2
147 157 156 2
148 158 157 2
132 142 141 2
149 159 158 2
158 168 167 2
160 168 170 2
163 172 169 2
158 169 155 2
159 170 154 2
162 174 164 2
144 155 149 2
145 155 154 2
162 172 173 2
173 185 185 2
177 190 181 2
155 173 147 2
153 172 142 2
162 182 157 2
159 179 152 2
153 175 137 2
146 169 127 2
150 170 135 2
160 177 141 2
157 176 130 2
154 175 119 2
146 166 107 2
140 160 99 2
139 158 102 2
161 180 125 2
126 138 128 2
132 144 132 2
126 138 126 2
129 143 128 2
126 140 125 2
124 141 125 2
118 135 119 2
122 140 124 2
120 138 124 2
127 145 133 2
150 167 157 2
152 169 163 2
165 181 178 2
164 180 179 2
166 182 182 2
166 182 182 2
166 180 180 2
160 174 174 2
144 158 158 2
141 155 155 2
142 156 156 2
146 160 160 2
148 162 162 2
162 176 176 2
159 173 173 2
160 174 175 2
150 161 163 2
155 166 168 2
154 165 167 2
161 172 176 2
169 180 184 2
168 179 183 2
174 185 191 2
178 189 195 2
176 186 195 2
167 177 186 2
168 178 187 2
181 191 200 2
169 179 189 2
175 185 195 2
169 179 189 2
181 194 203 2
179 192 201 2
181 194 203 2
172 185 194 2
171 184 193 2
169 182 191 2
171 184 192 2
159 172 178 2
164 177 183 2
166 179 185 2
172 185 193 2
174 187 195 2
175 188 197 2
178 191 200 2
172 185 194 2
175 188 197 2
182 195 204 2
166 179 188 2
169 184 191 2
171 186 193 2
164 179 186 2
175 190 197 2
173 188 193 2
171 186 191 2
165 180 185 2
157 172 177 2
167 182 187 2
171 186 191 2
168 186 190 2
158 176 180 2
160 178 182 2
158 173 180 2
158 173 180 2
162 177 182 2
157 172 177 2
166 179 185 2
169 182 188 2
165 178 184 2
166 179 185 2
169 180 184 2
165 176 180 2
167 178 182 2
163 174 178 2
148 158 160 2
138 148 150 2
158 168 169 2
172 182 183 2
170 180 179 2
149 159 158 2
151 161 160 2
154 164 163 2
153 164 160 2
137 148 144 2
144 155 151 2
153 163 162 2
160 170 172 2
148 158 157 2
150 161 147 2
154 165 151 2
158 168 160 2
162 171 170 2
171 181 182 2
173 182 187 2
173 184 190 2
168 180 180 2
155 171 160 2
161 178 162 2
165 183 169 2
155 176 159 2
149 172 144 2
146 169 140 2
155 173 147 2
166 185 157 2
161 181 144 2
150 172 126 2
144 164 115 2
132 152 101 2
138 155 110 2
156 173 129 2
118 129 121 2
122 134 124 2
121 133 123 2
117 129 119 2
116 128 118 2
104 117 107 2
110 123 113 2
111 127 116 2
113 126 117 2
114 129 122 2
130 142 138 2
146 161 158 2
152 164 164 2
148 162 163 2
158 169 173 2
149 163 164 2
150 164 164 2
146 160 160 2
139 153 153 2
132 146 146 2
138 152 152 2
138 152 152 2
145 159 159 2
153 167 167 2
154 168 168 2
157 171 171 2
156 167 169 2
154 165 167 2
154 165 167 2
154 165 167 2
156 167 169 2
152 163 165 2
159 170 172 2
164 175 179 2
164 175 179 2
166 177 183 2
175 186 192 2
165 176 182 2
172 182 191 2
171 181 190 2
169 182 190 2
170 183 191 2
172 185 193 2
173 186 194 2
171 184 192 2
168 181 189 2
168 181 189 2
156 171 178 2
159 174 179 2
159 174 179 2
161 176 183 2
160 173 181 2
163 176 184 2
165 178 187 2
164 174 184 2
173 183 193 2
170 180 190 2
168 178 188 2
172 182 192 2
165 178 187 2
159 172 181 2
159 172 181 2
155 168 176 2
158 173 180 2
157 172 177 2
156 171 176 2
150 165 170 2
157 172 177 2
156 174 178 2
158 176 180 2
154 172 176 2
149 167 171 2
151 166 171 2
148 163 168 2
153 168 173 2
157 172 177 2
157 170 176 2
159 172 178 2
163 176 182 2
162 175 181 2
164 175 179 2
160 171 173 2
166 177 181 2
166 177 179 2
159 169 171 2
156 166 167 2
154 164 165 2
148 158 157 2
151 161 160 2
150 161 157 2
152 162 161 2
144 155 151 2
147 158 154 2
137 148 144 2
138 149 145 2
136 146 145 2
132 142 144 2
138 148 147 2
141 151 140 2
152 163 149 2
161 170 165 2
160 168 170 2
160 170 172 2
157 166 171 2
158 168 177 2
156 167 173 2
158 173 170 2
162 179 171 2
164 181 175 2
149 169 160 2
147 170 154 2
147 168 149 2
152 171 152 2
163 181 159 2
160 179 149 2
145 165 128 2
145 163 123 2
130 148 106 2
135 151 112 2
137 153 116 2
122 131 130 2
119 128 125 2
119 128 125 2
116 127 123 2
110 121 117 2
105 116 112 2
106 117 113 2
106 118 114 2
110 120 119 2
111 123 121 2
117 127 126 2
122 134 134 2
123 133 134 2
119 131 131 2
123 133 134 2
130 142 142 2
136 148 146 2
132 144 142 2
129 141 139 2
129 141 139 2
130 142 140 2
132 144 142 2
136 151 148 2
143 158 155 2
158 170 168 2
158 170 168 2
156 168 168 2
146 158 158 2
139 151 151 2
144 156 156 2
149 159 160 2
143 153 152 2
144 156 154 2
148 160 158 2
153 165 163 2
158 170 170 2
163 175 175 2
167 179 179 2
164 178 179 2
161 175 176 2
162 176 179 2
165 179 182 2
168 182 185 2
170 184 187 2
170 185 188 2
168 183 186 2
162 177 180 2
157 172 175 2
153 171 175 2
151 169 173 2
150 168 172 2
153 168 173 2
154 167 173 2
153 166 174 2
156 166 175 2
158 168 177 2
166 175 184 2
162 172 181 2
157 167 176 2
155 165 174 2
151 161 170 2
147 160 168 2
147 160 168 2
140 153 161 2
144 159 164 2
145 160 165 2
146 161 166 2
145 160 165 2
141 159 163 2
142 160 164 2
142 157 160 2
137 152 155 2
138 153 156 2
144 159 162 2
144 159 162 2
151 166 169 2
158 172 175 2
162 176 179 2
166 179 185 2
161 175 178 2
154 168 169 2
153 167 167 2
153 164 166 2
152 164 164 2
150 162 162 2
148 160 158 2
146 156 155 2
145 156 152 2
143 154 150 2
139 150 144 2
132 143 139 2
128 139 133 2
129 140 134 2
129 140 134 2
127 138 132 2
126 137 133 2
124 134 135 2
121 131 130 2
127 137 128 2
143 153 142 2
156 165 162 2
159 167 169 2
159 169 171 2
160 169 174 2
152 163 169 2
152 163 169 2
152 166 167 2
154 170 169 2
159 175 175 2
158 177 175 2
149 170 165 2
140 160 151 2
141 159 145 2
156 173 154 2
148 166 140 2
140 159 129 2
146 163 129 2
133 150 114 2
122 137 104 2
135 150 117 2
110 119 118 2
106 116 115 2
106 115 114 2
103 113 114 2
99 109 110 2
97 107 108 2
98 108 109 2
99 109 110 2
102 112 113 2
103 113 114 2
106 116 115 2
112 122 121 2
115 125 124 2
117 127 126 2
118 129 125 2
121 132 128 2
122 134 130 2
120 132 128 2
118 130 128 2
119 131 127 2
120 132 130 2
120 132 128 2
121 136 133 2
124 139 134 2
134 146 144 2
135 147 143 2
135 147 143 2
130 142 138 2
128 140 136 2
134 146 142 2
139 150 146 2
134 145 141 2
136 149 142 2
140 153 146 2
144 156 152 2
146 158 154 2
150 162 160 2
155 167 165 2
155 169 169 2
154 168 168 2
156 170 171 2
158 172 173 2
160 174 175 2
161 175 176 2
159 175 175 2
157 173 173 2
153 169 169 2
149 164 167 2
144 162 164 2
144 162 164 2
145 163 167 2
148 163 166 2
148 163 168 2
148 161 167 2
148 161 167 2
151 162 168 2
156 167 173 2
156 167 173 2
154 165 171 2
150 163 169 2
145 158 164 2
142 155 161 2
143 158 165 2
139 154 159 2
137 152 157 2
140 155 158 2
141 156 161 2
138 153 156 2
132 147 152 2
131 146 149 2
132 147 150 2
130 146 146 2
128 143 146 2
133 149 149 2
135 150 153 2
140 156 156 2
145 159 162 2
148 162 165 2
153 167 170 2
151 165 168 2
153 167 167 2
151 166 163 2
150 162 162 2
147 159 157 2
144 156 154 2
141 153 149 2
140 151 147 2
139 150 144 2
135 146 140 2
129 140 134 2
120 131 125 2
116 127 121 2
117 128 122 2
118 129 123 2
117 128 122 2
118 129 125 2
119 129 128 2
121 132 128 2
128 138 129 2
138 148 139 2
148 157 154 2
152 160 162 2
152 162 163 2
152 162 164 2
148 159 163 2
148 159 163 2
145 159 160 2
144 158 159 2
147 162 165 2
149 167 169 2
149 167 169 2
146 165 163 2
141 158 148 2
151 168 152 2
143 160 141 2
135 153 129 2
141 157 130 2
130 146 117 2
120 134 108 2
130 144 118 2
97 108 104 2
95 107 103 2
93 104 100 2
89 101 99 2
87 99 97 2
88 100 98 2
89 101 101 2
88 100 100 2
90 102 100 2
93 105 103 2
96 108 104 2
100 112 108 2
105 118 111 2
109 122 115 2
111 124 115 2
110 123 114 2
114 125 119 2
111 122 116 2
110 121 117 2
110 121 115 2
110 122 118 2
109 122 115 2
110 122 118 2
112 125 118 2
112 124 120 2
113 126 119 2
115 128 121 2
117 130 123 2
121 132 126 2
127 138 132 2
130 141 133 2
127 138 130 2
126 139 132 2
130 142 138 2
133 145 143 2
134 146 144 2
137 149 149 2
140 152 152 2
141 155 156 2
142 156 157 2
142 156 159 2
143 157 160 2
144 158 161 2
144 158 161 2
143 157 160 2
142 156 159 2
140 154 157 2
137 152 155 2
137 152 155 2
140 156 156 2
143 158 161 2
143 159 159 2
141 156 159 2
140 155 158 2
138 153 156 2
137 151 154 2
139 153 156 2
141 156 159 2
142 157 160 2
141 156 159 2
133 151 153 2
129 147 149 2
132 151 155 2
131 149 151 2
133 148 151 2
134 148 149 2
134 148 151 2
129 143 144 2
122 136 139 2
121 135 136 2
122 136 137 2
120 134 134 2
119 133 134 2
124 138 138 2
126 140 141 2
128 142 142 2
130 144 145 2
133 147 148 2
137 151 152 2
137 151 152 2
141 156 153 2
139 154 149 2
138 150 148 2
136 148 144 2
135 146 142 2
133 144 138 2
131 142 136 2
130 141 133 2
127 137 129 2
121 131 123 2
112 122 114 2
108 118 110 2
109 119 111 2
111 121 113 2
111 121 113 2
112 121 116 2
116 125 122 2
122 131 126 2
129 139 130 2
133 143 135 2
137 148 144 2
141 151 150 2
141 151 150 2
139 149 148 2
141 153 153 2
144 156 156 2
144 158 158 2
145 159 160 2
145 160 163 2
148 163 166 2
150 165 170 2
151 167 167 2
145 160 155 2
147 163 152 2
140 154 139 2
132 146 129 2
135 148 130 2
127 140 120 2
118 131 111 2
122 135 115 2
88 101 92 2
89 102 93 2
86 99 92 2
81 94 87 2
80 92 88 2
80 92 88 2
80 92 90 2
80 92 90 2
79 91 87 2
84 96 92 2
90 103 96 2
93 106 97 2
95 108 99 2
98 111 101 2
100 113 103 2
102 115 105 2
106 117 109 2
103 114 108 2
100 111 105 2
99 110 104 2
99 112 105 2
100 113 106 2
102 115 108 2
104 117 110 2
103 116 109 2
103 116 107 2
105 118 109 2
108 121 111 2
112 124 114 2
115 127 117 2
117 129 119 2
116 128 118 2
114 127 118 2
117 130 123 2
121 133 129 2
124 136 132 2
126 138 136 2
129 141 139 2
129 143 143 2
130 144 144 2
128 142 143 2
129 143 144 2
128 142 143 2
126 140 141 2
124 138 139 2
124 138 139 2
123 137 138 2
123 137 138 2
127 141 142 2
131 147 146 2
136 150 151 2
135 151 150 2
134 150 149 2
132 148 147 2
129 145 144 2
126 142 141 2
129 145 144 2
131 147 146 2
130 149 147 2
130 148 148 2
124 144 143 2
121 141 140 2
123 145 143 2
123 143 142 2
128 144 144 2
124 138 139 2
120 134 135 2
116 130 130 2
113 127 128 2
112 126 126 2
111 125 125 2
106 121 118 2
108 122 122 2
112 127 124 2
114 128 128 2
116 131 128 2
118 132 132 2
121 135 135 2
125 139 139 2
126 140 140 2
123 138 135 2
122 137 132 2
124 136 132 2
123 135 131 2
123 134 128 2
121 132 126 2
119 130 122 2
118 129 121 2
114 124 116 2
111 121 113 2
104 114 106 2
101 111 103 2
103 113 105 2
103 113 105 2
103 113 105 2
105 115 107 2
110 120 112 2
118 128 120 2
124 134 126 2
127 137 129 2
129 140 134 2
132 143 139 2
133 144 140 2
131 143 139 2
131 143 141 2
137 149 147 2
141 155 155 2
145 159 159 2
146 160 161 2
146 160 163 2
145 159 162 2
144 158 159 2
141 156 153 2
142 155 148 2
134 147 138 2
127 140 130 2
127 139 127 2
122 134 120 2
117 129 115 2
118 130 116 2
78 92 79 2
83 97 84 2
81 95 82 2
76 90 77 2
75 88 78 2
74 87 77 2
71 84 75 2
72 85 76 2
70 83 74 2
74 87 78 2
80 93 84 2
84 97 87 2
85 98 88 2
85 98 88 2
87 100 90 2
89 102 92 2
91 102 94 2
89 98 93 2
86 97 91 2
86 97 91 2
88 99 93 2
89 100 94 2
90 103 94 2
92 105 96 2
95 108 99 2
95 108 98 2
96 108 98 2
97 109 97 2
98 110 98 2
98 110 96 2
98 110 96 2
100 112 98 2
101 113 101 2
104 116 104 2
108 120 110 2
112 123 115 2
114 127 120 2
117 130 123 2
119 131 127 2
120 132 128 2
119 134 131 2
119 134 131 2
118 130 130 2
114 126 126 2
111 123 121 2
110 122 120 2
111 123 121 2
111 123 121 2
113 125 123 2
116 131 128 2
123 135 135 2
123 138 135 2
125 140 137 2
125 140 137 2
122 138 135 2
119 135 132 2
120 136 133 2
120 136 133 2
117 136 132 2
118 137 135 2
114 134 132 2
112 132 130 2
114 134 132 2
112 131 129 2
115 129 129 2
111 123 123 2
106 118 118 2
104 116 114 2
102 114 114 2
102 114 112 2
100 112 110 2
95 107 103 2
95 107 105 2
97 109 105 2
101 113 111 2
104 116 112 2
108 120 118 2
113 125 123 2
115 127 125 2
116 128 126 2
110 122 118 2
111 123 119 2
112 125 118 2
113 126 119 2
113 124 118 2
110 121 115 2
107 117 109 2
104 114 106 2
98 108 100 2
96 106 98 2
92 102 93 2
90 100 91 2
91 101 92 2
91 101 92 2
92 102 94 2
96 106 98 2
101 111 102 2
105 115 106 2
113 123 115 2
119 129 121 2
122 133 125 2
123 136 127 2
125 138 131 2
125 140 135 2
125 140 137 2
128 143 140 2
133 145 145 2
136 148 148 2
138 150 150 2
139 151 151 2
138 150 150 2
136 148 148 2
131 143 141 2
130 141 137 2
126 137 133 2
120 131 125 2
117 126 121 2
114 124 116 2
114 124 116 2
115 125 117 2
71 83 73 2
76 90 77 2
77 89 77 2
74 86 74 2
74 86 76 2
71 83 73 2
68 80 70 2
70 82 72 2
70 82 72 2
69 81 71 2
71 83 73 2
76 87 79 2
79 90 82 2
80 91 83 2
78 89 81 2
78 89 81 2
79 88 83 2
79 88 83 2
79 90 84 2
81 92 86 2
82 93 87 2
83 94 88 2
82 95 86 2
82 95 86 2
85 98 88 2
88 102 89 2
89 101 89 2
88 100 86 2
90 102 88 2
89 102 85 2
90 103 86 2
93 106 89 2
95 108 91 2
96 108 94 2
98 110 96 2
99 111 99 2
99 112 102 2
102 115 106 2
104 117 108 2
105 118 111 2
106 121 116 2
106 121 116 2
107 119 115 2
104 116 112 2
101 113 109 2
102 114 110 2
102 114 110 2
102 114 110 2
103 115 113 2
106 118 116 2
110 122 120 2
113 125 121 2
117 129 125 2
116 131 126 2
116 131 126 2
115 130 125 2
114 129 124 2
112 127 122 2
108 125 119 2
110 126 123 2
109 125 122 2
107 123 120 2
109 125 122 2
105 121 118 2
102 114 114 2
98 110 108 2
95 107 105 2
92 104 102 2
89 101 99 2
88 100 96 2
88 100 96 2
86 99 92 2
84 96 92 2
84 97 90 2
89 101 97 2
91 103 99 2
96 108 104 2
101 113 109 2
101 113 109 2
102 114 110 2
98 110 106 2
100 112 108 2
102 115 108 2
103 116 109 2
103 114 108 2
100 111 105 2
96 106 98 2
92 102 94 2
89 99 91 2
87 97 89 2
83 93 84 2
81 91 82 2
82 92 83 2
83 93 84 2
86 96 88 2
91 101 92 2
93 103 92 2
95 105 94 2
102 112 104 2
109 120 112 2
113 125 115 2
113 126 116 2
113 129 119 2
117 132 127 2
118 133 130 2
118 132 132 2
120 132 132 2
122 134 134 2
124 136 136 2
125 135 134 2
124 135 131 2
122 133 129 2
117 128 124 2
117 128 124 2
114 125 121 2
108 119 115 2
104 113 110 2
102 111 106 2
102 111 106 2
103 113 105 2
69 78 75 2
73 84 78 2
74 83 78 2
74 83 78 2
77 87 79 2
73 83 75 2
68 78 70 2
72 82 74 2
72 82 74 2
72 82 74 2
71 81 73 2
72 81 76 2
77 86 81 2
81 90 85 2
79 88 85 2
74 83 80 2
78 87 82 2
79 88 83 2
80 89 84 2
81 90 85 2
81 92 86 2
81 92 86 2
82 93 85 2
82 93 85 2
82 94 84 2
87 99 87 2
87 99 87 2
86 98 84 2
89 102 85 2
89 102 84 2
89 102 84 2
93 106 88 2
94 107 89 2
94 107 90 2
94 107 90 2
93 105 91 2
91 105 92 2
91 104 94 2
94 107 98 2
96 109 100 2
98 111 104 2
98 111 104 2
98 111 104 2
97 110 103 2
99 110 104 2
100 111 105 2
102 113 107 2
102 113 107 2
102 113 109 2
102 113 109 2
103 114 110 2
106 118 114 2
109 121 117 2
111 124 117 2
111 124 117 2
111 124 117 2
114 127 120 2
111 124 117 2
110 121 115 2
113 124 120 2
112 123 119 2
110 121 117 2
111 122 118 2
106 117 113 2
99 109 108 2
95 106 102 2
92 103 99 2
88 99 95 2
83 94 90 2
81 92 86 2
81 92 86 2
80 91 83 2
79 90 84 2
78 89 81 2
82 93 87 2
83 94 88 2
86 99 92 2
91 104 97 2
91 104 97 2
94 107 100 2
92 104 100 2
93 105 101 2
95 107 103 2
96 108 104 2
96 107 101 2
93 104 98 2
91 101 93 2
88 98 90 2
88 95 88 2
84 91 84 2
79 86 79 2
78 85 78 2
81 88 81 2
82 89 82 2
85 92 85 2
90 97 89 2
91 99 86 2
93 101 90 2
96 106 98 2
101 112 104 2
104 116 104 2
103 117 104 2
103 119 109 2
107 122 117 2
105 119 119 2
104 118 119 2
107 118 120 2
108 120 120 2
109 119 120 2
109 118 115 2
108 118 110 2
106 116 107 2
106 116 108 2
106 116 108 2
103 112 107 2
99 109 101 2
98 105 98 2
96 103 95 2
94 101 93 2
94 101 93 2
69 78 75 2
73 82 79 2
73 82 79 2
74 83 78 2
81 87 83 2
76 82 78 2
71 78 71 2
75 82 75 2
75 82 75 2
77 84 77 2
76 82 78 2
73 79 75 2
77 83 79 2
83 89 87 2
83 89 87 2
78 84 82 2
81 90 85 2
81 90 85 2
80 89 84 2
79 88 83 2
78 89 83 2
79 90 82 2
82 93 85 2
84 96 86 2
83 95 83 2
88 100 86 2
87 99 85 2
85 98 81 2
87 100 82 2
87 100 80 2
86 99 79 2
88 102 79 2
93 106 86 2
94 107 87 2
96 107 90 2
94 107 89 2
91 104 87 2
90 104 89 2
94 106 94 2
96 109 99 2
95 108 98 2
96 109 100 2
96 109 100 2
97 110 101 2
99 110 102 2
102 113 107 2
102 113 107 2
102 113 107 2
102 113 107 2
99 110 104 2
98 109 105 2
102 113 107 2
105 118 111 2
106 119 112 2
107 120 113 2
108 121 114 2
109 120 114 2
107 118 112 2
106 117 111 2
110 121 115 2
110 119 114 2
107 116 111 2
108 117 114 2
104 113 108 2
103 114 108 2
97 108 102 2
91 102 96 2
86 97 91 2
80 91 85 2
78 89 83 2
77 88 80 2
74 85 77 2
74 85 77 2
72 83 75 2
77 88 80 2
78 89 81 2
81 94 87 2
88 101 94 2
88 101 94 2
93 106 99 2
93 106 99 2
93 106 99 2
93 105 101 2
94 105 99 2
93 104 98 2
91 102 94 2
89 99 91 2
87 97 89 2
84 91 84 2
80 87 80 2
74 81 74 2
75 82 75 2
79 86 79 2
80 87 80 2
81 88 81 2
85 92 84 2
88 96 85 2
91 99 88 2
94 104 96 2
98 108 100 2
99 111 99 2
99 113 100 2
102 115 106 2
102 117 110 2
103 115 113 2
103 115 115 2
102 114 114 2
103 113 112 2
102 113 109 2
102 111 106 2
102 112 103 2
102 112 101 2
97 107 98 2
98 108 99 2
95 105 96 2
92 102 93 2
95 102 94 2
94 102 91 2
92 100 89 2
91 99 88 2
71 80 75 2
71 80 75 2
75 84 79 2
77 87 79 2
75 85 77 2
77 87 79 2
78 88 80 2
75 85 77 2
76 86 78 2
73 83 75 2
74 84 76 2
75 85 77 2
79 89 81 2
82 91 86 2
80 89 84 2
80 89 84 2
80 89 84 2
81 90 85 2
79 88 83 2
80 89 84 2
78 88 80 2
82 92 84 2
83 93 85 2
86 96 87 2
86 96 85 2
89 100 86 2
88 99 83 2
87 98 81 2
85 98 78 2
85 99 76 2
84 98 73 2
86 100 75 2
91 103 81 2
92 104 82 2
96 105 84 2
93 105 83 2
93 105 85 2
93 106 88 2
95 106 89 2
94 107 90 2
96 108 94 2
99 111 99 2
98 110 98 2
98 110 100 2
101 114 104 2
100 113 104 2
98 111 102 2
100 113 104 2
97 108 100 2
97 108 100 2
99 110 104 2
101 112 104 2
103 114 106 2
103 114 106 2
104 115 107 2
106 117 109 2
104 115 107 2
103 114 106 2
103 114 106 2
104 117 108 2
106 117 109 2
106 117 109 2
106 117 111 2
106 117 109 2
102 115 106 2
98 111 102 2
91 102 94 2
83 94 86 2
77 88 80 2
73 84 76 2
71 81 73 2
69 79 71 2
71 81 73 2
75 85 77 2
74 85 79 2
75 86 80 2
80 91 85 2
85 96 90 2
88 101 94 2
92 105 98 2
94 105 99 2
95 106 98 2
97 108 102 2
95 105 97 2
95 105 97 2
90 100 92 2
89 99 91 2
87 97 88 2
83 93 84 2
78 88 79 2
78 88 79 2
73 83 74 2
75 82 74 2
78 85 77 2
76 83 75 2
80 87 79 2
82 89 81 2
87 94 86 2
90 100 91 2
94 104 95 2
98 108 99 2
98 110 100 2
99 110 102 2
100 113 104 2
101 112 106 2
102 113 107 2
103 114 108 2
104 115 109 2
102 113 105 2
101 112 104 2
101 113 103 2
101 113 103 2
96 108 98 2
94 106 96 2
94 104 95 2
92 102 91 2
92 100 89 2
92 98 88 2
93 99 89 2
92 98 86 2
72 82 74 2
71 81 73 2
75 85 77 2
77 87 79 2
76 86 78 2
79 89 81 2
81 91 83 2
78 88 80 2
78 88 80 2
75 85 77 2
76 86 78 2
75 85 77 2
78 88 80 2
80 90 82 2
77 87 79 2
77 87 79 2
80 89 84 2
81 90 85 2
78 87 82 2
80 89 84 2
77 87 79 2
81 91 83 2
82 92 83 2
85 95 84 2
83 93 82 2
85 96 80 2
84 95 79 2
82 94 74 2
81 94 74 2
81 95 72 2
80 94 69 2
81 95 69 2
88 100 76 2
93 103 79 2
96 106 82 2
95 105 81 2
92 104 82 2
92 104 82 2
93 105 85 2
94 106 86 2
91 104 86 2
94 107 90 2
94 106 92 2
94 106 94 2
97 110 100 2
96 109 99 2
93 106 97 2
94 107 98 2
93 104 96 2
94 105 97 2
96 107 99 2
99 110 102 2
101 112 104 2
101 112 104 2
100 111 103 2
99 110 102 2
97 108 100 2
96 107 99 2
97 110 101 2
101 114 105 2
104 117 108 2
105 118 109 2
104 117 108 2
104 117 108 2
101 114 104 2
97 110 100 2
91 102 94 2
83 94 86 2
77 88 80 2
73 84 76 2
71 81 73 2
70 80 72 2
71 81 73 2
74 84 76 2
74 85 79 2
75 86 80 2
80 91 85 2
85 96 90 2
88 101 94 2
92 105 98 2
95 106 98 2
94 105 97 2
96 106 98 2
94 104 96 2
95 105 97 2
91 101 93 2
90 100 91 2
87 97 88 2
83 93 84 2
77 87 78 2
75 85 76 2
73 83 74 2
76 83 75 2
79 86 78 2
80 87 79 2
82 89 81 2
86 93 85 2
90 97 89 2
91 101 92 2
94 104 95 2
97 107 99 2
96 106 98 2
94 105 97 2
95 106 98 2
101 112 104 2
101 112 104 2
101 112 104 2
100 111 103 2
99 111 101 2
98 110 100 2
98 110 100 2
99 111 101 2
94 106 96 2
92 104 94 2
93 103 92 2
94 102 91 2
92 98 88 2
91 97 87 2
93 96 85 2
92 95 84 2
70 80 72 2
70 80 72 2
73 83 75 2
75 85 77 2
75 85 77 2
79 89 81 2
82 92 84 2
81 91 83 2
80 90 82 2
77 87 79 2
78 88 80 2
77 87 79 2
77 87 79 2
78 88 80 2
75 85 77 2
75 85 77 2
78 87 82 2
79 88 83 2
77 87 79 2
78 88 80 2
75 85 77 2
78 88 80 2
78 88 79 2
81 91 80 2
82 92 81 2
83 94 78 2
81 92 76 2
79 91 71 2
79 92 72 2
80 94 71 2
79 93 68 2
79 93 68 2
84 96 72 2
89 101 77 2
93 105 81 2
93 105 81 2
91 103 81 2
91 103 81 2
92 104 82 2
93 105 85 2
89 102 84 2
91 104 87 2
90 102 88 2
91 103 91 2
93 105 95 2
93 105 95 2
89 100 92 2
89 100 92 2
89 100 92 2
90 101 93 2
93 104 96 2
97 108 100 2
99 110 102 2
97 108 100 2
94 105 97 2
92 103 95 2
91 102 94 2
92 103 95 2
95 108 99 2
100 113 104 2
105 118 109 2
105 118 109 2
104 117 108 2
103 116 107 2
99 112 102 2
95 108 98 2
90 102 92 2
83 95 85 2
77 89 79 2
73 85 75 2
72 82 74 2
71 81 73 2
71 81 73 2
74 84 76 2
74 85 77 2
76 87 79 2
81 92 84 2
85 96 88 2
88 101 92 2
92 105 96 2
95 106 98 2
91 102 94 2
91 102 94 2
90 101 93 2
95 105 97 2
91 101 93 2
90 100 91 2
88 98 89 2
83 93 84 2
79 89 80 2
73 83 74 2
74 84 75 2
78 85 77 2
80 87 79 2
83 90 82 2
83 90 82 2
86 93 85 2
90 97 89 2
91 101 92 2
95 105 96 2
99 109 100 2
99 109 100 2
98 109 101 2
99 110 102 2
104 115 107 2
103 114 106 2
102 114 104 2
100 112 102 2
98 110 100 2
98 110 100 2
98 110 100 2
98 110 100 2
93 103 92 2
91 101 90 2
93 101 90 2
92 100 89 2
90 96 86 2
90 96 86 2
92 95 84 2
90 93 82 2
68 78 70 2
69 79 71 2
71 81 73 2
73 83 75 2
75 85 77 2
79 89 81 2
81 91 83 2
80 90 82 2
80 90 82 2
78 88 80 2
80 90 82 2
78 88 80 2
78 88 80 2
78 88 80 2
75 85 77 2
75 85 77 2
76 85 80 2
77 86 81 2
75 85 77 2
77 87 79 2
73 83 75 2
74 84 76 2
73 83 74 2
76 86 77 2
79 89 78 2
81 92 78 2
80 91 75 2
79 90 73 2
80 93 73 2
81 95 72 2
80 94 71 2
80 94 69 2
81 93 69 2
87 99 75 2
92 104 80 2
93 105 81 2
91 103 81 2
91 103 81 2
91 103 81 2
92 104 82 2
90 103 83 2
91 104 86 2
90 103 86 2
90 102 88 2
91 103 91 2
91 103 93 2
88 100 90 2
87 98 90 2
87 98 90 2
88 99 91 2
91 102 94 2
94 105 97 2
95 106 98 2
93 104 96 2
89 100 92 2
87 98 90 2
89 100 92 2
91 102 94 2
94 107 98 2
99 112 103 2
102 115 106 2
102 115 106 2
100 113 104 2
99 112 102 2
95 108 98 2
93 106 96 2
90 102 92 2
84 96 86 2
78 90 80 2
73 85 75 2
72 82 74 2
72 82 74 2
72 82 74 2
75 85 77 2
75 86 78 2
77 88 80 2
82 93 85 2
85 96 88 2
88 101 92 2
91 104 95 2
94 105 97 2
89 100 92 2
89 100 92 2
89 100 92 2
94 104 96 2
90 100 92 2
90 100 91 2
89 99 90 2
84 94 85 2
82 92 83 2
74 84 75 2
76 86 77 2
80 87 79 2
80 87 79 2
84 91 83 2
82 89 81 2
88 95 87 2
91 98 90 2
91 101 92 2
94 104 95 2
97 107 98 2
97 107 98 2
95 106 98 2
96 107 99 2
102 113 105 2
101 112 104 2
98 110 100 2
96 108 98 2
96 108 98 2
96 108 98 2
95 107 97 2
94 104 93 2
89 99 88 2
89 97 86 2
90 98 87 2
90 98 87 2
88 94 84 2
89 95 85 2
91 94 83 2
90 93 82 2
66 76 68 2
69 79 71 2
71 81 73 2
73 83 75 2
76 86 78 2
79 89 81 2
79 89 81 2
79 89 81 2
79 89 81 2
78 88 80 2
81 91 83 2
80 90 82 2
79 89 81 2
79 89 81 2
77 87 79 2
78 88 80 2
77 87 79 2
77 87 79 2
75 85 77 2
77 87 79 2
72 82 74 2
73 83 75 2
71 81 72 2
73 83 74 2
75 85 74 2
79 90 76 2
79 90 74 2
79 90 73 2
80 93 73 2
80 94 71 2
79 93 70 2
79 93 70 2
81 93 71 2
85 97 75 2
89 101 77 2
92 104 80 2
92 104 80 2
92 104 80 2
92 104 82 2
91 103 81 2
93 106 86 2
93 106 88 2
92 105 88 2
91 103 89 2
89 101 87 2
89 101 89 2
88 100 88 2
86 98 88 2
85 95 86 2
86 96 87 2
88 100 90 2
90 102 92 2
89 101 91 2
87 99 89 2
85 97 87 2
85 97 87 2
87 99 89 2
90 102 92 2
93 106 96 2
96 109 99 2
97 110 100 2
96 109 99 2
95 108 98 2
94 107 97 2
92 105 95 2
90 104 91 2
88 100 90 2
85 97 87 2
80 92 82 2
74 86 76 2
73 83 74 2
73 83 74 2
73 83 74 2
76 86 77 2
76 87 79 2
78 89 81 2
83 94 86 2
86 97 89 2
88 101 92 2
91 104 95 2
92 103 95 2
89 100 92 2
90 101 93 2
89 100 92 2
94 104 96 2
90 100 92 2
91 101 92 2
90 100 91 2
84 94 85 2
83 93 84 2
77 87 78 2
78 88 79 2
81 88 80 2
79 86 78 2
84 92 81 2
83 91 80 2
87 97 86 2
90 100 89 2
92 102 91 2
93 103 92 2
96 106 97 2
96 106 97 2
95 107 97 2
97 109 99 2
99 111 101 2
98 110 100 2
96 108 98 2
95 107 97 2
95 107 95 2
95 107 95 2
93 103 92 2
89 99 88 2
89 97 86 2
88 94 82 2
88 94 82 2
88 94 82 2
89 92 81 2
90 93 82 2
94 96 85 2
93 95 84 2
65 75 67 2
68 78 70 2
70 80 72 2
71 81 73 2
76 86 78 2
77 87 79 2
75 85 77 2
75 85 77 2
76 86 78 2
77 87 79 2
81 91 83 2
81 91 83 2
80 90 82 2
81 91 83 2
79 89 81 2
81 91 83 2
79 89 81 2
79 89 81 2
77 87 79 2
79 89 81 2
74 84 76 2
74 84 76 2
72 82 73 2
74 84 75 2
75 85 74 2
79 90 76 2
80 91 77 2
80 91 75 2
80 93 75 2
80 93 73 2
78 91 71 2
79 93 70 2
81 93 71 2
84 96 74 2
88 100 76 2
91 103 79 2
93 105 81 2
94 106 82 2
93 105 83 2
92 104 82 2
94 107 87 2
93 106 86 2
94 107 89 2
91 104 87 2
87 100 83 2
87 99 85 2
87 99 87 2
84 96 84 2
82 92 83 2
83 93 84 2
83 95 85 2
84 96 86 2
83 95 85 2
81 93 83 2
81 93 83 2
82 94 84 2
85 97 87 2
89 101 91 2
92 105 95 2
93 106 96 2
93 106 96 2
93 106 96 2
92 105 95 2
92 105 95 2
90 104 91 2
88 102 89 2
87 99 89 2
84 96 86 2
80 92 82 2
75 87 77 2
74 84 75 2
74 84 75 2
75 85 76 2
77 87 78 2
77 88 80 2
80 91 83 2
84 95 87 2
86 97 89 2
88 101 92 2
91 104 95 2
91 102 94 2
90 101 93 2
92 103 95 2
90 101 93 2
94 104 96 2
91 101 93 2
92 102 93 2
90 100 91 2
84 94 85 2
83 93 84 2
81 91 82 2
81 91 82 2
82 89 81 2
81 88 80 2
84 92 81 2
85 93 82 2
85 95 84 2
89 99 88 2
90 100 89 2
91 101 90 2
92 102 93 2
93 103 94 2
93 105 95 2
96 108 98 2
96 108 98 2
96 108 98 2
96 108 98 2
94 106 96 2
94 106 94 2
93 105 93 2
90 100 89 2
88 96 85 2
88 94 82 2
86 92 80 2
86 92 80 2
87 93 81 2
88 91 80 2
90 93 82 2
95 97 86 2
94 96 85 2
64 74 65 2
68 78 69 2
68 78 69 2
69 79 70 2
74 84 75 2
75 85 76 2
72 82 73 2
72 82 73 2
73 83 74 2
75 85 76 2
80 90 81 2
80 90 81 2
80 90 81 2
81 91 82 2
79 89 80 2
82 92 83 2
81 91 82 2
80 90 81 2
78 88 79 2
80 90 81 2
76 86 77 2
75 85 76 2
73 83 74 2
76 86 77 2
76 86 75 2
79 90 76 2
80 91 77 2
80 91 75 2
82 95 77 2
82 95 75 2
80 93 73 2
80 93 73 2
81 95 72 2
84 98 75 2
87 101 76 2
90 104 79 2
93 107 82 2
94 108 83 2
94 108 83 2
92 106 81 2
94 106 84 2
94 106 86 2
96 108 88 2
93 104 87 2
87 98 82 2
87 98 82 2
86 97 83 2
82 92 81 2
80 90 81 2
80 90 81 2
81 91 82 2
81 91 82 2
79 91 81 2
78 90 80 2
79 91 81 2
80 92 82 2
83 95 85 2
87 99 89 2
91 103 93 2
93 105 95 2
93 106 96 2
93 106 96 2
92 105 95 2
92 105 95 2
90 104 91 2
87 101 88 2
84 96 84 2
83 95 83 2
80 92 80 2
76 88 76 2
75 85 76 2
76 86 77 2
77 87 78 2
79 89 80 2
79 91 81 2
82 94 84 2
86 98 88 2
87 99 89 2
88 101 91 2
92 105 95 2
90 101 93 2
91 102 94 2
94 105 97 2
91 102 94 2
93 105 95 2
91 103 93 2
92 102 93 2
89 99 90 2
84 94 85 2
83 93 84 2
84 94 85 2
83 93 84 2
82 92 81 2
81 91 80 2
82 90 79 2
85 93 82 2
85 95 84 2
88 98 87 2
88 98 87 2
85 95 84 2
83 93 82 2
81 91 80 2
81 93 83 2
85 97 87 2
91 103 93 2
93 105 95 2
95 105 94 2
93 103 92 2
90 100 89 2
88 98 87 2
85 95 84 2
83 91 80 2
88 94 82 2
89 92 81 2
89 92 81 2
89 92 81 2
90 92 81 2
92 94 83 2
94 96 85 2
94 96 85 2
126 156 184 2
136 163 192 2
153 174 203 2
172 189 215 2
188 205 221 2
199 213 224 2
207 217 227 2
212 222 232 2
201 214 231 2
177 193 209 2
200 213 230 2
196 209 225 2
205 213 232 2
201 216 239 2
156 183 213 2
40 78 117 2
35 82 128 2
66 111 153 2
99 125 158 2
177 193 218 2
195 201 225 2
200 207 235 2
173 193 226 2
154 186 225 2
146 184 233 2
96 141 198 2
139 184 251 2
54 112 185 2
13 95 168 2
0 87 161 2
27 105 180 2
76 151 232 2
0 81 171 2
1 90 180 2
4 96 181 2
2 95 175 2
5 92 171 2
7 89 165 2
12 81 156 2
26 93 164 2
25 90 158 2
14 83 150 2
35 110 178 2
32 112 185 2
36 117 196 2
14 94 179 2
8 84 172 2
18 92 181 2
13 89 175 2
9 88 167 2
9 92 162 2
26 101 159 2
127 177 226 2
120 158 203 2
92 128 178 2
92 132 183 2
14 61 107 2
147 200 244 2
149 202 246 2
94 156 207 2
18 95 165 2
0 85 160 2
0 85 157 2
0 88 158 2
124 153 187 2
123 152 186 2
139 165 198 2
151 176 206 2
172 193 220 2
177 195 217 2
184 199 220 2
177 192 211 2
191 206 225 2
201 214 231 2
204 216 232 2
215 224 239 2
216 228 244 2
213 228 249 2
206 230 255 2
150 181 212 2
139 178 217 2
132 167 205 2
213 234 255 2
213 225 247 2
209 215 239 2
191 201 228 2
173 192 225 2
127 155 194 2
100 134 179 2
72 109 161 2
129 169 230 2
42 95 163 2
26 105 174 2
45 133 207 2
47 128 207 2
19 100 182 2
8 93 183 2
1 90 180 2
6 95 179 2
13 99 176 2
21 98 168 2
18 86 151 2
33 91 154 2
128 182 244 2
108 163 227 2
63 124 191 2
39 109 181 2
27 105 180 2
21 102 181 2
25 106 187 2
22 96 181 2
24 95 177 2
25 94 172 2
29 97 170 2
32 101 166 2
29 90 147 2
61 103 153 2
126 160 208 2
85 122 175 2
150 193 246 2
74 125 178 2
128 186 236 2
37 94 147 2
26 88 149 2
15 89 164 2
5 88 166 2
2 90 162 2
0 82 152 2
106 134 181 2
134 165 211 2
151 186 228 2
144 181 223 2
130 163 206 2
149 178 222 2
135 160 201 2
171 194 228 2
199 216 242 2
205 216 234 2
220 226 240 2
214 220 232 2
211 223 237 2
209 225 240 2
196 213 229 2
206 224 244 2
222 244 255 2
209 229 253 2
216 227 245 2
220 227 245 2
207 213 235 2
208 218 245 2
194 210 243 2
151 174 208 2
108 132 168 2
171 196 237 2
144 172 222 2
69 111 169 2
49 123 188 2
25 113 185 2
2 91 173 2
11 101 189 2
8 99 190 2
6 94 183 2
17 95 178 2
24 92 163 2
34 89 145 2
191 234 255 2
198 232 255 2
201 233 255 2
158 195 250 2
102 150 216 2
45 108 187 2
35 110 193 2
28 106 188 2
32 111 188 2
30 104 177 2
28 95 163 2
34 88 152 2
79 125 185 2
125 168 223 2
112 148 200 2
141 169 217 2
110 140 192 2
167 207 255 2
98 149 212 2
68 132 194 2
29 97 162 2
28 93 161 2
33 99 175 2
13 83 168 2
10 88 171 2
1 84 162 2
3 91 163 2
97 142 197 2
82 129 183 2
56 109 161 2
45 98 152 2
36 85 143 2
53 95 153 2
70 107 159 2
128 159 203 2
162 183 214 2
199 211 233 2
210 217 235 2
214 221 237 2
210 223 239 2
190 206 219 2
205 217 229 2
217 227 239 2
201 214 230 2
225 236 254 2
216 222 238 2
204 210 226 2
197 205 226 2
182 194 220 2
195 212 240 2
159 178 210 2
208 227 255 2
192 212 245 2
184 207 249 2
136 173 225 2
30 98 159 2
15 102 173 2
13 104 187 2
9 98 188 2
15 103 192 2
50 131 213 2
26 94 167 2
47 103 164 2
151 194 239 2
190 224 255 2
198 226 255 2
146 178 219 2
134 173 230 2
70 119 186 2
46 105 181 2
59 126 204 2
27 95 166 2
26 92 153 2
60 120 174 2
83 133 182 2
144 182 231 2
176 207 254 2
170 197 240 2
157 181 225 2
125 149 195 2
144 175 229 2
52 100 162 2
42 103 170 2
35 107 179 2
27 103 178 2
32 105 182 2
19 91 173 2
19 93 178 2
16 92 176 2
8 90 166 2
0 84 157 2
42 124 184 2
18 98 161 2
13 90 158 2
14 87 156 2
43 112 181 2
46 107 170 2
56 107 160 2
157 196 239 2
167 193 228 2
178 195 225 2
188 202 229 2
185 199 225 2
195 212 232 2
215 231 247 2
233 242 251 2
240 247 255 2
204 213 230 2
204 212 233 2
204 207 226 2
193 196 215 2
200 211 231 2
202 217 238 2
174 192 216 2
194 214 239 2
200 220 245 2
195 216 245 2
182 206 244 2
192 230 255 2
48 113 171 2
30 109 178 2
27 109 191 2
22 104 190 2
55 130 211 2
40 107 177 2
109 164 218 2
157 204 248 2
182 221 255 2
166 205 248 2
114 157 210 2
85 137 197 2
67 128 195 2
40 105 173 2
69 133 197 2
76 135 193 2
61 109 157 2
155 194 233 2
212 242 255 2
206 230 255 2
197 220 252 2
179 199 234 2
187 206 236 2
198 223 253 2
187 220 255 2
136 182 232 2
60 118 182 2
38 108 180 2
22 101 178 2
25 108 186 2
16 102 179 2
15 98 174 2
14 96 172 2
15 94 169 2
13 91 165 2
14 92 166 2
0 92 158 2
1 94 163 2
10 96 171 2
8 91 167 2
27 109 182 2
38 111 179 2
84 143 201 2
158 202 251 2
158 187 227 2
153 173 208 2
160 179 212 2
176 195 225 2
182 202 229 2
205 221 244 2
216 229 246 2
222 234 250 2
215 227 249 2
207 217 242 2
215 219 244 2
204 210 234 2
184 199 222 2
185 205 230 2
190 214 242 2
186 211 242 2
180 209 241 2
157 189 227 2
169 203 248 2
190 237 255 2
91 157 218 2
29 106 176 2
32 111 190 2
38 115 197 2
48 115 194 2
64 124 194 2
148 203 255 2
140 191 238 2
120 168 216 2
100 151 206 2
53 112 180 2
63 129 203 2
43 112 189 2
47 117 187 2
60 124 186 2
140 193 245 2
168 210 252 2
204 237 255 2
205 229 255 2
200 221 248 2
178 201 235 2
134 158 192 2
181 206 236 2
187 217 251 2
103 147 192 2
51 107 164 2
41 108 178 2
31 107 183 2
23 102 179 2
30 112 188 2
21 103 177 2
24 107 177 2
28 107 176 2
21 96 164 2
28 103 171 2
29 102 171 2
12 100 172 2
22 108 181 2
42 124 197 2
21 103 176 2
41 125 197 2
32 109 179 2
37 98 163 2
53 98 157 2
105 133 181 2
117 139 178 2
140 160 193 2
161 182 213 2
157 177 210 2
161 184 218 2
179 202 234 2
196 219 250 2
207 228 255 2
189 206 234 2
187 198 226 2
185 199 228 2
188 209 240 2
179 208 242 2
171 203 244 2
151 188 233 2
118 161 212 2
97 146 202 2
66 120 182 2
55 118 185 2
49 123 194 2
47 127 200 2
58 137 212 2
43 119 197 2
32 98 182 2
72 137 219 2
78 145 216 2
42 111 178 2
67 138 204 2
48 121 190 2
65 138 215 2
49 122 201 2
52 120 201 2
72 138 212 2
88 147 213 2
139 194 250 2
167 217 255 2
178 222 255 2
126 166 217 2
148 188 239 2
123 165 215 2
58 100 148 2
91 132 178 2
128 174 224 2
77 136 194 2
48 117 184 2
32 108 183 2
36 114 189 2
42 116 189 2
38 108 178 2
43 110 178 2
35 100 164 2
35 100 164 2
40 105 169 2
45 110 174 2
41 109 174 2
20 99 174 2
20 100 173 2
23 105 178 2
38 120 194 2
23 106 182 2
26 104 179 2
61 128 199 2
105 158 224 2
129 170 226 2
138 170 217 2
148 180 221 2
134 166 205 2
138 169 215 2
131 165 213 2
107 147 196 2
86 126 175 2
101 138 182 2
144 177 220 2
140 167 212 2
158 186 233 2
164 202 247 2
122 166 215 2
144 189 244 2
98 148 207 2
59 117 181 2
60 125 193 2
44 110 184 2
51 123 199 2
89 168 243 2
37 119 195 2
44 121 199 2
41 117 195 2
50 120 205 2
43 113 198 2
39 114 197 2
41 120 199 2
37 118 197 2
40 121 200 2
41 119 201 2
40 117 197 2
46 119 198 2
58 126 201 2
54 117 184 2
79 139 201 2
65 121 180 2
67 119 177 2
67 117 180 2
63 111 175 2
53 103 162 2
146 197 254 2
93 142 200 2
93 145 203 2
65 124 190 2
50 117 185 2
52 121 190 2
48 115 183 2
47 105 169 2
64 118 178 2
79 131 189 2
62 117 174 2
81 137 198 2
147 207 255 2
106 167 232 2
40 104 168 2
42 114 186 2
28 105 177 2
28 110 184 2
28 111 189 2
30 111 193 2
37 115 197 2
43 119 195 2
67 137 207 2
45 109 173 2
105 161 220 2
143 192 251 2
127 173 233 2
99 149 210 2
90 145 209 2
91 152 217 2
59 120 187 2
62 121 189 2
68 125 194 2
86 139 209 2
100 154 224 2
60 125 191 2
47 116 181 2
54 121 189 2
50 119 188 2
49 121 193 2
51 128 200 2
53 126 203 2
46 123 201 2
48 129 208 2
45 126 207 2
51 128 210 2
56 131 214 2
50 127 205 2
46 125 204 2
50 128 211 2
45 125 210 2
43 124 206 2
47 128 209 2
45 124 203 2
45 123 198 2
54 132 206 2
54 131 203 2
54 129 197 2
52 123 189 2
62 126 190 2
64 122 186 2
76 125 192 2
78 126 192 2
165 215 255 2
93 144 207 2
72 122 185 2
65 117 177 2
64 115 178 2
66 116 175 2
97 144 200 2
94 135 187 2
168 200 247 2
213 244 255 2
171 207 255 2
91 136 191 2
73 127 189 2
50 111 176 2
50 109 179 2
52 112 182 2
53 123 193 2
37 111 184 2
32 111 186 2
31 110 187 2
39 115 193 2
32 105 182 2
44 118 189 2
42 117 184 2
49 120 186 2
52 117 181 2
61 115 179 2
55 105 166 2
60 114 174 2
66 124 187 2
52 115 184 2
60 127 198 2
59 125 201 2
68 135 213 2
55 120 200 2
67 135 216 2
55 131 207 2
57 135 209 2
50 124 197 2
62 136 209 2
55 131 206 2
50 126 202 2
68 141 220 2
57 133 211 2
59 138 217 2
52 131 210 2
59 131 215 2
51 123 207 2
52 129 207 2
54 133 210 2
52 133 214 2
47 128 209 2
47 128 210 2
55 133 215 2
57 134 214 2
66 143 221 2
59 137 212 2
56 132 207 2
57 131 204 2
65 135 207 2
64 128 199 2
163 222 255 2
124 174 243 2
112 161 227 2
74 125 190 2
76 127 190 2
107 156 215 2
107 152 209 2
125 166 220 2
163 200 252 2
176 210 255 2
112 144 185 2
167 191 229 2
179 201 238 2
121 146 186 2
83 116 161 2
91 134 187 2
83 132 190 2
82 131 190 2
28 78 137 2
43 117 192 2
40 114 189 2
39 115 190 2
47 122 190 2
47 115 178 2
57 121 182 2
56 121 179 2
64 129 187 2
60 124 186 2
61 120 180 2
69 119 172 2
115 159 204 2
117 160 202 2
118 162 207 2
93 142 198 2
73 127 191 2
74 133 199 2
83 147 218 2
83 149 225 2
72 139 217 2
56 127 205 2
64 136 212 2
73 141 216 2
65 131 207 2
66 134 209 2
86 153 231 2
85 151 229 2
97 164 242 2
60 134 209 2
62 138 213 2
65 136 214 2
69 140 220 2
63 135 219 2
59 134 217 2
54 132 207 2
58 136 210 2
61 139 214 2
68 145 225 2
61 137 221 2
61 135 222 2
63 133 218 2
67 134 215 2
71 132 213 2
78 135 214 2
94 150 225 2
75 129 201 2
78 133 198 2
79 134 198 2
74 130 191 2
126 178 235 2
153 194 246 2
150 184 230 2
123 152 194 2
129 158 198 2
108 141 182 2
112 146 184 2
127 157 191 2
123 148 179 2
182 201 233 2
191 210 242 2
196 218 255 2
143 169 206 2
65 95 131 2
79 112 147 2
51 110 176 2
56 114 178 2
68 126 189 2
52 107 164 2
46 98 148 2
82 130 178 2
41 87 136 2
41 87 137 2
67 114 168 2
72 120 169 2
95 138 181 2
214 252 255 2
200 236 255 2
166 204 243 2
162 204 254 2
136 185 243 2
105 163 226 2
88 151 220 2
79 145 219 2
71 140 217 2
70 141 219 2
67 136 213 2
78 142 216 2
78 142 214 2
87 153 227 2
84 150 226 2
88 150 227 2
75 138 215 2
75 147 219 2
75 149 220 2
70 138 213 2
71 138 216 2
74 142 225 2
71 142 222 2
72 146 219 2
75 150 218 2
65 140 208 2
71 145 218 2
72 144 226 2
75 143 228 2
77 141 228 2
79 140 223 2
82 137 217 2
87 141 215 2
85 139 211 2
92 147 214 2
86 146 209 2
85 145 207 2
95 151 212 2
118 167 223 2
113 150 194 2
114 142 179 2
176 199 231 2
214 234 255 2
227 253 255 2
185 215 249 2
169 198 230 2
174 200 227 2
173 190 216 2
185 199 225 2
142 156 183 2
108 123 152 2
104 125 152 2
83 107 133 2
112 136 180 2
84 108 152 2
64 87 129 2
86 109 151 2
113 138 178 2
99 124 164 2
114 137 178 2
133 156 197 2
120 146 183 2
124 154 190 2
112 144 182 2
140 174 212 2
125 156 200 2
122 159 204 2
127 174 220 2
112 165 217 2
86 144 207 2
78 142 213 2
71 140 217 2
72 145 224 2
71 142 220 2
79 148 223 2
80 147 218 2
82 146 217 2
88 156 227 2
99 165 239 2
87 149 226 2
89 151 228 2
79 151 223 2
80 152 224 2
85 151 227 2
87 150 227 2
82 148 224 2
80 148 221 2
76 146 216 2
80 151 217 2
79 149 211 2
84 152 217 2
86 150 221 2
87 149 224 2
90 147 228 2
91 148 225 2
99 156 227 2
93 151 214 2
93 152 212 2
93 153 213 2
96 155 221 2
99 156 223 2
100 153 219 2
112 157 214 2
153 187 225 2
159 185 212 2
182 199 225 2
189 203 229 2
190 203 235 2
182 197 230 2
167 184 214 2
164 184 211 2
160 180 204 2
115 133 157 2
114 130 156 2
98 115 145 2
79 102 134 2
83 109 144 2
77 85 108 2
115 121 145 2
144 148 173 2
114 120 144 2
77 87 114 2
55 66 94 2
85 94 125 2
73 84 114 2
72 86 115 2
78 94 127 2
76 100 136 2
104 132 172 2
125 154 198 2
111 142 188 2
109 146 188 2
100 143 186 2
107 154 208 2
94 148 212 2
87 151 222 2
84 152 227 2
81 149 224 2
86 152 226 2
89 152 221 2
87 150 217 2
92 159 227 2
87 151 222 2
101 157 232 2
97 155 229 2
88 157 226 2
91 161 230 2
94 156 229 2
93 153 226 2
90 152 225 2
97 161 232 2
94 157 224 2
96 157 220 2
101 163 222 2
97 157 217 2
96 156 219 2
103 160 229 2
101 154 224 2
107 158 224 2
108 157 215 2
103 151 200 2
122 170 216 2
126 174 222 2
115 164 220 2
122 168 228 2
122 162 223 2
131 164 215 2
177 204 234 2
196 216 240 2
179 195 218 2
173 185 211 2
181 188 217 2
197 206 235 2
187 203 229 2
132 152 177 2
102 126 152 2
104 125 152 2
92 108 134 2
104 119 148 2
78 101 133 2
85 111 146 2
92 97 101 2
125 130 134 2
101 104 109 2
91 94 103 2
120 124 136 2
128 131 148 2
105 110 130 2
78 85 111 2
108 117 146 2
68 81 115 2
74 89 128 2
69 91 132 2
90 113 154 2
100 122 159 2
94 109 142 2
133 149 182 2
104 128 164 2
114 148 193 2
114 163 219 2
94 152 215 2
100 157 226 2
101 158 227 2
102 159 226 2
105 165 228 2
102 163 228 2
101 158 227 2
112 160 232 2
113 163 232 2
105 169 231 2
98 164 225 2
111 168 235 2
105 159 231 2
108 168 240 2
104 163 233 2
106 160 222 2
110 161 218 2
117 168 225 2
111 163 221 2
112 168 229 2
106 162 223 2
117 167 226 2
117 160 211 2
135 168 209 2
217 243 255 2
226 249 255 2
200 223 255 2
169 194 234 2
166 191 232 2
191 214 255 2
154 172 208 2
199 214 237 2
182 197 218 2
186 201 230 2
174 189 220 2
184 193 222 2
158 170 196 2
115 133 157 2
125 149 173 2
106 132 165 2
94 117 151 2
99 110 142 2
108 117 146 2
90 110 137 2
76 100 126 2
66 70 69 2
89 93 92 2
97 97 97 2
100 100 100 2
88 86 91 2
103 103 111 2
127 130 145 2
139 146 165 2
130 137 163 2
158 167 196 2
127 136 167 2
93 104 134 2
97 111 140 2
145 155 180 2
164 165 186 2
166 167 187 2
179 187 208 2
137 157 184 2
124 158 196 2
135 177 225 2
120 165 220 2
121 170 229 2
118 170 228 2
116 170 230 2
114 170 231 2
117 171 235 2
123 167 232 2
122 168 230 2
119 175 232 2
115 175 229 2
117 169 227 2
126 176 237 2
119 170 233 2
118 167 226 2
148 191 244 2
156 196 245 2
145 183 232 2
133 173 222 2
146 192 242 2
131 177 226 2
132 175 218 2
175 210 248 2
164 189 220 2
197 212 241 2
206 216 243 2
204 214 241 2
191 205 232 2
165 179 208 2
149 160 192 2
157 167 194 2
153 160 179 2
164 171 189 2
147 159 185 2
141 152 182 2
133 140 166 2
129 140 162 2
102 119 139 2
79 102 120 2
61 88 109 2
56 78 101 2
96 107 125 2
114 121 139 2
118 134 150 2
83 102 117 2
36 41 45 2
86 87 92 2
129 127 130 2
119 113 115 2
126 122 121 2
80 79 84 2
42 48 60 2
52 61 78 2
48 56 75 2
179 186 204 2
166 168 180 2
167 166 174 2
180 174 186 2
185 179 189 2
178 173 180 2
173 170 177 2
170 169 177 2
171 177 189 2
168 180 202 2
150 171 200 2
156 186 224 2
141 178 223 2
140 184 231 2
131 181 232 2
131 182 235 2
132 181 237 2
133 175 233 2
139 180 236 2
138 181 234 2
131 177 227 2
140 186 235 2
135 179 224 2
145 184 225 2
187 220 255 2
190 222 255 2
168 198 236 2
170 196 231 2
179 205 238 2
176 201 232 2
188 213 243 2
182 207 238 2
195 218 250 2
180 199 231 2
175 190 221 2
157 166 197 2
170 180 207 2
154 166 190 2
157 167 194 2
159 164 196 2
162 166 195 2
171 174 191 2
152 154 167 2
144 147 166 2
134 139 159 2
169 172 191 2
92 98 114 2
91 100 115 2
90 105 112 2
64 83 81 2
82 102 91 2
91 105 92 2
100 112 102 2
134 144 145 2
119 130 134 2
70 79 88 2
84 88 97 2
92 91 99 2
88 83 89 2
108 104 103 2
119 119 121 2
86 90 101 2
64 71 87 2
69 76 92 2
58 62 73 2
173 171 172 2
186 178 176 2
184 172 174 2
191 179 181 2
186 176 177 2
184 178 178 2
179 173 173 2
177 175 178 2
171 173 186 2
177 185 206 2
167 184 212 2
163 189 222 2
153 187 224 2
155 194 235 2
144 185 229 2
146 187 233 2
152 188 236 2
160 194 242 2
152 186 232 2
149 184 226 2
159 195 231 2
197 232 255 2
186 213 240 2
184 208 236 2
185 208 240 2
189 209 242 2
204 223 253 2
202 219 245 2
196 212 235 2
197 213 236 2
186 204 228 2
177 193 219 2
146 160 189 2
156 165 196 2
169 174 203 2
167 172 194 2
165 170 189 2
169 172 191 2
174 175 196 2
169 170 190 2
153 153 165 2
165 165 173 2
186 186 194 2
163 166 175 2
179 181 196 2
170 173 188 2
162 166 175 2
98 107 104 2
47 59 45 2
63 77 54 2
79 91 67 2
67 76 55 2
66 74 63 2
53 60 53 2
12 26 37 2
28 40 52 2
85 91 103 2
107 110 119 2
113 112 117 2
117 118 122 2
117 120 129 2
136 138 151 2
102 104 116 2
99 98 106 2
71 67 68 2
155 147 145 2
187 175 177 2
189 177 179 2
184 174 173 2
181 171 170 2
201 191 189 2
190 184 186 2
138 136 149 2
122 124 145 2
173 183 208 2
168 184 210 2
199 219 244 2
193 214 243 2
177 200 232 2
165 189 225 2
172 196 234 2
173 199 236 2
202 228 255 2
198 223 253 2
207 231 255 2
197 218 239 2
198 216 236 2
202 218 241 2
187 204 232 2
177 192 223 2
175 188 220 2
167 181 210 2
167 183 209 2
160 176 201 2
134 151 177 2
152 166 192 2
163 170 196 2
170 172 195 2
177 173 190 2
166 158 173 2
170 162 173 2
188 183 189 2
126 124 125 2
137 137 135 2
162 163 165 2
143 145 144 2
80 85 79 2
140 146 144 2
161 165 177 2
147 149 162 2
140 144 143 2
43 46 35 2
63 66 55 2
0 3 0 2
12 17 0 2
20 25 5 2
7 11 0 2
47 54 38 2
43 56 64 2
24 34 43 2
19 26 36 2
43 46 55 2
89 88 93 2
139 137 140 2
113 110 117 2
114 111 120 2
135 130 137 2
131 124 131 2
135 126 129 2
131 121 122 2
164 154 155 2
183 171 173 2
185 173 173 2
181 170 168 2
190 179 177 2
192 182 183 2
180 175 182 2
175 173 186 2
107 109 124 2
161 167 183 2
191 198 214 2
184 193 210 2
198 211 230 2
196 211 232 2
200 218 240 2
199 217 239 2
186 204 224 2
198 214 230 2
197 206 221 2
198 206 217 2
186 194 205 2
187 196 211 2
173 184 206 2
169 179 204 2
175 182 210 2
157 164 190 2
176 184 207 2
171 179 202 2
168 179 201 2
162 170 189 2
158 161 176 2
115 112 121 2
107 96 100 2
88 74 73 2
99 83 83 2
103 90 84 2
54 47 37 2
123 121 109 2
118 117 113 2
48 49 43 2
61 65 50 2
52 58 44 2
119 123 126 2
67 68 73 2
19 20 12 2
24 24 12 2
26 23 18 2
41 38 31 2
34 32 19 2
11 10 0 2
37 38 20 2
37 38 20 2
145 149 150 2
135 136 138 2
81 82 86 2
73 71 74 2
85 79 79 2
111 103 101 2
165 155 156 2
128 116 118 2
121 109 113 2
145 133 135 2
141 131 132 2
135 125 126 2
156 145 151 2
167 155 159 2
170 155 158 2
212 198 198 2
176 162 162 2
187 173 173 2
195 185 183 2
200 192 189 2
176 172 169 2
173 171 172 2
159 158 163 2
170 173 178 2
162 170 173 2
192 203 207 2
191 206 211 2
197 212 217 2
204 214 223 2
198 202 211 2
214 211 218 2
205 200 206 2
214 209 215 2
214 215 220 2
209 215 227 2
197 203 219 2
172 174 189 2
194 191 208 2
165 158 174 2
173 166 182 2
166 164 177 2
159 159 167 2
119 118 116 2
45 38 28 2
88 75 59 2
72 55 37 2
74 55 40 2
94 76 62 2
56 43 34 2
55 46 37 2
47 40 34 2
41 38 29 2
47 49 27 2
61 65 42 2
49 51 37 2
36 36 26 2
42 40 28 2
47 42 36 2
45 36 39 2
40 29 33 2
67 58 51 2
63 55 42 2
77 71 57 2
16 10 0 2
111 108 103 2
147 144 139 2
188 184 181 2
172 168 165 2
140 133 127 2
137 128 123 2
138 127 123 2
187 173 170 2
168 154 153 2
162 151 149 2
163 153 152 2
126 116 115 2
151 141 142 2
159 147 149 2
171 157 156 2
177 162 159 2
205 190 185 2
167 152 145 2
171 159 147 2
165 156 139 2
179 172 156 2
159 153 139 2
160 154 142 2
163 159 148 2
144 142 129 2
150 151 135 2
153 156 137 2
141 144 127 2
152 154 143 2
145 142 137 2
160 151 154 2
145 139 143 2
130 128 131 2
122 123 125 2
133 134 136 2
127 127 129 2
125 121 122 2
84 75 78 2
73 61 63 2
124 110 110 2
95 82 76 2
107 95 83 2
114 103 83 2
73 61 35 2
86 71 42 2
61 44 14 2
42 21 0 2
114 92 71 2
72 55 39 2
13 0 0 2
45 33 17 2
29 21 2 2
62 56 32 2
33 29 4 2
13 11 0 2
17 14 0 2
50 44 30 2
8 1 0 2
20 10 11 2
39 29 30 2
90 81 72 2
48 38 26 2
84 75 60 2
50 41 26 2
120 116 107 2
126 122 113 2
142 137 131 2
164 159 153 2
187 180 172 2
180 173 163 2
169 160 151 2
163 154 145 2
180 171 164 2
198 189 182 2
186 179 171 2
178 171 163 2
187 178 171 2
191 181 172 2
196 184 172 2
213 200 184 2
187 171 155 2
204 189 168 2
203 188 167 2
204 192 168 2
192 182 155 2
169 162 133 2
164 155 124 2
133 122 90 2
140 126 89 2
116 101 60 2
73 59 12 2
119 106 61 2
121 111 75 2
143 137 113 2
138 135 130 2
128 131 136 2
110 123 129 2
152 164 164 2
156 153 144 2
159 150 135 2
172 160 144 2
134 123 105 2
161 148 131 2
164 148 125 2
179 155 121 2
157 129 89 2
151 124 81 2
121 98 57 2
102 83 50 2
144 128 95 2
150 127 95 2
175 150 120 2
170 146 122 2
141 120 93 2
145 125 92 2
143 124 92 2
69 51 27 2
22 5 0 2
26 13 0 2
22 13 0 2
22 15 0 2
17 11 0 2
13 7 0 2
23 17 5 2
9 3 0 2
7 0 0 2
39 30 13 2
20 9 0 2
190 184 172 2
190 184 170 2
195 189 177 2
192 186 172 2
182 174 161 2
191 183 170 2
186 179 163 2
190 183 167 2
190 183 167 2
180 173 157 2
171 162 145 2
175 167 148 2
177 166 144 2
181 169 145 2
184 170 143 2
190 175 144 2
203 184 151 2
206 188 152 2
213 197 163 2
205 189 156 2
205 192 160 2
213 202 170 2
211 200 168 2
215 205 170 2
213 199 162 2
200 186 147 2
183 168 125 2
174 162 122 2
164 159 130 2
154 156 142 2
170 179 184 2
196 210 223 2
152 170 180 2
138 152 152 2
187 186 168 2
196 187 158 2
179 168 136 2
155 145 109 2
146 133 98 2
145 128 85 2
162 132 82 2
170 137 83 2
159 127 76 2
172 148 100 2
184 166 130 2
174 157 127 2
173 150 118 2
167 142 111 2
180 154 127 2
177 153 125 2
171 148 116 2
174 151 120 2
165 143 120 2
168 147 130 2
166 149 133 2
160 147 131 2
160 148 132 2
134 127 108 2
145 139 115 2
130 122 99 2
122 112 87 2
101 89 65 2
125 109 86 2
92 76 51 2
151 148 129 2
150 145 125 2
147 141 119 2
155 147 126 2
158 147 127 2
162 149 130 2
173 160 141 2
164 152 130 2
166 154 130 2
177 163 136 2
184 169 136 2
195 180 141 2
198 179 136 2
201 183 135 2
206 186 135 2
211 191 138 2
203 180 126 2
206 183 129 2
211 188 138 2
193 170 128 2
181 160 129 2
169 153 130 2
155 143 127 2
152 146 134 2
145 143 130 2
135 137 126 2
131 133 128 2
112 120 123 2
124 137 153 2
133 153 178 2
141 167 200 2
157 182 212 2
172 188 203 2
181 190 187 2
196 199 178 2
182 182 146 2
162 160 112 2
152 146 94 2
154 142 90 2
156 136 83 2
164 139 83 2
159 132 77 2
171 148 98 2
162 144 98 2
194 178 144 2
192 175 147 2
201 176 154 2
185 160 138 2
172 152 128 2
192 176 153 2
185 166 151 2
194 175 160 2
171 150 131 2
174 155 138 2
180 161 147 2
180 162 148 2
166 151 132 2
169 155 129 2
165 152 120 2
169 153 117 2
170 150 113 2
163 141 104 2
176 149 119 2
175 146 116 2
137 132 102 2
143 137 103 2
166 153 118 2
170 156 119 2
179 161 123 2
175 157 119 2
166 147 107 2
192 173 131 2
193 174 131 2
189 171 125 2
193 173 123 2
185 164 111 2
171 149 92 2
170 148 90 2
171 151 92 2
161 141 82 2
166 144 87 2
158 137 84 2
146 125 80 2
141 125 91 2
135 122 103 2
125 118 110 2
127 126 131 2
122 129 139 2
96 110 121 2
83 102 116 2
84 106 127 2
82 108 135 2
109 138 172 2
132 166 204 2
149 183 228 2
183 213 249 2
167 184 202 2
164 173 172 2
132 137 117 2
140 142 105 2
140 138 89 2
149 143 85 2
150 135 78 2
160 140 81 2
166 140 83 2
157 130 77 2
160 137 87 2
188 167 124 2
176 158 122 2
184 165 135 2
189 163 138 2
189 165 141 2
175 155 130 2
175 157 137 2
174 154 143 2
184 164 153 2
184 163 142 2
181 163 141 2
170 148 134 2
173 154 139 2
168 151 125 2
172 155 125 2
173 154 121 2
176 156 121 2
154 130 92 2
166 140 103 2
153 124 92 2
164 135 105 2
165 152 107 2
183 170 118 2
188 169 111 2
162 141 78 2
164 139 73 2
180 153 84 2
168 140 67 2
156 130 56 2
159 133 59 2
147 120 51 2
142 117 51 2
154 128 67 2
162 138 78 2
161 140 85 2
150 130 80 2
156 137 94 2
145 127 89 2
138 123 92 2
142 135 116 2
137 138 130 2
126 136 138 2
109 127 141 2
94 118 142 2
72 101 131 2
76 109 144 2
93 129 165 2
78 119 151 2
72 116 145 2
75 119 148 2
74 115 145 2
82 120 157 2
91 121 155 2
89 110 131 2
84 95 101 2
118 120 109 2
130 126 99 2
153 144 103 2
154 140 91 2
171 151 98 2
150 128 71 2
146 116 62 2
170 138 87 2
146 114 67 2
155 124 80 2
146 118 79 2
140 114 77 2
148 124 86 2
150 126 90 2
165 139 112 2
159 132 111 2
157 130 113 2
154 129 109 2
171 150 121 2
173 154 124 2
184 162 141 2
180 158 135 2
163 143 110 2
156 136 101 2
159 138 111 2
147 125 101 2
158 136 112 2
158 136 112 2
151 129 105 2
158 138 114 2
137 121 62 2
133 115 53 2
137 114 46 2
147 121 47 2
149 119 46 2
143 111 34 2
143 110 29 2
146 115 35 2
141 112 36 2
143 116 47 2
147 122 65 2
141 119 69 2
141 123 77 2
127 112 73 2
115 100 69 2
131 119 95 2
150 141 124 2
166 162 153 2
127 131 130 2
120 133 141 2
108 129 146 2
97 127 153 2
84 117 152 2
88 126 165 2
97 138 182 2
90 134 179 2
52 102 139 2
83 133 166 2
96 143 173 2
87 131 160 2
86 122 156 2
96 127 158 2
101 123 147 2
98 114 129 2
113 124 128 2
85 90 83 2
87 86 66 2
90 83 55 2
80 69 37 2
130 116 81 2
139 120 87 2
155 132 98 2
164 138 105 2
161 132 98 2
159 131 92 2
145 118 75 2
141 117 69 2
133 109 63 2
145 117 80 2
136 107 77 2
157 130 101 2
140 115 85 2
138 115 81 2
127 107 72 2
135 114 87 2
142 118 90 2
159 137 98 2
148 126 87 2
157 133 105 2
144 120 96 2
138 116 92 2
138 121 95 2
135 119 96 2
153 137 114 2
127 106 39 2
124 104 35 2
126 104 31 2
124 97 26 2
131 102 36 2
137 106 42 2
132 98 35 2
135 103 44 2
135 105 53 2
94 71 29 2
97 80 52 2
92 81 61 2
105 99 83 2
111 109 97 2
131 130 125 2
136 136 138 2
111 113 125 2
105 113 126 2
111 123 135 2
106 124 138 2
101 123 144 2
96 123 150 2
84 114 150 2
98 131 172 2
77 116 157 2
82 125 167 2
104 152 190 2
74 122 158 2
100 144 179 2
71 111 146 2
85 118 153 2
87 113 146 2
87 110 141 2
102 126 152 2
105 135 159 2
93 121 142 2
105 127 141 2
99 116 123 2
105 116 118 2
71 79 81 2
63 71 74 2
69 73 72 2
68 65 56 2
109 98 78 2
140 120 85 2
150 123 76 2
147 122 68 2
143 118 62 2
144 118 69 2
135 111 63 2
122 99 55 2
142 121 78 2
136 117 77 2
124 104 67 2
123 100 66 2
121 99 62 2
123 100 59 2
125 102 61 2
123 99 65 2
137 114 80 2
120 101 61 2
120 105 66 2
127 112 83 2
117 103 77 2
109 85 15 2
108 85 15 2
109 86 16 2
116 93 25 2
128 102 41 2
138 109 51 2
134 103 46 2
116 86 32 2
118 94 50 2
89 70 38 2
89 80 65 2
109 108 103 2
115 119 118 2
111 116 119 2
105 109 118 2
109 115 129 2
111 124 143 2
106 122 145 2
103 124 145 2
93 118 140 2
95 122 149 2
82 113 142 2
85 118 153 2
91 126 164 2
85 123 162 2
81 123 161 2
63 105 145 2
69 111 151 2
68 106 145 2
85 119 156 2
82 112 146 2
96 123 153 2
93 118 148 2
69 98 128 2
63 97 132 2
84 120 154 2
73 107 135 2
68 96 120 2
84 109 129 2
88 111 129 2
77 102 122 2
82 103 120 2
82 95 103 2
69 71 66 2
53 45 24 2
97 82 49 2
117 102 59 2
141 124 78 2
134 113 66 2
133 113 63 2
134 114 63 2
116 96 45 2
135 114 67 2
124 103 58 2
117 94 53 2
107 84 43 2
94 71 30 2
105 82 41 2
99 76 35 2
91 69 28 2
99 81 35 2
93 78 35 2
114 98 65 2
110 94 68 2
119 91 26 2
112 87 21 2
107 86 19 2
119 101 37 2
119 99 40 2
115 93 35 2
123 99 35 2
117 93 31 2
120 100 47 2
82 70 30 2
80 79 59 2
107 112 105 2
83 94 90 2
101 111 113 2
111 116 122 2
92 100 111 2
95 113 127 2
86 109 127 2
84 110 135 2
86 115 147 2
63 95 133 2
73 108 146 2
65 103 139 2
66 106 141 2
66 104 140 2
70 105 143 2
68 100 141 2
71 98 141 2
75 103 143 2
56 84 121 2
69 100 131 2
66 97 125 2
70 97 124 2
78 105 132 2
70 99 129 2
74 103 133 2
63 90 119 2
64 92 116 2
66 94 115 2
57 86 104 2
69 98 116 2
62 89 106 2
63 84 101 2
77 94 104 2
91 100 105 2
69 75 71 2
53 56 45 2
61 60 40 2
101 90 60 2
125 110 71 2
131 115 66 2
123 106 50 2
112 92 33 2
119 98 41 2
126 102 56 2
127 102 62 2
125 102 61 2
118 97 54 2
113 95 49 2
89 71 25 2
95 78 32 2
94 77 34 2
69 50 18 2
74 54 27 2
101 73 10 2
105 81 17 2
113 93 32 2
105 89 29 2
114 95 37 2
116 96 35 2
102 79 11 2
115 92 25 2
107 88 30 2
75 62 18 2
63 59 32 2
77 80 69 2
91 101 100 2
85 98 104 2
92 102 112 2
91 105 118 2
80 103 119 2
76 104 125 2
72 101 131 2
64 97 132 2
68 103 141 2
43 83 119 2
51 92 124 2
56 95 126 2
53 88 118 2
61 92 123 2
64 88 126 2
63 85 122 2
67 90 124 2
71 96 126 2
69 97 121 2
54 85 106 2
63 90 111 2
57 84 103 2
58 82 106 2
58 82 106 2
67 92 114 2
49 74 94 2
51 78 95 2
60 88 102 2
55 83 97 2
57 85 99 2
76 102 119 2
63 86 102 2
64 83 97 2
65 83 93 2
77 95 99 2
71 82 78 2
61 62 48 2
28 22 0 2
72 64 28 2
100 92 46 2
130 119 65 2
120 104 52 2
113 94 51 2
93 74 34 2
101 82 40 2
101 84 40 2
95 78 32 2
104 88 39 2
97 80 36 2
86 68 28 2
112 92 59 2
105 84 55 2
105 84 19 2
94 73 10 2
98 79 20 2
107 88 30 2
105 85 26 2
103 82 19 2
112 88 18 2
113 86 19 2
123 97 40 2
130 108 61 2
131 117 82 2
84 79 59 2
97 102 105 2
90 104 117 2
77 100 116 2
72 99 120 2
70 97 124 2
72 101 131 2
60 95 125 2
63 100 129 2
47 86 115 2
58 97 126 2
50 85 113 2
46 80 107 2
53 83 109 2
57 83 106 2
49 73 97 2
66 91 111 2
49 75 92 2
50 76 91 2
61 87 102 2
50 73 87 2
51 75 87 2
65 87 100 2
47 69 82 2
60 82 95 2
43 63 74 2
64 84 95 2
51 74 82 2
58 81 87 2
49 72 78 2
65 88 96 2
48 70 81 2
50 72 83 2
54 76 87 2
63 86 94 2
59 79 88 2
60 79 85 2
60 74 75 2
55 66 62 2
49 57 46 2
53 58 38 2
25 28 0 2
53 50 17 2
112 106 70 2
108 99 60 2
91 78 36 2
103 90 46 2
96 82 37 2
77 63 18 2
86 68 28 2
81 63 25 2
82 62 29 2
92 71 40 2
95 75 14 2
94 74 15 2
100 79 22 2
98 77 20 2
109 87 29 2
114 90 30 2
111 82 22 2
107 78 20 2
145 113 64 2
134 107 62 2
123 104 61 2
117 108 77 2
69 70 64 2
72 85 93 2
73 96 110 2
74 101 122 2
67 93 118 2
59 86 115 2
51 85 110 2
54 92 115 2
54 92 115 2
48 86 107 2
57 89 112 2
61 89 111 2
50 75 97 2
52 78 95 2
53 79 92 2
51 78 89 2
47 74 83 2
67 91 101 2
49 71 82 2
50 73 81 2
56 76 85 2
44 64 71 2
53 73 80 2
49 70 75 2
47 66 72 2
46 65 69 2
58 77 81 2
42 62 63 2
60 80 81 2
50 69 73 2
47 66 72 2
39 60 65 2
44 64 71 2
56 79 85 2
57 80 88 2
53 76 84 2
66 86 95 2
54 73 79 2
63 79 79 2
52 67 62 2
63 73 62 2
31 38 20 2
37 39 15 2
40 39 8 2
53 47 13 2
69 61 25 2
117 107 71 2
92 79 44 2
79 66 32 2
74 59 28 2
92 77 48 2
76 61 32 2
81 58 8 2
85 64 11 2
89 68 11 2
107 87 28 2
115 93 36 2
118 92 41 2
124 95 51 2
139 109 71 2
131 98 65 2
150 122 83 2
110 93 41 2
115 105 56 2
86 82 55 2
74 80 68 2
91 102 106 2
71 87 100 2
67 84 100 2
72 93 110 2
59 86 103 2
54 86 101 2
52 88 104 2
51 84 101 2
48 79 97 2
56 83 102 2
53 76 94 2
58 81 95 2
47 71 83 2
55 79 89 2
44 68 78 2
39 64 71 2
43 66 74 2
46 66 75 2
35 56 61 2
44 65 68 2
50 69 73 2
46 66 67 2
46 66 67 2
43 63 62 2
49 67 67 2
60 78 78 2
57 75 75 2
53 73 72 2
55 75 76 2
55 76 77 2
53 74 77 2
53 77 81 2
61 84 90 2
55 78 84 2
40 63 69 2
67 88 93 2
48 67 71 2
63 79 79 2
50 65 62 2
57 68 62 2
54 60 50 2
68 70 57 2
44 45 29 2
28 25 6 2
12 10 0 2
59 54 32 2
43 38 16 2
61 55 33 2
39 33 11 2
60 54 32 2
105 81 33 2
113 90 40 2
119 98 43 2
122 101 46 2
136 113 61 2
139 115 69 2
157 128 94 2
152 123 93 2
157 127 99 2
129 103 68 2
126 106 53 2
118 105 52 2
97 89 50 2
90 86 61 2
72 72 62 2
99 103 102 2
82 90 93 2
68 81 87 2
70 91 96 2
62 87 92 2
54 83 91 2
59 89 99 2
50 78 90 2
52 75 89 2
57 79 92 2
56 78 89 2
52 75 83 2
38 63 70 2
50 75 80 2
49 72 78 2
45 65 72 2
40 61 66 2
41 62 65 2
29 50 51 2
43 63 62 2
44 64 63 2
42 62 60 2
40 59 57 2
48 67 63 2
41 60 56 2
47 66 62 2
45 64 60 2
52 71 69 2
50 70 68 2
45 65 64 2
53 74 75 2
48 69 72 2
59 83 85 2
53 77 79 2
60 81 84 2
39 59 60 2
58 76 78 2
51 67 67 2
60 74 74 2
57 67 66 2
47 56 53 2
51 56 52 2
48 53 46 2
47 50 41 2
45 49 35 2
51 53 39 2
18 21 4 2
1 4 0 2
24 27 8 2
109 86 36 2
115 92 42 2
131 107 59 2
138 114 68 2
122 97 56 2
134 108 71 2
124 98 63 2
118 92 59 2
119 92 62 2
117 93 55 2
127 106 59 2
112 94 46 2
121 106 67 2
107 92 61 2
93 79 53 2
95 84 64 2
91 87 75 2
75 78 69 2
82 93 85 2
48 64 61 2
67 88 89 2
53 78 82 2
56 79 85 2
68 91 99 2
52 72 79 2
58 78 85 2
59 83 87 2
57 81 85 2
59 83 87 2
29 50 55 2
75 94 100 2
34 53 57 2
22 42 41 2
40 60 58 2
41 60 56 2
32 51 47 2
44 63 57 2
49 66 60 2
40 57 49 2
48 65 57 2
51 68 60 2
40 57 49 2
31 48 42 2
28 47 41 2
30 49 45 2
42 63 58 2
45 65 63 2
51 73 70 2
42 65 59 2
44 67 61 2
43 63 61 2
53 73 71 2
42 60 60 2
56 72 72 2
37 51 52 2
42 53 55 2
44 56 56 2
38 48 47 2
37 48 44 2
29 40 32 2
29 39 30 2
62 72 61 2
38 49 35 2
31 42 26 2
114 91 41 2
126 102 54 2
105 81 35 2
135 111 67 2
123 98 57 2
105 80 40 2
112 86 49 2
130 106 68 2
123 99 63 2
119 95 59 2
127 106 63 2
123 102 59 2
139 117 80 2
133 110 76 2
150 126 92 2
129 109 76 2
126 112 86 2
132 126 104 2
58 59 43 2
68 76 65 2
63 78 73 2
48 67 65 2
56 76 77 2
61 80 84 2
54 73 77 2
55 74 78 2
60 81 82 2
66 87 88 2
44 65 66 2
48 68 69 2
40 58 60 2
43 61 61 2
53 72 68 2
31 50 44 2
37 56 50 2
35 55 46 2
50 67 59 2
35 52 42 2
40 57 47 2
50 68 56 2
44 60 50 2
46 63 53 2
31 47 37 2
44 61 53 2
45 62 54 2
26 45 39 2
53 72 66 2
20 41 34 2
49 70 61 2
25 47 35 2
42 62 53 2
25 44 38 2
34 53 49 2
44 60 59 2
57 73 73 2
19 35 35 2
19 33 34 2
44 58 58 2
30 45 42 2
37 52 47 2
40 53 46 2
22 35 26 2
10 23 13 2
11 24 14 2
108 86 39 2
83 61 14 2
113 89 43 2
117 93 45 2
117 90 43 2
108 84 36 2
122 98 52 2
112 89 45 2
115 91 53 2
139 117 80 2
138 115 81 2
160 136 102 2
153 126 96 2
155 126 94 2
137 107 71 2
132 104 65 2
123 99 65 2
110 93 63 2
79 71 48 2
32 33 17 2
39 47 36 2
78 91 84 2
70 85 82 2
35 51 50 2
58 74 73 2
57 76 74 2
46 66 64 2
47 67 65 2
51 71 70 2
54 74 73 2
52 68 67 2
26 42 39 2
40 57 51 2
36 53 45 2
39 56 48 2
33 50 40 2
18 34 24 2
43 59 48 2
49 65 54 2
46 62 49 2
55 68 58 2
30 46 35 2
56 69 59 2
27 43 33 2
23 39 29 2
40 57 49 2
34 51 43 2
41 58 48 2
33 51 39 2
47 63 50 2
58 74 63 2
41 57 47 2
45 61 51 2
22 39 31 2
33 50 42 2
35 52 44 2
29 46 38 2
26 43 35 2
32 47 42 2
52 67 60 2
21 36 29 2
32 47 40 2
15 28 19 2
27 40 31 2
80 61 18 2
105 84 37 2
97 75 25 2
99 76 24 2
114 89 35 2
115 90 36 2
126 100 49 2
125 101 55 2
127 104 63 2
125 102 68 2
121 98 66 2
143 118 88 2
133 104 74 2
147 117 83 2
131 97 60 2
130 96 58 2
120 88 49 2
116 92 54 2
108 93 64 2
47 40 21 2
56 58 45 2
68 78 70 2
44 55 51 2
56 71 68 2
46 61 56 2
71 88 82 2
59 78 72 2
62 83 78 2
48 69 64 2
51 70 66 2
31 46 43 2
48 63 58 2
39 56 48 2
42 59 51 2
30 47 37 2
14 31 21 2
35 51 40 2
45 61 50 2
32 46 33 2
33 47 34 2
27 41 28 2
44 58 45 2
42 55 45 2
39 52 42 2
40 53 44 2
39 55 45 2
50 66 56 2
49 65 54 2
35 49 36 2
20 34 21 2
22 36 23 2
47 61 48 2
27 40 30 2
49 65 54 2
26 42 31 2
23 41 29 2
21 37 27 2
33 49 39 2
23 38 31 2
35 48 41 2
33 46 39 2
36 48 44 2
33 45 41 2
17 29 25 2
100 83 40 2
97 81 32 2
95 76 20 2
102 82 21 2
103 79 17 2
117 93 33 2
115 90 36 2
141 117 71 2
129 105 67 2
129 105 71 2
186 163 131 2
124 99 68 2
131 105 72 2
129 99 65 2
142 108 73 2
152 118 81 2
138 103 61 2
131 99 60 2
121 100 69 2
140 127 108 2
30 28 16 2
43 45 40 2
46 55 50 2
58 69 65 2
59 72 65 2
60 75 68 2
46 66 57 2
60 79 73 2
49 68 62 2
55 72 64 2
61 74 67 2
50 63 56 2
28 44 34 2
43 60 50 2
45 61 51 2
44 60 50 2
41 54 44 2
24 37 27 2
26 38 26 2
23 35 23 2
24 36 24 2
16 28 16 2
28 40 28 2
36 50 37 2
18 31 21 2
30 43 33 2
16 29 19 2
21 34 24 2
20 32 22 2
39 51 41 2
33 45 35 2
37 50 40 2
33 47 34 2
24 38 25 2
23 37 24 2
32 48 35 2
33 46 36 2
24 37 28 2
19 32 25 2
25 36 30 2
36 47 43 2
19 29 28 2
23 33 32 2
20 30 29 2
88 74 29 2
82 69 17 2
96 80 21 2
96 76 13 2
123 99 35 2
98 72 13 2
115 89 38 2
125 98 55 2
119 93 56 2
110 86 52 2
142 117 86 2
147 123 89 2
129 103 66 2
134 106 67 2
137 104 69 2
121 87 49 2
128 91 47 2
132 99 56 2
131 106 76 2
80 65 46 2
9 2 0 2
15 16 11 2
25 30 26 2
35 44 39 2
41 52 44 2
49 65 55 2
58 75 65 2
53 73 64 2
48 65 57 2
55 70 63 2
51 64 55 2
31 44 35 2
43 59 49 2
41 58 48 2
29 45 35 2
41 57 47 2
33 46 36 2
40 53 43 2
32 44 32 2
23 35 23 2
12 24 12 2
48 60 48 2
24 36 24 2
27 39 27 2
31 43 33 2
27 40 30 2
37 50 40 2
24 37 27 2
39 51 41 2
30 42 32 2
8 20 10 2
25 38 28 2
33 47 34 2
6 20 7 2
27 41 28 2
27 40 30 2
30 43 33 2
16 29 20 2
23 34 26 2
27 38 32 2
9 18 15 2
23 32 29 2
2 11 10 2
13 22 21 2
87 75 23 2
85 74 18 2
94 79 20 2
94 75 16 2
106 84 26 2
112 87 33 2
117 88 44 2
135 107 67 2
119 94 54 2
128 104 66 2
106 82 48 2
119 95 59 2
134 111 69 2
129 105 61 2
120 92 53 2
136 104 63 2
124 87 42 2
121 86 44 2
123 96 67 2
28 11 0 2
12 3 0 2
10 10 8 2
4 8 7 2
15 24 19 2
45 57 47 2
38 54 43 2
58 75 65 2
43 60 50 2
40 57 49 2
45 60 53 2
44 57 48 2
36 49 40 2
58 74 64 2
28 45 37 2
43 59 49 2
22 38 28 2
47 60 50 2
30 43 33 2
51 63 53 2
24 36 26 2
29 39 28 2
8 18 7 2
31 41 30 2
23 35 23 2
14 26 16 2
21 33 23 2
20 32 22 2
26 39 29 2
20 33 23 2
4 18 5 2
48 62 49 2
19 35 22 2
24 40 29 2
25 41 30 2
15 31 20 2
17 33 23 2
17 33 23 2
16 32 22 2
14 27 18 2
30 43 34 2
10 21 15 2
15 26 20 2
24 35 29 2
13 24 18 2
