73 64 47 2
68 64 53 2
27 34 40 2
31 40 47 2
23 25 22 1
21 22 14 1
27 30 23 1
28 33 26 1
32 33 25 1
23 24 16 1
37 36 32 1
26 27 22 1
33 33 33 2
27 27 27 1
26 25 23 1
23 22 20 1
29 29 29 1
38 40 39 2
28 32 33 2
28 32 33 2
40 45 48 2
36 41 44 2
18 26 28 2
12 20 22 1
14 22 24 1
14 22 24 1
18 24 24 1
18 24 24 1
13 17 16 1
32 36 35 2
62 64 63 2
31 37 37 2
41 52 54 2
40 55 58 2
40 55 58 2
40 55 58 2
41 56 59 2
44 59 62 2
48 63 66 2
49 64 67 2
61 75 78 2
71 85 88 2
71 85 88 2
61 75 78 2
57 71 74 2
52 66 69 2
43 57 60 2
36 50 53 2
36 50 51 2
32 46 47 2
28 39 41 2
17 25 27 2
49 51 48 2
81 80 75 2
64 59 55 2
42 41 37 2
29 33 34 2
26 36 38 2
33 42 47 2
34 45 47 2
34 45 47 2
29 43 44 2
28 43 46 2
14 29 34 2
16 27 31 2
25 36 40 2
30 44 45 2
26 40 41 2
21 32 34 2
25 35 37 2
26 34 37 2
15 25 27 2
20 30 31 2
12 22 21 1
24 30 30 2
80 80 78 2
72 67 64 2
67 58 53 2
62 53 46 2
42 38 29 1
40 39 34 2
29 34 30 2
23 32 31 2
21 30 35 2
35 45 55 2
23 33 43 2
25 36 42 2
26 40 41 2
61 81 80 2
36 54 56 2
20 24 33 2
23 27 36 2
26 42 42 2
12 31 27 2
23 34 30 2
12 20 9 1
107 110 91 2
91 94 67 2
108 112 85 2
44 48 25 1
12 15 6 1
21 26 22 1
21 25 24 1
25 34 33 2
22 30 32 2
36 46 48 2
27 36 41 2
29 39 41 2
28 39 41 2
21 32 34 2
23 34 38 2
29 40 46 2
24 38 41 2
25 40 45 2
32 47 54 2
22 37 44 2
28 41 47 2
34 45 49 2
23 36 44 2
37 50 58 2
32 45 53 2
25 38 44 2
30 41 43 2
37 51 52 2
30 45 48 2
30 48 50 2
27 41 42 2
35 49 49 2
44 55 57 2
45 56 58 2
36 47 49 2
36 47 49 2
37 49 49 2
30 42 42 2
32 44 44 2
32 44 44 2
37 49 49 2
30 42 42 2
39 51 51 2
27 39 39 2
38 50 48 2
26 38 36 2
27 39 39 2
30 45 42 2
33 49 46 2
31 47 44 2
37 48 52 2
28 39 43 2
35 49 49 2
30 46 45 2
24 42 46 2
46 61 66 2
38 49 53 2
44 55 59 2
70 81 87 2
16 31 34 2
25 45 43 2
88 81 65 2
61 61 51 2
39 49 51 2
39 52 58 2
40 49 46 2
53 58 52 2
43 49 45 2
48 53 49 2
50 52 49 2
50 52 47 2
53 58 54 2
53 58 54 2
43 49 47 2
50 54 53 2
45 47 46 2
46 46 46 2
35 37 36 2
31 35 34 2
28 32 33 2
58 64 64 2
28 33 36 2
37 45 47 2
32 40 42 2
6 14 16 1
16 24 26 1
12 21 20 1
19 25 25 1
20 26 24 1
9 13 12 1
33 37 36 2
49 51 50 2
66 72 72 2
42 53 55 2
38 53 56 2
37 52 55 2
37 52 55 2
39 54 57 2
44 59 62 2
47 62 65 2
48 63 66 2
49 63 66 2
55 69 72 2
56 70 73 2
54 68 71 2
56 70 73 2
56 70 73 2
50 64 67 2
43 57 60 2
37 51 52 2
28 42 43 2
29 40 42 2
24 32 34 2
37 39 36 2
63 62 57 2
60 57 50 2
74 73 69 2
48 52 53 2
31 41 43 2
30 41 45 2
27 38 40 2
23 34 36 2
30 44 45 2
36 51 54 2
9 24 29 2
16 27 31 2
27 38 42 2
30 44 45 2
25 39 40 2
24 35 37 2
23 33 35 2
22 30 33 2
21 31 33 2
13 23 24 1
17 27 26 2
27 33 33 2
64 64 62 2
79 74 71 2
66 57 52 2
49 40 33 1
65 61 52 2
45 46 40 2
24 29 25 1
22 30 32 2
15 26 30 2
21 31 41 2
15 28 37 2
26 39 45 2
21 37 37 2
14 34 33 2
25 43 43 2
21 28 36 2
23 30 38 2
30 46 46 2
42 61 59 2
94 106 102 2
120 130 121 2
108 112 98 2
50 53 36 2
31 36 16 1
149 156 140 2
86 91 85 2
48 52 51 2
58 67 66 2
25 35 36 2
28 39 41 2
37 48 52 2
25 36 40 2
19 30 32 2
17 31 31 2
19 33 34 2
31 44 50 2
35 48 56 2
19 33 36 2
30 45 48 2
24 39 44 2
34 49 54 2
23 36 42 2
30 44 47 2
36 49 55 2
22 35 41 2
30 43 49 2
26 40 43 2
35 49 50 2
25 39 40 2
21 37 37 2
24 40 40 2
30 46 45 2
33 47 47 2
21 32 34 2
32 43 45 2
39 50 52 2
46 57 59 2
32 43 45 2
18 30 30 2
28 40 40 2
18 30 30 2
37 49 49 2
23 35 35 2
24 36 36 2
18 30 30 2
18 30 30 2
29 41 41 2
31 43 43 2
30 44 44 2
21 37 36 2
46 62 61 2
34 45 49 2
41 52 56 2
43 57 57 2
19 35 34 2
31 46 49 2
38 53 58 2
42 53 55 2
37 48 50 2
55 66 70 2
34 49 52 2
18 37 35 2
66 64 49 2
50 53 44 2
35 49 50 2
38 57 61 2
37 56 54 2
51 66 63 2
64 75 79 2
70 77 83 2
77 80 85 2
74 79 82 2
75 87 87 2
58 74 71 2
58 73 68 2
52 64 60 2
56 67 63 2
48 54 54 2
50 54 55 2
43 47 48 2
44 48 49 2
66 72 72 2
40 46 46 2
47 56 55 2
44 52 54 2
15 25 26 2
9 19 18 1
13 22 21 1
12 18 18 1
20 26 24 1
20 24 23 1
22 27 23 1
37 39 36 2
40 46 44 2
43 54 56 2
40 55 58 2
39 54 57 2
38 53 56 2
39 53 56 2
43 57 60 2
48 62 65 2
51 65 68 2
51 65 68 2
50 64 67 2
50 64 67 2
50 64 67 2
52 66 69 2
53 67 70 2
50 61 65 2
42 53 57 2
37 51 52 2
36 50 51 2
33 44 46 2
22 30 32 2
36 38 35 2
39 38 33 1
41 38 31 1
28 29 24 1
27 33 33 2
27 37 39 2
31 42 46 2
31 42 44 2
42 52 54 2
54 65 67 2
49 63 66 2
14 27 33 2
19 28 33 2
29 39 41 2
33 47 48 2
32 46 47 2
29 40 42 2
24 34 36 2
20 28 31 2
17 27 29 2
18 28 29 2
15 25 24 1
26 32 32 2
66 66 64 2
71 66 63 2
80 71 66 2
69 62 54 2
45 41 32 1
48 51 44 2
35 41 39 2
11 21 23 1
19 30 36 2
25 38 44 2
10 25 30 2
13 28 33 2
23 41 43 2
15 35 33 2
5 24 22 2
18 29 33 2
24 35 39 2
19 37 39 2
11 30 28 2
21 38 32 2
24 37 30 2
21 27 25 1
56 62 62 2
14 23 20 1
24 33 30 2
80 89 88 2
77 85 87 2
14 25 29 2
24 37 43 2
22 37 44 2
27 42 47 2
37 51 52 2
32 46 46 2
27 46 44 2
24 42 42 2
25 42 50 2
47 61 70 2
33 48 53 2
24 40 40 2
32 48 47 2
21 37 36 2
33 47 50 2
27 41 44 2
28 42 43 2
32 44 44 2
36 48 48 2
32 46 47 2
32 46 47 2
145 161 161 2
78 93 90 2
83 100 94 2
87 103 100 2
93 109 108 2
88 102 105 2
120 134 137 2
80 94 97 2
71 85 88 2
68 82 85 2
131 145 146 2
52 66 67 2
107 121 122 2
34 48 49 2
78 92 93 2
15 29 30 2
117 131 132 2
111 125 126 2
22 36 37 2
22 36 37 2
26 40 43 2
21 35 38 2
28 42 45 2
39 50 54 2
37 48 52 2
38 52 52 2
29 45 44 2
18 33 36 2
49 65 65 2
48 60 58 2
42 54 52 2
57 68 70 2
16 30 33 2
20 36 36 2
81 79 67 2
50 53 46 2
41 55 56 2
34 53 57 2
37 55 57 2
60 78 80 2
67 82 89 2
76 86 95 2
70 77 83 2
79 86 92 2
85 99 102 2
72 90 90 2
59 76 70 2
51 66 61 2
51 63 61 2
46 56 55 2
46 52 52 2
49 55 55 2
46 52 52 2
43 52 51 2
43 52 51 2
52 62 61 2
9 19 20 1
8 18 19 1
12 22 21 1
23 33 32 2
19 25 23 1
19 25 23 1
16 21 17 1
29 34 28 1
54 56 51 2
40 46 42 2
43 55 55 2
39 54 57 2
38 53 56 2
38 53 56 2
41 55 58 2
45 59 62 2
49 63 66 2
51 65 68 2
52 66 69 2
48 62 65 2
49 63 66 2
50 64 67 2
48 62 65 2
46 60 63 2
47 58 62 2
42 53 57 2
39 53 54 2
37 51 52 2
37 48 50 2
27 37 36 2
28 33 29 1
56 57 51 2
67 67 59 2
87 88 83 2
41 50 49 2
30 41 43 2
34 45 49 2
45 56 58 2
51 61 63 2
38 49 51 2
28 42 45 2
14 28 31 2
21 31 33 2
23 33 35 2
27 41 42 2
28 42 43 2
23 34 36 2
23 33 35 2
23 31 34 2
16 26 28 2
16 26 27 2
13 23 22 1
25 31 31 2
64 64 62 2
60 55 52 2
75 68 62 2
67 60 52 2
83 80 71 2
78 79 71 2
54 59 53 2
51 59 61 2
21 31 33 2
29 40 42 2
20 34 35 2
13 27 28 2
18 34 34 2
21 37 34 2
20 35 32 2
16 27 29 2
20 31 35 2
35 49 52 2
13 27 28 2
15 30 27 2
20 32 32 2
27 34 40 2
48 55 63 2
27 36 43 2
38 47 52 2
9 19 21 1
18 27 32 2
20 33 41 2
21 35 44 2
16 31 36 2
19 34 37 2
17 33 33 2
22 38 37 2
33 52 50 2
22 42 41 2
43 60 68 2
49 66 74 2
53 68 71 2
24 40 39 2
30 44 44 2
29 43 43 2
26 40 41 2
31 45 46 2
42 54 54 2
30 42 42 2
40 52 52 2
19 33 33 2
91 105 106 2
52 66 66 2
24 39 36 2
154 169 164 2
146 162 159 2
118 134 133 2
40 54 55 2
122 136 139 2
113 127 130 2
114 128 131 2
159 173 176 2
25 39 40 2
33 47 47 2
145 159 159 2
73 87 88 2
121 135 136 2
12 26 29 2
135 149 152 2
47 61 62 2
17 31 32 2
26 40 43 2
27 41 44 2
31 42 48 2
31 42 46 2
32 41 46 2
22 33 35 2
21 35 35 2
30 44 44 2
17 33 33 2
32 48 47 2
34 49 46 2
47 62 59 2
25 39 39 2
25 39 40 2
23 37 40 2
94 90 81 2
50 49 44 2
38 43 47 2
45 54 61 2
51 61 70 2
60 75 80 2
56 75 79 2
67 85 87 2
69 79 80 2
79 87 89 2
76 85 92 2
72 81 86 2
60 69 68 2
52 61 58 2
51 60 59 2
48 56 58 2
56 65 64 2
40 49 48 2
40 48 50 2
42 52 53 2
46 56 57 2
37 49 49 2
50 62 62 2
22 34 34 2
16 26 25 1
21 31 30 2
24 30 28 1
24 30 28 1
12 17 13 1
59 64 58 2
31 33 28 1
23 29 25 1
45 57 57 2
40 54 57 2
38 52 55 2
40 54 57 2
46 60 63 2
50 64 67 2
51 65 68 2
51 65 68 2
53 64 68 2
52 63 67 2
57 68 72 2
58 69 73 2
50 61 65 2
45 56 60 2
44 55 59 2
42 53 57 2
37 48 50 2
36 47 49 2
32 43 45 2
22 32 31 2
44 49 45 2
47 48 42 2
59 60 52 2
51 53 48 2
34 43 42 2
26 37 39 2
38 49 53 2
44 55 57 2
39 49 51 2
39 49 51 2
39 50 54 2
12 23 27 2
18 26 29 2
27 35 37 2
30 41 43 2
26 40 41 2
26 37 39 2
24 34 36 2
22 30 33 2
18 28 30 2
20 30 31 2
16 26 25 1
21 27 27 1
75 75 73 2
61 56 53 2
70 63 57 2
84 77 69 2
67 63 52 2
63 63 51 2
54 56 45 2
70 72 67 2
37 42 38 2
73 79 75 2
19 28 23 1
42 52 51 2
31 42 38 2
55 65 57 2
11 20 15 1
20 28 31 2
30 37 45 2
23 28 32 2
28 33 37 2
26 34 37 2
28 35 41 2
24 31 41 2
50 59 68 2
82 89 97 2
66 75 80 2
16 27 29 2
17 28 32 2
15 25 37 2
20 33 42 2
18 32 32 2
20 37 31 2
16 32 31 2
12 28 27 2
15 31 30 2
49 65 64 2
70 88 90 2
53 71 73 2
50 66 65 2
24 38 38 2
20 35 38 2
27 41 44 2
29 41 41 2
30 42 42 2
29 40 42 2
28 42 45 2
26 40 43 2
24 38 39 2
79 91 91 2
96 108 108 2
95 109 110 2
102 118 118 2
113 127 127 2
116 131 128 2
25 39 39 2
114 128 129 2
116 130 133 2
94 108 111 2
157 171 172 2
46 61 58 2
71 86 81 2
157 172 169 2
116 130 131 2
96 110 113 2
18 32 33 2
89 103 104 2
151 165 165 2
13 27 27 2
18 32 35 2
24 35 39 2
21 31 33 2
31 39 41 2
23 33 34 2
28 40 40 2
24 38 38 2
27 41 41 2
38 54 51 2
40 56 55 2
27 45 45 2
24 44 43 2
26 44 44 2
13 31 31 2
24 39 42 2
77 77 69 2
58 60 55 2
34 37 42 2
24 31 39 2
28 38 47 2
54 65 71 2
70 74 75 2
77 73 70 2
92 77 74 2
93 79 79 2
84 84 92 2
62 71 78 2
56 64 66 2
56 65 64 2
48 58 59 2
58 68 69 2
45 55 56 2
39 49 50 2
39 49 50 2
46 56 57 2
43 55 55 2
39 51 51 2
5 17 17 1
11 23 23 1
10 20 21 1
29 39 38 2
30 36 34 2
13 19 17 1
25 30 26 1
18 23 17 1
35 37 32 2
25 30 26 1
38 48 49 2
36 50 53 2
39 53 56 2
42 56 59 2
44 58 61 2
46 60 63 2
50 64 67 2
54 68 71 2
54 65 69 2
57 68 72 2
62 73 77 2
62 73 77 2
55 66 70 2
45 56 60 2
41 52 56 2
40 51 55 2
40 51 53 2
38 49 51 2
36 47 49 2
21 31 30 2
39 44 40 2
66 69 62 2
64 65 57 2
70 75 68 2
38 48 47 2
29 41 41 2
31 45 48 2
35 46 48 2
33 43 45 2
35 45 47 2
37 48 52 2
19 30 34 2
23 28 32 2
37 45 47 2
32 43 45 2
22 33 35 2
24 34 36 2
16 26 28 2
9 17 20 1
15 25 27 2
9 19 20 1
5 15 14 1
27 33 31 2
69 71 68 2
71 67 64 2
67 62 58 2
71 66 60 2
68 65 56 2
46 44 32 1
53 53 41 2
58 58 50 2
50 51 45 2
62 65 58 2
22 29 22 1
115 121 117 2
41 48 40 2
56 60 46 2
100 103 94 2
38 43 46 2
62 67 73 2
61 63 62 2
27 27 25 1
25 29 32 2
31 36 39 2
17 23 19 1
11 20 15 1
61 69 72 2
63 73 74 2
14 23 18 1
18 27 24 1
11 20 27 2
26 37 41 2
20 33 26 2
17 30 21 1
12 23 19 1
34 44 45 2
21 32 34 2
37 49 49 2
78 90 88 2
53 65 63 2
47 59 57 2
32 46 46 2
29 44 47 2
25 39 42 2
36 45 44 2
33 42 39 2
28 39 41 2
33 47 50 2
38 52 55 2
28 39 41 2
21 30 29 2
82 91 90 2
36 50 53 2
48 63 66 2
68 80 80 2
74 86 84 2
93 105 103 2
41 55 55 2
39 50 52 2
36 50 51 2
25 37 37 2
93 108 103 2
48 61 54 2
37 52 47 2
58 70 70 2
94 108 109 2
68 82 83 2
74 88 88 2
69 84 81 2
20 35 32 2
23 37 40 2
28 39 43 2
29 39 38 2
36 46 45 2
28 42 42 2
26 40 41 2
22 36 36 2
25 40 37 2
33 49 39 2
31 46 39 2
25 41 40 2
28 44 44 2
34 49 44 2
15 26 18 1
16 23 15 1
100 110 101 2
74 85 79 2
76 87 89 2
73 88 93 2
77 96 102 2
100 105 108 2
85 55 53 2
111 56 53 1
119 48 46 1
126 70 71 2
70 61 66 2
57 70 76 2
58 70 70 2
54 66 64 2
48 64 63 2
41 57 56 2
41 53 53 2
43 54 56 2
40 51 53 2
42 53 55 2
47 58 60 2
39 50 52 2
0 7 9 1
9 21 21 1
11 21 22 1
22 32 31 2
24 30 28 1
20 26 24 1
22 27 23 1
45 50 44 2
42 44 39 2
50 55 51 2
49 59 60 2
49 60 64 2
51 62 66 2
49 60 64 2
45 56 60 2
42 53 57 2
43 54 58 2
47 58 62 2
44 55 59 2
46 57 61 2
49 58 63 2
51 60 65 2
50 59 64 2
44 53 58 2
37 46 51 2
35 44 49 2
30 41 43 2
23 34 36 2
23 34 36 2
17 27 26 2
50 56 52 2
55 60 53 2
59 62 53 2
66 71 64 2
34 44 43 2
37 51 51 2
41 55 58 2
39 50 52 2
44 54 56 2
47 55 58 2
41 50 55 2
18 27 32 2
27 31 34 2
37 43 43 2
41 51 52 2
42 53 55 2
44 54 56 2
34 43 48 2
24 31 37 2
19 29 31 2
20 30 31 2
24 34 33 2
21 27 25 1
40 42 39 2
55 51 48 2
54 49 45 2
64 61 54 2
63 63 55 2
59 59 51 2
56 56 48 2
54 54 44 2
61 62 54 2
49 51 46 2
46 53 46 2
108 115 107 2
32 40 27 1
65 68 47 2
126 129 112 2
39 48 45 2
38 47 46 2
131 133 119 2
124 127 110 2
21 26 20 1
35 43 30 2
117 122 90 2
120 127 96 2
76 87 79 2
46 55 50 2
65 67 46 2
115 117 96 2
85 90 83 2
17 28 24 1
21 33 23 1
84 92 81 2
82 81 76 2
96 96 96 2
18 28 30 2
66 77 79 2
61 66 60 2
50 53 46 2
34 39 35 2
55 65 64 2
30 46 46 2
19 33 34 2
41 46 42 2
32 34 31 1
27 35 37 2
33 44 46 2
32 43 45 2
29 37 39 2
27 29 26 1
17 21 20 1
23 37 38 2
24 42 44 2
23 33 34 2
21 30 27 2
16 27 23 1
18 30 28 2
26 36 37 2
24 36 36 2
25 35 34 2
10 22 18 1
16 27 21 1
17 29 25 2
19 29 30 2
23 35 35 2
14 26 26 2
10 22 22 1
17 29 27 2
18 30 30 2
27 38 40 2
28 39 41 2
16 31 26 2
18 35 29 2
11 31 30 2
17 37 38 2
25 41 40 2
16 31 24 2
24 37 20 1
32 43 27 1
40 49 44 2
43 49 45 2
51 54 37 2
116 112 87 2
159 150 117 2
137 154 144 2
141 158 152 2
149 165 165 2
142 160 164 2
140 166 167 2
162 166 165 2
136 88 84 2
142 62 55 1
156 54 49 1
150 71 67 1
146 130 131 2
62 76 79 2
54 66 66 2
51 63 61 2
38 57 55 2
81 99 99 2
36 50 51 2
47 58 60 2
36 47 49 2
44 55 57 2
41 52 54 2
45 56 58 2
3 14 16 1
4 15 17 1
10 20 22 1
21 29 31 2
18 24 24 1
19 25 23 1
6 10 9 1
43 45 42 2
40 42 39 2
36 40 39 2
9 19 20 1
7 18 22 1
10 21 25 2
21 32 36 2
34 45 49 2
43 54 58 2
47 58 62 2
49 60 64 2
67 78 82 2
66 77 81 2
63 72 77 2
63 72 77 2
68 77 82 2
63 72 77 2
54 63 68 2
51 60 65 2
43 54 56 2
36 47 49 2
31 42 44 2
14 24 23 1
47 53 49 2
66 71 64 2
54 57 48 2
54 59 52 2
23 33 32 2
6 20 20 1
13 27 30 2
25 36 38 2
23 33 35 2
23 31 34 2
30 39 44 2
18 25 31 2
35 39 42 2
20 24 25 1
22 30 32 2
30 42 42 2
31 40 45 2
44 53 58 2
57 64 70 2
50 60 62 2
31 41 42 2
6 16 15 1
12 18 16 1
47 49 44 2
53 50 45 2
48 45 40 2
46 46 38 2
60 59 54 2
59 58 54 2
47 46 41 2
47 47 37 2
53 53 43 2
35 37 32 2
65 70 64 2
102 109 101 2
14 20 6 1
89 91 67 2
122 124 103 2
19 25 23 1
28 34 32 2
130 131 113 2
105 107 86 2
19 24 17 1
45 51 37 2
137 139 99 2
131 136 96 2
38 48 37 2
25 32 25 1
101 97 70 2
148 143 114 2
81 83 70 2
26 33 25 1
29 37 22 1
140 143 126 2
154 146 135 2
108 101 93 2
29 35 35 2
61 70 67 2
111 109 96 2
152 149 132 2
144 146 135 2
50 60 52 2
33 49 48 2
42 57 54 2
128 129 121 2
112 112 102 2
76 82 78 2
30 40 39 2
39 49 48 2
64 70 68 2
101 98 91 2
95 96 90 2
54 68 68 2
27 43 43 2
34 40 36 2
83 88 81 2
86 94 83 2
85 95 86 2
47 56 53 2
31 40 37 2
24 34 26 1
75 85 74 2
74 85 71 2
75 85 74 2
29 38 35 2
31 41 40 2
51 62 58 2
81 92 86 2
76 88 78 2
54 66 56 2
29 39 38 2
45 56 52 2
65 77 65 2
107 121 108 2
97 113 110 2
23 39 38 2
22 37 32 2
85 97 85 2
134 143 122 2
158 165 147 2
35 40 34 2
33 36 29 1
98 95 76 2
153 147 115 2
162 149 107 2
166 185 179 2
164 183 179 2
162 178 178 2
160 178 180 2
162 188 187 2
188 193 187 2
190 143 133 2
146 63 49 1
169 61 49 1
147 60 51 1
181 160 159 2
118 128 129 2
62 71 70 2
54 64 63 2
51 67 67 2
39 54 57 2
39 53 56 2
39 50 54 2
42 53 57 2
39 50 54 2
42 53 57 2
47 58 62 2
33 44 48 2
15 26 28 2
13 23 25 1
18 26 28 2
21 27 27 1
8 14 12 1
88 92 91 2
63 65 62 2
48 50 47 2
46 50 49 2
20 30 31 2
10 21 23 1
11 22 24 1
12 23 25 2
9 20 22 1
10 21 23 1
9 19 21 1
9 19 21 1
10 20 22 1
6 16 18 1
7 17 19 1
9 19 21 1
6 16 18 1
4 14 16 1
5 15 17 1
2 12 14 1
0 9 11 1
4 15 17 1
0 11 13 1
0 8 7 1
53 58 54 2
67 70 63 2
59 60 52 2
69 74 67 2
39 49 48 2
13 25 25 2
17 31 34 2
25 36 38 2
27 35 38 2
34 42 45 2
36 45 50 2
18 25 31 2
68 69 71 2
27 28 30 1
26 34 36 2
28 38 39 2
25 34 39 2
20 29 34 2
27 34 40 2
35 45 47 2
44 54 55 2
58 69 65 2
54 60 56 2
55 57 52 2
38 37 32 1
42 39 34 1
40 41 35 2
44 45 39 2
59 58 54 2
31 28 23 1
53 50 41 2
61 61 51 2
50 51 46 2
50 52 49 2
58 63 57 2
42 45 34 2
91 88 69 2
87 85 70 2
5 9 10 1
50 54 55 2
110 108 93 2
75 72 57 2
27 29 28 1
70 71 65 2
138 134 105 2
113 112 82 2
28 33 27 1
38 40 35 2
112 104 81 2
147 137 112 2
67 64 55 2
26 29 20 1
49 54 31 1
139 139 111 2
146 136 111 2
76 68 49 2
33 36 27 1
43 49 35 2
129 126 95 2
145 141 106 2
135 135 111 2
24 30 16 1
32 44 40 2
69 80 74 2
145 144 126 2
144 141 122 2
86 89 80 2
40 50 42 2
37 47 39 2
106 112 102 2
146 143 126 2
147 145 130 2
60 71 67 2
19 34 31 2
29 35 23 1
141 146 126 2
135 144 117 2
141 151 127 2
33 40 33 2
24 31 24 1
40 49 30 1
149 159 132 2
139 150 116 2
117 127 100 2
16 24 13 1
20 29 24 1
109 119 110 2
133 144 127 2
135 148 118 2
42 55 27 1
26 36 25 1
13 18 11 1
115 117 96 2
138 140 118 2
96 102 88 2
8 16 5 1
7 13 3 1
114 118 103 2
123 127 104 2
119 124 104 2
6 12 8 1
10 15 11 1
101 104 87 2
136 136 108 2
111 107 72 2
182 198 197 2
187 203 200 2
182 198 197 2
186 205 203 2
179 201 198 2
201 204 197 2
212 170 158 2
142 63 48 1
178 70 57 1
151 61 52 1
203 173 171 2
157 161 162 2
91 97 95 2
50 61 57 2
52 63 65 2
48 59 63 2
48 59 63 2
34 45 49 2
35 46 50 2
43 54 58 2
43 54 58 2
43 54 58 2
55 66 70 2
12 21 26 2
11 19 22 1
20 28 31 2
25 30 33 2
21 27 27 1
20 24 25 1
54 56 55 2
47 49 48 2
47 51 50 2
13 23 24 1
6 17 19 1
6 17 19 1
6 17 19 1
7 18 20 1
11 22 24 1
14 24 26 2
18 28 30 2
18 28 30 2
16 26 28 2
18 28 30 2
20 30 32 2
17 27 29 2
16 26 28 2
14 24 26 2
10 20 22 1
4 15 17 1
2 13 15 1
15 26 28 2
1 11 10 1
55 60 56 2
66 69 62 2
68 69 61 2
79 82 75 2
33 42 41 2
10 22 22 1
15 26 30 2
21 32 34 2
24 32 35 2
30 38 41 2
30 39 44 2
16 23 29 2
77 77 79 2
41 41 41 2
19 25 25 1
18 28 29 2
17 26 31 2
13 22 27 2
17 24 30 2
10 20 22 1
23 33 34 2
23 34 30 2
29 35 31 2
50 52 47 2
63 62 57 2
60 59 54 2
52 53 47 2
54 55 50 2
58 57 55 2
59 55 52 2
68 65 56 2
51 48 39 2
52 51 46 2
49 50 44 2
32 34 29 1
47 47 37 2
33 28 9 1
38 32 16 1
25 26 21 1
29 30 25 1
39 33 17 1
30 24 8 1
3 2 0 1
48 47 42 2
94 89 67 2
67 62 42 2
13 14 9 1
28 27 23 1
119 111 92 2
126 118 97 2
36 32 23 1
14 14 4 1
62 64 40 2
122 121 91 2
125 115 90 2
36 28 7 1
17 18 4 1
29 30 12 1
131 126 96 2
129 124 92 2
80 78 55 2
22 26 11 1
25 35 26 1
83 91 80 2
125 124 104 2
125 123 102 2
68 70 56 2
45 51 41 2
46 52 42 2
117 119 106 2
130 125 106 2
117 116 98 2
73 80 72 2
68 78 70 2
77 81 67 2
148 150 129 2
142 148 120 2
130 135 112 2
87 90 81 2
87 92 85 2
129 133 116 2
154 163 134 2
152 159 126 2
133 142 115 2
126 132 120 2
121 128 121 2
150 156 146 2
153 162 143 2
161 170 141 2
166 176 149 2
151 159 146 2
164 167 158 2
202 199 180 2
199 197 176 2
179 180 166 2
179 181 170 2
195 197 186 2
195 197 183 2
199 202 181 2
181 188 170 2
183 192 189 2
194 203 200 2
194 202 191 2
193 200 182 2
210 214 191 2
203 213 215 2
201 213 211 2
194 211 205 2
192 212 203 2
201 218 212 2
211 210 205 2
243 206 198 2
133 63 53 1
177 72 66 1
157 64 59 1
199 159 159 2
195 189 189 2
114 121 114 2
58 69 63 2
62 67 71 2
47 50 57 2
35 43 46 2
33 43 45 2
29 39 41 2
36 46 48 2
39 49 51 2
35 45 47 2
50 60 62 2
20 28 31 2
14 22 25 1
31 39 42 2
27 32 35 2
12 18 18 1
29 33 34 2
51 55 54 2
72 74 73 2
62 66 67 2
14 24 25 1
10 21 23 1
8 19 21 1
7 18 20 1
11 22 24 1
14 25 27 2
13 23 25 1
15 25 27 2
15 25 27 2
15 25 27 2
17 27 29 2
17 27 29 2
14 24 26 2
13 23 25 1
10 20 22 1
5 15 17 1
15 25 27 2
0 10 12 1
19 30 32 2
5 15 14 1
48 53 49 2
63 64 58 2
63 63 55 2
59 62 55 2
29 38 37 2
10 22 22 1
15 26 30 2
20 31 33 2
24 32 35 2
27 35 38 2
26 35 40 2
15 22 28 2
81 81 83 2
50 50 50 2
14 20 20 1
14 24 25 1
18 29 33 2
12 23 27 2
9 18 23 1
12 22 24 1
4 14 15 1
32 41 38 2
60 65 61 2
47 48 43 2
43 42 37 2
40 39 34 2
45 47 42 2
48 50 45 2
60 56 55 2
65 60 57 2
63 58 54 2
75 72 65 2
130 127 118 2
125 125 115 2
135 135 127 2
136 134 122 2
146 139 120 2
148 142 120 2
152 149 134 2
146 143 126 2
149 143 119 2
171 165 141 2
176 173 156 2
182 180 167 2
189 186 169 2
194 191 176 2
198 195 190 2
205 202 197 2
204 201 184 2
210 207 190 2
207 205 193 2
210 208 196 2
211 210 192 2
212 209 190 2
214 211 194 2
217 214 199 2
210 207 190 2
219 216 199 2
215 209 195 2
202 196 182 2
204 202 189 2
210 211 197 2
203 207 193 2
207 211 197 2
219 217 202 2
238 235 220 2
236 234 221 2
235 236 222 2
214 214 202 2
195 195 183 2
200 196 184 2
205 203 190 2
184 187 176 2
196 199 188 2
168 168 156 2
162 162 150 2
163 164 150 2
165 167 154 2
154 155 147 2
151 154 145 2
144 146 135 2
141 145 131 2
157 159 146 2
183 187 173 2
175 178 171 2
150 155 148 2
175 178 171 2
179 185 175 2
166 169 158 2
120 126 116 2
121 126 120 2
79 81 76 2
71 71 61 2
82 82 72 2
101 104 97 2
99 104 98 2
75 80 74 2
62 67 60 2
44 52 41 2
43 53 44 2
40 52 50 2
42 56 56 2
36 48 44 2
36 49 42 2
32 42 34 2
205 209 212 2
208 214 214 2
208 221 212 2
201 214 204 2
208 219 213 2
209 204 200 2
255 224 219 2
141 76 72 1
169 67 65 1
164 68 69 1
188 144 145 2
226 215 213 2
135 138 131 2
81 91 83 2
69 68 73 2
73 72 78 2
60 65 68 2
62 72 71 2
56 64 66 2
55 65 66 2
57 65 67 2
52 60 62 2
33 41 44 2
21 29 31 2
24 32 35 2
22 30 32 2
27 32 35 2
58 64 64 2
21 25 26 1
29 33 32 2
61 63 62 2
64 68 69 2
11 21 22 1
12 23 25 2
11 22 24 1
5 16 18 1
6 17 19 1
7 18 20 1
7 17 19 1
13 23 25 1
13 23 25 1
14 24 26 2
15 25 27 2
14 24 26 2
13 23 25 1
14 24 26 2
16 26 28 2
16 26 28 2
11 21 23 1
12 22 24 1
23 34 36 2
3 12 11 1
64 66 63 2
66 65 60 2
61 61 53 2
67 68 62 2
28 34 34 2
13 23 24 1
18 28 30 2
22 32 34 2
26 34 36 2
25 35 37 2
22 33 37 2
15 23 26 1
79 79 79 2
48 48 46 2
19 25 25 1
13 23 24 1
12 23 27 2
22 33 37 2
12 21 26 2
15 25 27 2
16 26 27 2
30 39 36 2
68 73 69 2
59 60 55 2
60 59 54 2
59 58 53 2
54 56 51 2
45 47 44 2
36 36 36 2
40 38 39 2
41 40 38 2
88 87 83 2
107 107 99 2
100 100 92 2
115 114 109 2
125 122 115 2
108 105 90 2
104 99 80 2
112 109 92 2
144 141 122 2
147 142 120 2
125 123 102 2
123 120 105 2
113 111 99 2
127 124 115 2
139 136 129 2
71 66 62 2
66 63 56 2
51 52 38 2
43 44 30 1
45 42 35 1
48 45 38 2
45 43 30 1
51 49 36 1
83 81 69 2
67 65 53 2
58 55 38 2
56 50 36 1
48 43 39 2
44 39 36 2
46 43 36 2
53 53 43 2
40 40 28 1
28 28 16 1
42 40 28 1
45 41 30 1
45 43 31 1
34 32 19 1
35 33 21 1
33 30 21 1
38 34 25 1
33 30 21 1
39 39 29 1
54 54 44 2
41 38 31 1
57 54 47 2
37 36 32 1
35 34 30 1
34 35 29 1
31 32 26 1
32 33 27 1
28 29 24 1
27 27 25 1
31 32 27 1
30 32 27 1
22 24 19 1
28 30 25 1
26 28 25 1
21 23 22 1
31 32 34 2
18 22 21 1
37 39 36 2
48 48 46 2
40 40 40 2
26 28 27 1
26 30 29 1
23 29 27 1
67 73 71 2
30 39 34 2
15 26 22 1
23 35 33 2
13 25 23 1
12 24 24 1
19 31 31 2
24 34 35 2
208 208 210 2
211 211 209 2
205 208 199 2
206 212 200 2
209 214 207 2
219 212 206 2
249 218 215 2
145 81 81 2
156 53 56 1
162 66 68 1
171 123 123 2
223 208 205 2
146 143 136 2
98 101 94 2
20 18 19 1
1 1 3 1
0 4 3 1
0 4 1 1
2 8 8 1
0 9 8 1
0 4 4 1
11 17 17 1
14 19 22 1
25 31 31 2
25 30 33 2
23 29 29 2
33 37 38 2
38 42 43 2
29 33 34 2
29 33 32 2
30 32 31 2
37 41 40 2
20 30 31 2
12 23 25 2
8 19 21 1
13 24 26 2
30 41 43 2
36 47 49 2
21 31 33 2
11 21 23 1
17 27 29 2
18 28 30 2
16 26 28 2
14 24 26 2
13 23 25 1
14 24 26 2
17 27 29 2
20 30 32 2
21 32 34 2
9 20 22 1
19 29 31 2
2 11 10 1
60 62 59 2
63 62 57 2
84 81 74 2
78 77 72 2
25 29 30 2
12 20 22 1
17 27 29 2
20 30 32 2
24 32 34 2
23 33 35 2
20 31 35 2
14 24 26 2
90 90 90 2
47 47 45 2
18 24 24 1
20 30 31 2
11 22 26 2
18 29 35 2
12 21 26 2
12 22 24 1
12 22 21 1
22 31 26 1
76 81 75 2
67 68 62 2
52 51 47 2
50 49 45 2
48 50 47 2
44 48 47 2
23 27 30 2
15 19 22 1
18 23 26 1
2 8 8 1
2 8 4 1
27 32 28 1
7 8 12 1
4 5 7 1
3 3 1 1
15 14 9 1
28 25 18 1
27 24 15 1
23 23 13 1
30 31 23 1
36 36 34 2
29 29 29 1
28 24 25 1
84 80 79 2
39 38 33 1
45 45 37 2
40 40 30 1
47 47 39 2
55 54 52 2
43 42 40 2
52 52 44 2
51 51 41 2
49 47 35 1
51 49 37 2
54 51 42 2
49 46 39 2
51 45 45 2
42 36 36 1
39 35 32 1
43 42 37 2
43 40 35 1
49 46 39 2
48 45 38 2
49 46 39 2
48 43 37 2
51 46 40 2
45 40 36 1
52 47 43 2
48 45 40 2
48 45 40 2
42 39 34 1
38 34 31 1
49 45 42 2
38 37 33 1
46 44 45 2
38 37 35 2
44 43 39 2
38 37 32 1
45 44 42 2
40 39 37 2
42 42 42 2
40 40 40 2
36 37 32 1
40 41 36 2
39 41 38 2
40 42 41 2
34 35 39 2
38 39 43 2
39 40 42 2
33 35 34 2
31 35 38 2
29 33 36 2
34 35 39 2
30 34 35 2
36 42 40 2
75 81 79 2
27 36 35 2
24 33 30 2
20 26 22 1
25 31 27 1
34 40 38 2
33 39 39 2
36 42 42 2
191 190 188 2
195 194 189 2
197 197 187 2
191 191 179 2
191 192 184 2
198 189 182 2
229 200 196 2
152 92 91 2
154 54 56 1
154 56 57 1
158 108 107 2
221 203 199 2
127 124 115 2
89 92 83 2
82 83 78 2
64 64 62 2
17 22 18 1
0 3 0 1
0 2 0 1
1 7 3 1
10 16 14 1
17 23 21 1
20 26 24 1
15 21 21 1
21 27 27 1
12 18 18 1
22 26 27 1
26 30 29 1
21 25 24 1
11 15 14 1
9 11 8 1
28 32 31 2
13 23 24 1
12 23 25 2
16 27 29 2
23 34 36 2
33 44 46 2
36 47 49 2
28 38 40 2
23 33 35 2
14 24 26 2
14 24 26 2
14 24 26 2
14 24 26 2
16 26 28 2
13 23 25 1
10 20 22 1
10 20 22 1
6 17 19 1
9 20 22 1
10 20 22 1
11 17 17 1
42 42 40 2
42 39 34 1
41 36 30 1
39 36 31 1
23 25 24 1
11 16 19 1
16 24 27 2
19 29 31 2
22 30 32 2
21 31 32 2
19 30 34 2
14 24 25 1
75 75 73 2
55 55 53 2
17 23 21 1
22 32 33 2
21 32 36 2
15 26 32 2
13 22 27 2
18 28 30 2
14 24 23 1
29 38 33 2
86 91 85 2
57 58 52 2
26 25 21 1
34 33 29 1
35 37 34 2
30 36 34 2
32 37 41 2
29 37 40 2
32 42 44 2
21 31 32 2
19 28 27 2
14 20 20 1
49 52 57 2
63 66 71 2
13 17 20 1
22 24 23 1
36 32 29 1
30 27 22 1
30 32 27 1
38 43 39 2
45 46 48 2
45 44 49 2
40 38 39 2
90 89 87 2
54 55 47 2
50 52 41 2
51 51 43 2
47 44 39 2
48 46 47 2
49 49 49 2
45 46 41 2
53 53 45 2
50 47 40 2
51 47 38 2
53 50 43 2
51 48 43 2
52 46 46 2
49 43 45 2
41 37 36 2
43 39 36 2
47 43 40 2
52 48 45 2
50 45 41 2
58 53 49 2
53 48 44 2
51 46 42 2
54 49 46 2
54 49 45 2
50 45 41 2
52 49 44 2
54 49 46 2
39 35 34 1
49 45 44 2
45 44 42 2
46 44 45 2
44 43 41 2
44 43 41 2
47 46 42 2
40 39 37 2
43 41 42 2
40 40 40 2
43 43 41 2
43 43 41 2
43 43 41 2
34 36 33 2
35 37 36 2
38 39 43 2
36 37 41 2
36 37 39 2
37 41 42 2
33 38 41 2
40 45 48 2
34 35 39 2
34 35 37 2
43 47 46 2
71 77 75 2
29 37 39 2
24 30 30 2
36 41 37 2
36 38 35 2
35 39 38 2
36 40 41 2
31 37 35 2
170 171 163 2
164 166 155 2
169 169 157 2
157 157 145 2
171 168 159 2
177 164 156 2
210 181 173 2
143 86 79 2
139 42 36 1
146 51 47 1
130 79 76 2
189 170 164 2
129 129 119 2
77 85 72 2
126 134 123 2
180 185 178 2
174 179 172 2
165 170 164 2
133 138 132 2
90 95 89 2
39 44 40 2
1 6 2 1
7 12 8 1
30 34 33 2
58 62 61 2
51 55 54 2
49 53 52 2
34 38 37 2
13 17 16 1
22 27 23 1
16 21 17 1
13 19 17 1
25 35 36 2
16 27 29 2
15 26 28 2
17 28 30 2
23 34 36 2
30 41 43 2
33 44 46 2
36 47 49 2
29 39 41 2
23 33 35 2
15 25 27 2
17 27 29 2
23 33 35 2
21 31 33 2
15 25 27 2
14 24 26 2
7 18 20 1
8 19 21 1
7 17 19 1
12 18 18 1
19 19 17 1
28 25 20 1
27 22 16 1
34 31 26 1
23 25 24 1
10 15 18 1
16 24 27 2
19 29 31 2
20 28 30 2
20 30 31 2
17 31 34 2
13 23 24 1
85 85 83 2
80 81 76 2
36 42 40 2
18 28 29 2
13 24 28 2
11 22 28 2
12 21 26 2
14 24 26 2
11 21 20 1
27 36 31 2
94 96 91 2
66 67 61 2
42 41 37 2
41 40 36 2
31 33 30 1
30 36 34 2
49 54 58 2
25 33 36 2
22 32 31 2
17 28 24 1
2 11 10 1
8 13 16 1
12 13 17 1
23 24 28 1
14 20 20 1
36 38 37 2
45 40 36 1
28 23 17 1
37 40 31 1
27 34 26 1
33 33 33 2
38 36 37 2
43 40 35 1
138 135 126 2
55 55 43 2
32 32 20 1
39 36 31 1
45 41 40 2
45 44 42 2
51 50 48 2
49 48 44 2
50 46 43 2
52 47 44 2
52 47 43 2
52 47 41 2
55 50 44 2
46 41 38 2
52 46 46 2
46 42 39 2
41 37 34 1
48 44 41 2
50 46 43 2
52 47 43 2
51 46 40 2
50 45 41 2
50 47 42 2
48 45 40 2
52 47 43 2
58 53 49 2
49 44 40 2
52 48 45 2
44 40 39 2
44 40 37 2
47 43 40 2
47 46 42 2
47 46 42 2
48 46 47 2
46 44 45 2
48 47 45 2
48 47 43 2
48 49 44 2
43 44 39 2
41 41 39 2
44 44 42 2
42 44 41 2
34 36 33 2
43 45 42 2
42 44 41 2
37 39 38 2
39 43 42 2
36 42 38 2
33 39 37 2
42 43 45 2
36 37 39 2
39 44 40 2
70 76 74 2
18 26 28 2
32 37 40 2
36 38 37 2
40 42 41 2
36 40 43 2
36 41 44 2
33 42 37 2
152 149 140 2
152 148 137 2
155 151 139 2
152 146 132 2
156 148 137 2
166 149 139 2
195 165 154 2
137 80 71 1
136 41 35 1
133 40 35 1
135 84 80 2
169 149 142 2
115 115 103 2
81 92 78 2
120 130 119 2
173 183 172 2
159 165 155 2
158 164 154 2
152 157 150 2
157 164 156 2
136 146 138 2
114 123 118 2
91 97 93 2
99 105 101 2
135 139 138 2
126 128 125 2
114 116 113 2
82 84 81 2
40 42 39 2
79 84 80 2
39 44 40 2
31 37 35 2
15 25 26 2
7 18 20 1
11 22 24 1
14 25 27 2
15 26 28 2
21 32 34 2
27 38 40 2
33 44 46 2
64 75 77 2
44 55 57 2
20 30 32 2
12 22 24 1
17 27 29 2
16 26 28 2
12 22 24 1
14 24 26 2
11 22 24 1
4 15 17 1
7 17 19 1
9 15 15 1
66 67 62 2
72 69 62 2
62 58 49 2
68 65 58 2
25 27 26 1
10 15 18 1
16 26 28 2
19 29 31 2
18 28 29 2
18 28 29 2
19 30 32 2
11 21 22 1
63 63 63 2
41 41 39 2
47 53 51 2
71 81 82 2
60 71 75 2
39 50 54 2
20 29 34 2
7 17 19 1
6 16 17 1
30 36 34 2
101 102 96 2
67 66 61 2
43 42 38 2
28 28 26 1
5 10 6 1
7 13 13 1
29 37 40 2
26 34 36 2
21 30 25 1
15 22 15 1
4 13 10 1
13 19 19 1
28 29 31 2
42 43 45 2
9 15 13 1
67 72 68 2
92 89 84 2
45 42 35 1
63 69 59 2
55 62 54 2
33 35 32 2
27 28 23 1
46 44 32 1
198 196 183 2
38 38 26 1
13 14 6 1
12 12 10 1
15 15 15 1
11 11 9 1
25 24 22 1
44 43 41 2
46 45 43 2
47 43 44 2
47 43 40 2
51 48 41 2
46 43 34 1
52 49 44 2
45 41 38 2
39 35 32 1
41 37 34 1
41 40 36 2
49 46 41 2
49 44 40 2
53 48 42 2
49 46 41 2
47 46 41 2
50 47 42 2
48 45 40 2
53 48 44 2
51 48 43 2
48 47 43 2
38 37 35 2
50 49 45 2
46 45 41 2
46 47 42 2
47 48 43 2
43 43 43 2
44 44 44 2
43 43 41 2
41 42 37 2
41 44 37 2
39 42 35 2
41 43 40 2
39 41 40 2
31 36 32 2
39 44 40 2
35 40 34 2
36 41 37 2
36 40 39 2
34 38 37 2
32 42 34 2
31 40 35 2
35 39 40 2
33 37 38 2
47 52 46 2
69 75 71 2
33 42 41 2
31 39 41 2
35 39 40 2
35 36 38 2
36 41 45 2
25 33 35 2
11 22 18 1
142 125 118 2
144 127 119 2
143 127 114 2
145 129 114 2
143 127 111 2
154 133 116 2
167 134 119 2
133 76 65 1
117 26 25 1
136 46 46 1
105 52 48 1
153 130 122 2
93 91 79 2
84 92 81 2
140 150 141 2
175 185 176 2
170 173 162 2
175 178 167 2
159 167 156 2
143 154 146 2
128 143 136 2
162 177 172 2
105 117 113 2
138 147 144 2
177 182 178 2
168 169 164 2
154 153 148 2
95 94 89 2
74 75 69 2
66 68 63 2
69 75 71 2
46 55 54 2
31 39 41 2
25 35 37 2
20 30 32 2
17 27 29 2
13 24 28 2
12 23 27 2
11 25 28 2
14 28 31 2
33 47 50 2
36 50 53 2
11 22 26 2
11 22 26 2
7 18 20 1
7 18 20 1
9 19 21 1
9 19 21 1
6 17 21 1
5 14 19 1
7 15 18 1
8 12 13 1
47 48 43 2
48 48 40 2
43 43 33 1
55 56 48 2
25 29 28 1
14 22 24 1
17 27 29 2
19 30 32 2
20 32 32 2
22 32 33 2
23 33 35 2
11 16 20 1
77 77 79 2
49 49 49 2
25 31 31 2
28 38 39 2
28 39 41 2
50 61 63 2
61 71 73 2
59 67 70 2
44 51 57 2
39 43 44 2
101 98 91 2
69 66 59 2
55 57 54 2
28 34 32 2
14 20 18 1
5 14 13 1
13 23 25 1
19 28 27 2
29 30 22 1
44 44 34 1
40 45 39 2
43 49 45 2
18 22 21 1
36 41 37 2
59 66 59 2
62 67 60 2
58 59 53 2
36 37 31 1
65 72 64 2
56 66 57 2
57 66 61 2
42 47 40 2
50 48 35 1
211 209 196 2
31 36 29 1
12 18 16 1
11 17 15 1
17 23 23 1
15 17 16 1
1 3 2 1
4 6 3 1
34 36 33 2
42 43 45 2
39 41 40 2
39 40 34 2
41 42 34 2
42 44 39 2
40 42 37 2
42 41 37 2
38 37 32 1
38 37 32 1
45 44 39 2
45 42 37 2
45 44 39 2
45 44 39 2
46 47 41 2
44 43 39 2
49 48 44 2
48 47 43 2
47 46 42 2
45 46 41 2
39 40 35 2
39 40 35 2
44 45 40 2
44 46 41 2
39 44 40 2
36 41 37 2
39 44 40 2
39 44 40 2
36 41 37 2
33 40 33 2
32 39 32 2
30 36 32 2
30 36 32 2
28 34 32 2
32 38 36 2
29 35 31 2
30 36 34 2
28 34 34 2
28 37 34 2
26 35 30 2
20 31 25 1
20 29 28 2
13 19 17 1
37 44 36 2
79 86 78 2
16 26 25 1
17 27 28 2
19 25 25 1
21 27 27 1
0 9 10 1
0 6 6 1
0 2 4 1
134 114 107 2
129 109 102 2
138 120 108 2
134 116 102 2
132 115 97 2
138 117 98 2
164 128 112 2
113 56 47 1
109 23 26 1
113 28 33 1
109 60 56 1
118 98 89 2
87 85 73 2
89 97 86 2
101 111 103 2
175 185 177 2
172 178 168 2
168 174 162 2
155 165 156 2
174 187 180 2
184 201 195 2
136 152 149 2
151 163 161 2
189 198 195 2
177 179 174 2
171 170 165 2
134 131 124 2
76 76 68 2
22 23 18 1
90 95 91 2
65 76 72 2
62 74 74 2
30 38 40 2
27 35 38 2
22 32 34 2
22 32 34 2
22 33 37 2
27 38 42 2
34 48 51 2
41 55 58 2
69 83 86 2
88 102 105 2
32 46 49 2
26 40 43 2
23 34 36 2
21 32 34 2
21 31 33 2
25 35 37 2
22 33 37 2
18 27 32 2
19 24 28 2
14 18 19 1
45 46 41 2
51 51 43 2
53 55 44 2
53 56 47 2
23 29 25 1
16 26 25 1
21 31 33 2
21 33 33 2
21 33 33 2
21 33 33 2
23 31 34 2
9 14 18 1
66 65 70 2
62 62 64 2
21 27 27 1
19 29 30 2
20 32 32 2
12 23 25 2
19 29 31 2
39 47 50 2
46 51 57 2
60 61 63 2
82 77 71 2
74 70 59 2
49 54 48 2
27 36 33 2
15 24 21 1
17 26 25 1
23 33 34 2
17 23 21 1
38 34 25 1
40 36 25 1
31 34 27 1
28 35 28 1
41 46 42 2
72 77 71 2
68 74 64 2
65 71 59 2
58 61 52 2
49 52 43 2
65 73 62 2
55 65 56 2
48 58 50 2
53 59 49 2
64 61 46 2
205 202 187 2
22 24 19 1
0 3 2 1
10 19 16 1
12 18 16 1
3 5 4 1
2 2 0 1
0 1 0 1
1 3 0 1
8 10 9 1
26 28 25 1
25 26 20 1
20 21 13 1
24 27 20 1
20 22 17 1
24 25 19 1
23 23 15 1
17 16 11 1
22 22 14 1
25 24 19 1
26 26 18 1
23 24 18 1
30 31 25 1
30 31 25 1
33 34 28 1
22 23 17 1
33 34 28 1
36 37 31 1
27 28 22 1
37 38 32 1
39 42 35 2
38 40 35 2
36 41 35 2
53 58 52 2
45 50 44 2
50 55 49 2
46 51 45 2
58 65 58 2
70 77 70 2
79 86 79 2
71 78 71 2
77 83 79 2
77 83 79 2
83 89 85 2
69 75 71 2
69 75 73 2
67 73 71 2
77 86 81 2
104 113 110 2
105 114 113 2
123 132 129 2
112 117 110 2
73 78 71 2
123 132 129 2
113 123 122 2
139 145 145 2
122 131 128 2
123 135 135 2
131 143 143 2
136 144 147 2
117 98 92 2
120 103 95 2
116 104 92 2
112 103 88 2
107 98 81 2
118 101 85 2
134 102 89 2
96 43 35 1
100 20 23 1
98 23 27 1
96 57 52 1
101 88 79 2
71 73 62 2
93 103 92 2
83 93 85 2
149 159 151 2
170 180 172 2
165 175 167 2
179 190 184 2
172 183 179 2
161 171 170 2
177 187 186 2
193 202 199 2
195 200 196 2
169 170 164 2
142 142 134 2
98 98 90 2
35 36 30 1
0 6 2 1
23 33 32 2
87 101 102 2
50 64 65 2
41 51 53 2
46 54 56 2
52 62 64 2
57 67 69 2
56 67 69 2
52 63 65 2
49 63 66 2
50 64 67 2
58 72 75 2
51 65 68 2
50 64 67 2
60 74 77 2
55 66 70 2
47 58 62 2
41 52 54 2
36 47 49 2
35 46 50 2
39 48 53 2
36 44 47 2
36 40 41 2
53 54 49 2
49 50 42 2
46 48 37 2
58 61 52 2
30 36 32 2
29 39 38 2
35 45 47 2
35 47 47 2
36 48 48 2
36 48 48 2
38 46 49 2
22 27 30 2
73 73 75 2
61 61 61 2
28 34 32 2
33 43 42 2
31 43 43 2
26 38 38 2
24 34 36 2
17 25 28 2
18 26 29 2
35 37 36 2
58 54 45 2
61 57 45 2
57 60 53 2
71 77 73 2
43 50 43 2
36 42 38 2
29 34 37 2
37 38 40 2
54 47 41 2
53 46 38 1
47 48 42 2
39 44 38 2
52 54 49 2
54 56 51 2
68 71 62 2
76 79 68 2
63 65 54 2
50 52 41 2
59 63 49 2
48 54 42 2
52 59 51 2
60 63 52 2
57 50 32 1
195 188 172 2
95 95 87 2
109 111 108 2
118 123 117 2
115 117 112 2
117 116 112 2
122 119 114 2
119 119 111 2
128 129 121 2
142 141 137 2
138 137 132 2
152 149 140 2
161 159 147 2
168 168 158 2
171 171 163 2
157 158 150 2
165 167 156 2
165 166 158 2
170 172 161 2
173 174 166 2
173 175 164 2
174 175 167 2
190 191 183 2
179 182 173 2
180 183 174 2
170 173 164 2
182 185 176 2
185 188 179 2
175 178 169 2
180 183 174 2
179 180 172 2
168 169 163 2
161 160 155 2
150 149 144 2
158 157 152 2
146 147 139 2
162 163 155 2
140 141 133 2
143 144 136 2
133 134 128 2
122 123 117 2
129 130 124 2
116 117 111 2
111 113 108 2
112 114 109 2
126 128 123 2
111 113 108 2
133 138 134 2
89 95 93 2
95 101 101 2
99 103 102 2
99 100 94 2
73 76 69 2
64 70 68 2
54 63 62 2
63 69 69 2
45 54 51 2
42 54 54 2
40 52 52 2
41 49 52 2
96 78 74 2
96 81 74 2
82 74 63 2
86 80 66 2
84 78 64 2
98 82 69 2
105 75 65 2
79 28 24 1
91 19 23 1
86 20 24 1
101 70 65 2
81 72 63 2
57 60 49 2
86 96 87 2
212 219 212 2
189 196 189 2
192 201 196 2
191 200 195 2
171 180 177 2
201 210 207 2
204 210 210 2
210 214 213 2
193 195 192 2
165 167 162 2
141 141 133 2
101 101 93 2
61 62 54 2
18 23 16 1
3 12 9 1
54 66 66 2
73 87 90 2
34 48 51 2
38 48 50 2
40 48 50 2
43 53 55 2
48 58 60 2
50 61 63 2
53 64 66 2
57 71 74 2
63 77 80 2
65 79 82 2
71 85 88 2
66 80 83 2
81 95 98 2
98 109 113 2
59 70 74 2
45 56 58 2
50 61 63 2
45 56 58 2
42 52 54 2
34 42 45 2
27 33 33 2
40 42 37 2
43 44 36 2
55 56 48 2
31 34 27 1
21 27 25 1
25 35 36 2
31 41 43 2
31 42 44 2
34 46 46 2
35 47 45 2
36 46 48 2
19 24 27 1
75 75 75 2
61 61 61 2
32 38 36 2
24 35 31 2
22 34 32 2
26 38 38 2
19 29 31 2
22 30 33 2
20 28 31 2
31 35 34 2
101 94 84 2
83 77 63 2
72 74 63 2
52 57 50 2
52 58 48 2
50 55 48 2
51 55 54 2
48 48 46 2
53 44 39 1
58 49 42 2
52 52 44 2
59 62 55 2
57 58 52 2
63 64 56 2
65 67 56 2
78 80 69 2
41 41 31 1
76 76 66 2
74 76 62 2
73 77 63 2
65 71 61 2
68 70 59 2
69 62 46 2
161 152 137 2
85 84 79 2
91 96 92 2
84 89 85 2
84 89 83 2
93 94 89 2
75 74 70 2
64 65 57 2
62 63 55 2
58 59 54 2
68 67 63 2
67 64 55 2
89 87 75 2
57 57 49 2
63 63 55 2
53 53 45 2
51 52 44 2
43 43 35 2
43 44 36 2
44 44 36 2
40 41 33 1
33 33 25 1
37 38 30 1
38 39 31 1
37 38 30 1
37 38 30 1
36 37 29 1
35 36 28 1
31 32 24 1
24 25 17 1
21 22 14 1
29 28 23 1
24 23 18 1
32 29 24 1
22 22 14 1
28 28 20 1
24 24 16 1
23 23 15 1
21 22 14 1
19 18 13 1
24 25 19 1
26 25 20 1
23 24 18 1
23 24 19 1
23 24 19 1
23 24 19 1
24 26 21 1
12 14 11 1
19 21 20 1
20 21 23 1
14 16 15 1
59 58 53 2
74 75 69 2
6 10 9 1
5 11 11 1
0 1 2 1
4 10 8 1
1 13 13 1
0 10 10 1
4 14 16 1
84 66 64 2
76 62 59 2
77 70 62 2
71 69 57 2
70 63 53 2
74 60 51 2
92 59 54 1
67 17 18 1
77 10 17 1
70 11 17 1
72 47 43 1
77 73 64 2
41 42 34 2
132 135 128 2
223 224 219 2
220 221 216 2
209 214 210 2
210 216 212 2
207 212 208 2
211 213 210 2
212 212 212 2
192 191 189 2
161 160 156 2
136 135 130 2
103 103 95 2
60 62 51 2
35 38 29 1
33 38 31 2
37 46 41 2
25 35 34 2
5 16 18 1
27 38 40 2
40 48 50 2
41 50 49 2
44 54 55 2
49 59 60 2
50 61 63 2
52 63 65 2
52 66 67 2
56 70 71 2
63 77 80 2
64 78 81 2
57 71 74 2
69 83 86 2
65 79 82 2
53 67 70 2
48 59 63 2
44 55 57 2
42 53 55 2
38 48 49 2
34 42 44 2
35 41 41 2
22 24 19 1
38 41 34 2
5 8 1 1
19 24 18 1
20 26 26 1
28 38 40 2
31 41 43 2
30 41 43 2
34 46 46 2
35 47 45 2
35 45 47 2
17 22 25 1
84 84 84 2
61 61 59 2
28 34 30 2
26 37 33 2
27 39 37 2
26 38 36 2
18 28 29 2
23 33 34 2
19 27 29 2
31 36 32 2
113 107 95 2
72 66 50 2
40 42 29 1
53 56 45 2
28 30 17 1
32 34 23 1
25 28 19 1
22 22 14 1
44 31 22 1
89 76 67 2
49 47 35 1
63 65 52 2
96 94 82 2
55 53 41 2
63 60 51 2
75 72 63 2
41 36 30 1
80 76 67 2
76 74 61 2
77 78 64 2
69 70 64 2
64 63 58 2
60 54 42 2
95 88 78 2
8 10 9 1
28 36 38 2
35 45 44 2
15 25 24 1
6 12 12 1
1 7 5 1
2 8 4 1
0 3 0 1
9 15 15 1
15 19 18 1
4 7 0 1
10 11 3 1
14 16 11 1
24 24 22 1
27 26 24 1
29 28 26 1
33 29 28 1
34 33 31 1
32 28 27 1
33 32 30 1
38 34 33 1
42 41 39 2
38 37 35 2
36 35 33 1
39 38 36 2
38 37 35 2
38 37 35 2
39 38 36 2
36 35 33 1
37 36 34 2
38 37 33 1
40 41 36 2
35 34 30 1
37 38 33 2
36 37 32 1
35 36 30 1
35 36 30 1
30 33 26 1
17 18 13 1
30 32 27 1
34 35 30 1
34 36 31 1
25 27 24 1
37 39 36 2
31 33 30 1
21 23 20 1
38 38 36 2
28 28 26 1
26 26 28 1
22 22 22 1
72 69 62 2
80 80 72 2
4 8 7 1
5 11 11 1
16 20 21 1
29 35 33 2
36 48 48 2
8 20 20 1
5 15 17 1
61 45 46 2
54 43 41 2
49 46 41 2
45 45 37 2
54 50 41 2
63 48 43 2
64 33 31 1
50 5 8 1
82 22 30 1
57 8 14 1
66 47 43 1
45 42 35 1
45 44 39 2
169 168 163 2
173 169 166 2
171 167 164 2
174 175 170 2
166 168 163 2
171 172 167 2
165 164 160 2
155 151 150 2
145 141 138 2
121 117 114 2
102 99 94 2
73 73 65 2
22 23 15 1
41 44 35 2
76 81 74 2
66 71 65 2
53 59 57 2
31 37 37 2
33 38 41 2
38 47 46 2
38 47 46 2
41 51 52 2
47 57 58 2
52 62 64 2
53 64 66 2
57 68 70 2
58 72 73 2
61 75 78 2
59 73 76 2
64 78 81 2
60 74 77 2
58 72 75 2
57 71 74 2
45 56 60 2
44 55 57 2
39 51 51 2
39 51 51 2
32 40 42 2
25 31 31 2
30 35 31 2
37 40 33 2
65 67 62 2
48 53 49 2
18 23 26 1
28 38 40 2
30 39 44 2
30 41 43 2
35 47 47 2
35 47 47 2
36 46 48 2
16 24 26 1
83 85 82 2
66 68 63 2
27 33 29 2
27 38 32 2
23 35 33 2
18 33 30 2
23 33 34 2
21 31 32 2
18 26 28 2
35 40 36 2
116 113 98 2
84 79 60 2
84 85 71 2
79 81 67 2
86 87 73 2
90 91 77 2
80 82 69 2
92 90 78 2
75 61 50 2
91 77 64 2
57 54 39 2
60 61 45 2
83 81 66 2
51 48 33 1
41 39 26 1
45 43 31 1
43 36 26 1
36 33 18 1
33 30 11 1
28 27 9 1
30 30 20 1
21 21 13 1
55 48 38 1
105 101 92 2
27 31 32 2
37 48 52 2
36 50 51 2
16 30 30 2
4 14 15 1
0 10 11 1
15 25 24 1
27 37 36 2
25 35 36 2
34 43 42 2
24 29 25 1
29 31 26 1
34 39 35 2
26 28 27 1
23 22 20 1
25 21 18 1
27 23 22 1
32 28 25 1
30 26 23 1
34 30 27 1
28 24 21 1
19 15 12 1
24 20 17 1
22 18 15 1
21 17 14 1
29 25 22 1
28 24 21 1
20 16 13 1
22 18 15 1
19 15 12 1
21 20 16 1
32 31 27 1
32 31 27 1
30 29 25 1
27 26 22 1
16 17 11 1
23 24 18 1
16 17 11 1
23 24 19 1
27 28 23 1
15 16 11 1
17 18 13 1
26 26 24 1
21 23 20 1
14 16 13 1
30 32 29 1
22 23 18 1
32 31 29 1
25 25 27 1
22 22 22 1
77 74 67 2
81 78 71 2
16 20 19 1
46 52 52 2
73 77 78 2
83 89 89 2
104 116 116 2
36 47 49 2
6 17 21 1
31 21 22 1
37 29 27 1
31 32 27 1
33 34 29 1
36 33 28 1
44 30 29 1
39 13 16 1
67 30 37 1
56 9 19 1
44 4 12 1
49 35 34 1
29 28 23 1
87 83 80 2
120 116 113 2
121 116 113 2
121 113 110 2
119 115 106 2
130 126 117 2
130 125 119 2
126 121 117 2
107 102 99 2
95 90 87 2
68 64 61 2
55 52 47 2
22 21 16 1
22 22 14 1
46 47 39 2
77 78 70 2
85 86 80 2
78 77 72 2
41 40 36 2
33 33 31 1
39 45 43 2
38 47 46 2
42 51 50 2
48 58 57 2
53 63 64 2
53 65 65 2
54 65 67 2
56 67 69 2
57 68 70 2
62 73 75 2
57 68 70 2
55 66 68 2
63 74 76 2
48 59 61 2
46 57 59 2
43 54 56 2
42 54 54 2
38 50 50 2
27 35 37 2
36 41 44 2
54 58 57 2
35 40 34 2
25 30 26 1
0 1 0 1
14 19 22 1
26 35 40 2
29 38 43 2
31 42 44 2
36 48 48 2
35 47 47 2
38 48 50 2
19 27 29 2
87 89 86 2
79 81 76 2
29 35 31 2
19 30 24 1
25 37 35 2
22 37 34 2
21 31 32 2
22 32 33 2
17 27 28 2
35 40 36 2
119 116 101 2
68 63 44 2
49 50 34 1
57 58 44 2
57 55 42 2
56 54 41 2
57 58 44 2
53 51 38 2
75 61 50 2
90 76 63 2
59 56 39 2
73 75 54 2
70 69 48 2
77 75 54 2
82 81 63 2
74 73 55 2
86 81 62 2
97 95 72 2
98 97 66 2
98 99 68 2
95 97 76 2
92 90 77 2
53 45 34 1
107 102 96 2
35 39 40 2
46 57 61 2
32 46 47 2
12 26 27 2
3 13 15 1
1 11 12 1
42 54 52 2
38 50 48 2
30 40 41 2
32 41 40 2
47 52 48 2
46 48 43 2
58 63 59 2
59 61 58 2
61 62 56 2
77 77 67 2
87 87 79 2
90 90 80 2
87 87 77 2
87 87 77 2
82 79 70 2
77 74 65 2
81 78 69 2
76 73 64 2
73 70 61 2
80 77 68 2
74 72 60 2
60 58 46 2
50 48 36 2
37 34 25 1
37 34 27 1
47 44 39 2
50 47 42 2
48 45 38 2
49 46 39 2
45 42 35 1
50 47 40 2
41 41 33 1
31 30 25 1
37 36 31 1
39 38 33 1
38 37 32 1
38 37 33 1
42 41 37 2
43 42 38 2
41 42 37 2
50 49 45 2
47 47 45 2
55 57 56 2
52 52 50 2
80 77 70 2
86 83 76 2
44 48 47 2
91 97 97 2
90 94 95 2
91 97 97 2
93 103 104 2
30 41 43 2
0 9 13 1
45 43 44 2
14 14 12 1
8 12 11 1
11 16 12 1
29 28 26 1
29 20 21 1
24 5 9 1
49 22 29 1
52 21 29 1
37 12 18 1
32 26 26 1
51 53 48 2
65 61 58 2
65 61 58 2
65 61 58 2
70 65 61 2
72 65 57 2
69 62 52 2
73 66 58 2
63 58 52 2
56 53 48 2
40 36 33 1
55 54 50 2
5 4 0 1
14 13 9 1
20 19 14 1
60 59 54 2
53 50 43 2
75 72 65 2
57 54 47 2
39 34 28 1
27 26 21 1
41 45 44 2
38 47 46 2
41 50 49 2
46 55 54 2
49 59 60 2
52 62 63 2
55 65 67 2
57 68 70 2
59 70 72 2
58 69 71 2
57 68 70 2
55 66 68 2
48 59 61 2
54 66 66 2
42 53 55 2
44 56 56 2
37 49 47 2
37 47 46 2
35 43 45 2
23 31 33 2
11 15 14 1
12 17 13 1
6 11 7 1
6 10 9 1
12 17 21 1
27 34 40 2
30 39 44 2
32 43 45 2
38 50 50 2
35 47 47 2
38 47 52 2
21 29 32 2
54 56 55 2
53 55 50 2
59 65 61 2
66 77 73 2
37 49 47 2
22 34 32 2
18 28 29 2
18 28 29 2
19 29 30 2
32 37 33 2
122 118 106 2
65 60 41 2
16 14 0 1
15 16 2 1
29 25 13 1
33 29 17 1
28 29 15 1
36 32 20 1
69 55 44 2
93 79 68 2
11 8 0 1
12 13 0 1
30 29 9 1
19 18 0 1
25 23 8 1
17 15 0 1
29 26 9 1
29 27 6 1
31 32 1 1
20 23 0 1
28 29 11 1
10 8 0 1
59 51 40 2
111 104 96 2
22 26 27 1
30 40 42 2
21 35 36 2
10 24 24 2
3 13 15 1
4 14 15 1
64 76 72 2
43 55 51 2
40 50 51 2
44 53 52 2
41 46 40 2
57 60 53 2
65 67 64 2
72 74 71 2
67 68 60 2
87 87 77 2
92 92 82 2
92 92 82 2
94 94 82 2
95 95 83 2
86 86 74 2
83 83 71 2
101 99 87 2
92 90 78 2
97 95 83 2
97 95 83 2
95 93 80 2
91 89 76 2
69 67 54 2
54 52 40 2
66 63 54 2
71 68 61 2
69 64 58 2
67 64 57 2
64 60 51 2
73 70 61 2
75 72 63 2
76 73 64 2
63 60 53 2
80 80 72 2
93 90 83 2
92 92 84 2
82 79 74 2
78 77 72 2
69 68 63 2
65 64 59 2
71 72 67 2
71 73 70 2
71 75 74 2
48 53 49 2
76 73 66 2
78 75 68 2
34 38 37 2
18 27 26 1
25 31 31 2
25 31 31 2
6 16 17 1
8 19 21 1
9 20 24 2
17 26 25 1
5 14 11 1
10 20 19 1
15 24 21 1
15 19 18 1
22 20 21 1
19 10 13 1
25 13 17 1
27 15 19 1
28 19 22 1
21 25 24 1
20 26 22 1
23 23 21 1
24 23 21 1
22 24 21 1
24 25 20 1
25 20 14 1
31 24 16 1
33 30 21 1
37 37 29 1
41 42 36 2
41 43 38 2
1 3 0 1
6 8 5 1
11 10 8 1
30 29 25 1
59 55 52 2
56 51 47 2
52 47 43 2
43 38 34 1
17 14 9 1
22 21 17 1
40 44 43 2
37 46 45 2
41 50 49 2
46 55 54 2
49 57 59 2
50 60 61 2
53 63 64 2
57 67 68 2
57 67 68 2
60 70 71 2
56 66 67 2
56 66 67 2
51 61 62 2
48 58 57 2
51 61 62 2
42 52 51 2
39 49 48 2
39 49 48 2
32 40 42 2
26 34 36 2
21 25 26 1
21 25 24 1
16 21 17 1
13 17 16 1
14 19 23 1
29 36 42 2
29 36 42 2
30 40 42 2
37 47 48 2
35 45 46 2
27 36 41 2
18 26 29 2
76 78 77 2
43 45 40 2
23 29 25 1
36 45 42 2
55 65 64 2
61 71 72 2
61 69 72 2
45 53 56 2
15 23 26 1
29 34 30 2
116 112 100 2
80 74 58 2
67 65 52 2
75 75 63 2
71 65 53 2
94 88 76 2
68 68 58 2
62 58 49 2
71 56 49 2
97 82 75 2
43 39 28 1
56 56 44 2
48 46 33 1
39 37 25 1
41 40 35 2
27 26 22 1
43 38 35 1
41 36 30 1
38 36 23 1
33 33 21 1
22 21 19 1
16 12 11 1
60 50 41 2
115 106 97 2
42 44 43 2
37 45 48 2
18 30 30 2
8 20 18 1
1 11 12 1
15 25 24 1
13 24 20 1
1 12 8 1
5 15 16 1
17 23 23 1
15 17 12 1
40 43 36 2
44 46 43 2
49 51 48 2
51 52 47 2
67 68 62 2
79 80 74 2
88 89 83 2
95 96 90 2
87 88 82 2
83 84 76 2
89 90 82 2
103 103 95 2
102 102 94 2
103 103 95 2
105 105 97 2
101 101 93 2
89 89 81 2
71 71 63 2
56 56 48 2
62 62 54 2
56 56 48 2
61 58 51 2
59 59 51 2
62 59 52 2
71 71 63 2
74 74 66 2
70 70 62 2
58 58 50 2
75 76 68 2
90 89 84 2
79 80 74 2
67 66 61 2
44 45 39 2
58 59 54 2
50 51 46 2
36 38 33 2
38 44 40 2
30 41 37 2
17 26 21 1
78 79 71 2
86 86 78 2
9 15 13 1
3 12 11 1
3 9 9 1
7 13 13 1
8 16 18 1
13 23 25 1
9 20 24 2
20 35 32 2
23 38 35 2
15 27 25 2
19 28 27 2
17 23 23 1
13 17 18 1
16 16 18 1
24 22 25 1
20 20 22 1
19 20 22 1
15 24 23 1
15 24 21 1
22 22 22 1
22 22 20 1
20 25 21 1
21 26 22 1
27 26 22 1
31 30 25 1
36 37 31 1
34 36 31 1
43 48 42 2
40 46 42 2
29 34 30 2
6 8 5 1
9 9 7 1
20 19 17 1
43 39 38 2
50 46 45 2
42 38 37 2
23 22 20 1
12 12 10 1
21 23 20 1
45 51 51 2
40 49 48 2
38 47 46 2
41 50 49 2
48 56 58 2
55 63 65 2
56 64 66 2
53 63 64 2
56 64 66 2
62 72 73 2
54 62 64 2
60 69 68 2
52 61 60 2
53 62 59 2
47 56 53 2
45 54 51 2
43 52 49 2
32 41 38 2
38 46 48 2
21 26 29 2
14 18 17 1
28 33 29 1
22 27 23 1
13 17 16 1
25 29 32 2
23 28 32 2
26 31 35 2
34 42 45 2
34 42 44 2
34 44 45 2
32 41 46 2
6 14 17 1
87 89 88 2
55 57 52 2
23 29 27 1
26 35 32 2
29 38 37 2
29 37 39 2
48 53 57 2
60 65 69 2
78 83 87 2
65 67 66 2
113 109 97 2
63 57 43 2
14 14 2 1
19 19 9 1
26 22 11 1
28 24 15 1
20 20 12 1
21 18 11 1
59 46 40 1
104 91 83 2
9 6 0 1
19 20 12 1
23 23 13 1
18 18 10 1
22 22 20 1
21 21 21 1
33 29 30 1
30 26 23 1
31 31 21 1
36 37 29 1
24 24 26 1
7 5 6 1
63 53 44 2
113 105 94 2
43 43 43 2
47 52 55 2
31 41 40 2
6 16 15 1
0 9 8 1
25 34 31 2
38 47 42 2
42 51 46 2
1 10 9 1
66 72 70 2
62 65 58 2
70 71 63 2
72 74 69 2
68 70 67 2
32 34 31 1
0 2 0 1
8 13 9 1
18 23 19 1
21 26 22 1
4 9 5 1
9 14 10 1
12 17 11 1
23 28 24 1
7 12 6 1
12 14 11 1
26 28 23 1
12 14 9 1
13 15 10 1
12 14 9 1
7 9 4 1
10 11 5 1
6 7 1 1
42 43 37 2
45 46 40 2
53 54 48 2
44 45 39 2
50 51 45 2
48 51 44 2
56 59 52 2
63 66 59 2
8 10 5 1
6 8 3 1
22 24 19 1
25 27 22 1
15 17 14 1
24 29 25 1
37 44 37 2
38 47 42 2
47 59 55 2
33 44 38 2
77 78 70 2
75 76 68 2
0 6 4 1
1 11 10 1
4 13 12 1
8 14 14 1
12 17 20 1
13 21 24 1
15 24 29 2
30 46 45 2
28 42 42 2
33 41 43 2
17 22 25 1
13 18 21 1
14 19 22 1
56 60 63 2
5 9 12 1
16 21 24 1
13 22 21 1
11 21 20 1
14 23 20 1
22 22 22 1
22 22 22 1
19 23 22 1
19 25 23 1
25 29 30 2
29 35 35 2
30 39 38 2
39 48 45 2
39 50 46 2
36 45 40 2
34 40 36 2
43 48 44 2
48 48 46 2
56 55 53 2
44 42 43 2
24 22 25 1
5 6 8 1
0 4 7 1
4 12 15 1
1 9 11 1
9 17 19 1
25 31 31 2
40 46 46 2
48 54 54 2
51 57 57 2
53 59 59 2
56 62 62 2
55 64 63 2
56 62 62 2
56 65 64 2
56 62 62 2
54 60 58 2
57 63 61 2
49 55 51 2
48 54 50 2
47 53 49 2
45 51 47 2
39 45 41 2
28 34 34 2
14 18 19 1
17 22 18 1
18 20 15 1
15 17 12 1
9 11 8 1
20 21 23 1
12 16 19 1
25 29 32 2
35 39 40 2
29 35 35 2
32 41 40 2
36 44 47 2
22 27 31 2
81 83 82 2
60 62 57 2
21 25 24 1
25 31 29 2
27 33 33 2
23 29 29 2
23 27 30 2
22 26 29 2
28 33 37 2
61 63 62 2
74 70 59 2
88 82 68 2
72 72 62 2
52 53 45 2
39 36 29 1
42 39 32 1
40 41 35 2
35 32 27 1
74 61 55 2
108 95 87 2
37 34 27 1
36 37 29 1
43 45 34 2
44 45 37 2
32 35 28 1
42 44 39 2
46 47 41 2
43 45 34 2
41 45 30 1
42 49 33 2
26 31 24 1
8 9 3 1
72 64 51 2
123 115 102 2
45 45 43 2
37 43 43 2
21 30 27 2
13 22 19 1
12 16 15 1
41 45 44 2
25 32 25 1
40 47 40 2
4 10 8 1
39 43 42 2
50 53 46 2
43 44 36 2
31 32 27 1
35 40 36 2
7 16 15 1
0 10 11 1
4 14 15 1
4 14 15 1
2 12 13 1
10 20 21 1
5 15 16 1
15 25 24 1
7 17 18 1
1 11 10 1
0 9 10 1
0 4 3 1
6 15 14 1
8 17 16 1
8 17 16 1
0 7 4 1
0 2 0 1
10 16 12 1
13 19 15 1
7 13 9 1
12 18 14 1
14 20 16 1
18 24 20 1
15 21 17 1
9 15 11 1
3 12 7 1
7 16 13 1
0 6 3 1
0 7 4 1
10 19 16 1
6 15 14 1
17 26 23 1
26 35 30 2
23 34 28 2
16 31 28 2
4 16 12 1
123 126 117 2
76 77 69 2
0 4 1 1
2 12 11 1
3 12 11 1
4 10 10 1
9 14 17 1
9 14 18 1
13 22 27 2
9 23 23 2
8 18 19 1
21 25 28 1
23 24 28 1
17 21 24 1
12 17 20 1
11 16 19 1
18 23 26 1
12 20 22 1
11 19 21 1
12 21 20 1
16 22 22 1
21 21 23 1
20 20 20 1
18 22 23 1
17 26 25 1
25 33 36 2
22 32 34 2
40 50 51 2
33 43 42 2
47 58 54 2
26 37 31 2
33 39 35 2
13 18 14 1
36 36 34 2
50 50 48 2
24 24 26 1
3 4 6 1
2 7 11 1
0 5 8 1
0 7 11 1
0 10 14 1
7 15 17 1
6 12 12 1
7 13 13 1
15 21 21 1
30 36 36 2
43 49 49 2
47 53 53 2
45 51 51 2
60 64 65 2
48 52 51 2
48 52 51 2
41 46 42 2
51 56 52 2
40 45 39 2
40 42 37 2
31 36 29 1
26 31 24 1
24 29 23 1
8 12 11 1
11 16 12 1
34 36 31 1
32 35 28 1
25 26 18 1
16 17 11 1
14 14 12 1
18 18 18 1
13 13 13 1
20 22 21 1
20 25 21 1
15 21 19 1
22 27 31 2
12 17 20 1
84 86 83 2
72 73 68 2
22 24 21 1
20 24 23 1
22 26 25 1
23 27 28 1
21 22 24 1
18 19 23 1
5 9 12 1
34 36 35 2
77 73 62 2
55 51 39 2
55 56 48 2
68 70 65 2
78 74 71 2
61 57 54 2
44 45 40 2
42 39 32 1
56 43 35 1
83 73 64 2
41 38 29 1
36 39 30 1
40 41 33 1
43 46 37 2
27 32 25 1
40 45 38 2
38 41 34 2
39 42 31 1
33 40 24 1
30 38 23 1
19 26 18 1
11 12 4 1
94 85 70 2
116 107 92 2
42 41 36 2
25 30 26 1
8 13 7 1
0 2 0 1
2 4 1 1
12 13 8 1
0 2 0 1
2 7 0 1
0 2 0 1
2 4 1 1
0 1 0 1
5 5 0 1
1 0 0 1
0 1 0 1
0 6 4 1
5 16 12 1
3 13 12 1
0 4 0 1
11 21 20 1
8 18 17 1
0 7 6 1
3 13 12 1
3 13 12 1
27 37 36 2
48 58 57 2
39 49 48 2
47 56 53 2
50 59 56 2
59 68 65 2
53 62 59 2
67 73 71 2
71 77 73 2
88 94 92 2
86 92 88 2
95 101 99 2
114 120 116 2
116 122 120 2
110 119 114 2
108 117 114 2
104 113 110 2
122 131 128 2
122 131 128 2
115 124 123 2
117 126 125 2
107 116 115 2
115 124 121 2
133 142 137 2
129 140 134 2
143 158 155 2
154 166 162 2
169 170 162 2
106 106 98 2
66 75 72 2
0 9 8 1
10 16 16 1
10 16 14 1
15 19 22 1
18 23 26 1
22 32 34 2
0 6 9 1
0 2 6 1
4 3 8 1
19 17 22 1
16 20 23 1
18 23 26 1
23 28 31 2
13 18 21 1
13 19 19 1
13 19 19 1
15 20 23 1
18 22 25 1
21 20 25 1
21 21 23 1
24 25 29 1
25 30 33 2
30 38 41 2
32 42 44 2
36 46 47 2
44 53 52 2
31 40 37 2
42 48 44 2
2 8 4 1
18 23 17 1
14 16 13 1
5 10 6 1
9 13 14 1
9 15 15 1
0 6 9 1
0 9 11 1
5 16 20 1
0 6 11 1
0 8 10 1
1 6 9 1
2 7 10 1
2 7 10 1
2 6 7 1
2 6 7 1
9 13 12 1
17 21 20 1
16 18 17 1
17 19 16 1
28 30 27 1
32 34 29 1
23 26 19 1
19 22 15 1
16 17 11 1
18 21 12 1
24 27 18 1
24 27 18 1
32 34 29 1
37 39 34 2
46 47 39 2
61 63 52 2
54 54 42 2
46 46 34 1
46 46 38 2
47 46 41 2
49 48 43 2
24 25 19 1
17 19 14 1
20 25 21 1
7 11 14 1
12 16 19 1
82 82 80 2
68 69 64 2
20 22 17 1
24 26 23 1
23 25 22 1
24 24 24 1
22 22 22 1
23 23 25 1
20 24 27 1
44 46 43 2
111 107 96 2
61 57 45 2
38 41 34 2
35 40 36 2
43 42 40 2
67 66 64 2
80 81 75 2
64 61 52 2
78 66 54 2
118 108 96 2
43 40 31 1
77 80 71 2
28 30 25 1
32 34 29 1
27 32 26 1
36 41 35 2
28 30 27 1
30 32 27 1
27 32 25 1
24 31 24 1
20 26 26 1
22 23 18 1
80 68 52 2
128 115 96 2
169 165 154 2
164 165 159 2
159 160 152 2
161 162 154 2
162 159 154 2
166 163 156 2
166 166 156 2
178 178 168 2
174 173 168 2
168 167 162 2
182 180 168 2
172 168 156 2
203 200 191 2
195 195 187 2
194 195 187 2
194 196 185 2
188 189 181 2
185 187 176 2
199 200 192 2
195 196 188 2
196 197 189 2
190 191 183 2
184 185 177 2
201 202 194 2
191 192 184 2
191 192 184 2
192 193 185 2
183 184 176 2
154 155 147 2
155 156 150 2
155 157 152 2
147 152 146 2
115 120 116 2
136 141 135 2
116 121 117 2
94 99 93 2
80 85 81 2
107 114 107 2
95 101 97 2
106 112 108 2
122 128 124 2
85 91 87 2
84 90 88 2
102 108 106 2
89 95 93 2
96 102 98 2
86 92 88 2
84 95 91 2
71 86 83 2
55 66 62 2
94 93 88 2
83 80 75 2
19 25 23 1
22 32 31 2
29 35 35 2
31 35 34 2
32 33 37 2
30 35 38 2
25 35 37 2
5 10 14 1
14 15 20 1
16 14 19 1
26 24 29 1
11 16 19 1
10 18 20 1
6 14 16 1
15 20 23 1
17 21 22 1
18 22 23 1
19 24 27 1
21 25 28 1
24 25 29 1
27 28 32 2
32 33 37 2
34 38 41 2
38 43 46 2
42 47 50 2
38 44 44 2
41 45 44 2
27 32 28 1
41 46 40 2
2 7 1 1
8 13 7 1
8 14 10 1
8 14 12 1
5 14 11 1
2 12 11 1
2 12 11 1
0 8 10 1
0 7 9 1
7 15 17 1
3 8 11 1
0 5 8 1
0 4 7 1
0 4 7 1
0 3 4 1
3 7 8 1
19 21 20 1
35 37 36 2
62 64 61 2
44 46 41 2
47 48 43 2
57 58 52 2
78 79 71 2
96 97 89 2
93 94 86 2
90 92 81 2
86 88 77 2
83 86 75 2
74 77 70 2
71 74 65 2
62 64 51 2
60 62 48 2
58 59 43 2
60 61 45 2
64 62 50 2
57 54 45 2
63 60 51 2
25 25 15 1
6 7 0 1
22 24 19 1
15 16 18 1
21 22 24 1
84 84 82 2
70 69 65 2
26 27 22 1
27 28 23 1
24 25 20 1
30 29 27 1
28 27 25 1
24 22 23 1
17 18 20 1
34 36 33 2
107 103 92 2
60 58 45 2
9 11 6 1
21 25 24 1
14 14 14 1
10 10 10 1
34 35 30 1
46 43 34 1
77 65 51 2
128 116 102 2
36 33 24 1
32 34 29 1
39 41 38 2
28 32 31 2
35 40 36 2
40 46 42 2
33 37 36 2
33 37 36 2
34 40 38 2
30 39 38 2
27 35 38 2
28 30 27 1
68 59 42 2
137 126 106 2
81 77 68 2
67 68 62 2
88 91 84 2
89 90 84 2
76 73 68 2
59 56 51 2
69 69 59 2
53 53 45 2
63 62 58 2
79 78 73 2
71 68 59 2
99 97 85 2
82 82 74 2
61 62 54 2
56 57 49 2
62 64 53 2
50 51 43 2
45 47 36 2
31 32 24 1
30 31 23 1
34 35 27 1
23 24 16 1
19 20 12 1
13 14 6 1
14 15 7 1
25 26 18 1
16 17 11 1
16 17 9 1
9 10 4 1
3 4 0 1
3 5 0 1
2 7 3 1
9 14 10 1
5 10 6 1
1 6 2 1
2 7 3 1
2 7 3 1
2 8 4 1
4 10 6 1
5 11 7 1
2 8 6 1
1 7 5 1
8 14 12 1
0 6 4 1
11 17 15 1
5 11 9 1
7 12 8 1
8 17 14 1
3 15 13 1
6 15 12 1
108 105 100 2
81 76 72 2
6 10 9 1
13 22 21 1
11 15 16 1
14 18 17 1
15 16 20 1
17 21 24 1
10 20 22 1
0 3 8 1
22 23 28 1
23 21 26 1
26 27 31 2
31 41 40 2
11 23 21 1
23 33 32 2
14 23 22 1
18 24 24 1
21 27 27 1
20 28 30 2
21 29 31 2
26 31 34 2
31 36 39 2
34 37 42 2
36 37 41 2
42 44 41 2
47 48 43 2
49 48 44 2
70 69 64 2
37 36 32 1
14 13 9 1
20 22 17 1
11 16 10 1
1 10 5 1
0 10 6 1
0 9 5 1
0 12 5 1
2 11 6 1
0 6 2 1
2 4 0 1
6 8 5 1
5 9 10 1
2 7 10 1
2 6 9 1
0 4 7 1
0 1 3 1
1 2 4 1
12 12 12 1
22 22 22 1
52 52 50 2
33 34 29 1
32 31 26 1
37 37 29 1
79 79 71 2
111 111 101 2
120 120 110 2
133 133 121 2
152 154 141 2
112 114 101 2
55 57 46 2
58 60 49 2
81 82 68 2
84 85 67 2
87 86 66 2
78 77 57 2
77 74 59 2
75 71 59 2
64 60 49 2
70 68 56 2
62 62 52 2
51 52 44 2
53 55 54 2
29 31 30 1
65 66 61 2
63 62 57 2
45 46 40 2
47 48 42 2
35 34 29 1
37 33 30 1
34 30 27 1
25 24 22 1
17 18 20 1
23 25 22 1
119 115 104 2
55 53 40 2
3 8 2 1
15 21 21 1
20 21 23 1
15 15 17 1
7 7 7 1
20 17 12 1
47 34 25 1
123 110 101 2
7 4 0 1
12 14 13 1
20 21 23 1
16 20 21 1
19 23 22 1
21 27 23 1
22 26 27 1
22 26 27 1
24 30 30 2
20 28 30 2
21 29 32 2
25 29 28 1
75 72 57 2
133 130 113 2
41 43 38 2
31 37 35 2
6 15 12 1
2 8 6 1
14 16 15 1
10 10 10 1
9 11 8 1
13 18 14 1
10 14 15 1
10 14 15 1
0 3 0 1
6 11 5 1
7 13 11 1
0 6 4 1
5 11 9 1
4 10 8 1
6 12 12 1
2 8 6 1
11 17 17 1
0 6 6 1
9 15 15 1
7 13 13 1
9 15 15 1
7 13 13 1
8 17 16 1
3 12 11 1
9 17 19 1
6 15 14 1
10 18 20 1
8 17 16 1
5 11 11 1
14 20 20 1
5 11 11 1
10 16 16 1
11 17 17 1
4 13 12 1
5 14 13 1
5 14 13 1
7 16 15 1
16 25 24 1
9 18 17 1
15 24 23 1
12 20 22 1
15 23 25 1
7 15 17 1
19 25 25 1
24 28 27 1
21 25 24 1
14 26 24 1
13 22 19 1
109 104 100 2
92 84 81 2
18 22 21 1
13 22 21 1
19 23 24 1
22 24 23 1
23 22 27 1
19 23 26 1
14 24 26 2
7 2 6 1
29 23 27 1
27 18 23 1
32 26 28 1
5 7 6 1
12 18 16 1
14 23 20 1
12 21 20 1
19 23 24 1
21 25 28 1
20 28 30 2
20 30 31 2
26 34 36 2
33 39 39 2
34 35 37 2
30 30 30 1
22 21 17 1
37 34 27 1
26 21 15 1
19 12 6 1
16 5 1 1
33 25 22 1
16 17 11 1
54 61 54 2
91 102 94 2
131 144 135 2
162 174 164 2
173 180 172 2
166 172 162 2
150 153 144 2
108 109 101 2
49 50 44 2
4 9 5 1
4 10 10 1
5 9 10 1
4 8 7 1
1 5 4 1
1 3 2 1
1 3 0 1
1 3 0 1
1 1 0 1
4 5 0 1
0 1 0 1
1 2 0 1
14 15 9 1
29 30 24 1
10 13 2 1
30 30 18 1
65 57 46 2
70 57 48 2
92 77 70 2
107 90 82 2
108 92 79 2
108 95 79 2
124 112 96 2
129 122 104 2
125 122 107 2
92 90 75 2
77 74 57 2
78 75 60 2
79 73 61 2
71 67 58 2
66 65 61 2
71 72 67 2
70 69 64 2
66 63 56 2
68 64 55 2
86 79 69 2
73 64 55 2
64 57 49 2
59 56 51 2
56 55 51 2
49 50 45 2
55 55 47 2
109 103 91 2
62 58 46 2
27 30 23 1
14 20 16 1
24 26 23 1
24 24 24 1
24 24 24 1
12 7 4 1
60 43 35 1
137 120 112 2
14 11 6 1
19 21 20 1
19 23 26 1
15 19 22 1
17 21 20 1
13 19 15 1
16 22 20 1
14 20 20 1
15 20 23 1
11 16 19 1
20 28 31 2
35 39 38 2
82 76 64 2
154 148 136 2
58 63 57 2
25 35 34 2
16 26 25 1
1 9 11 1
9 13 16 1
15 19 20 1
15 21 19 1
9 18 17 1
18 23 27 1
17 22 25 1
15 19 20 1
18 24 22 1
9 18 15 1
13 23 22 1
11 21 22 1
11 21 23 1
15 20 23 1
14 19 22 1
11 19 21 1
10 18 20 1
10 18 21 1
12 20 23 1
8 18 19 1
9 19 20 1
5 16 18 1
6 17 19 1
13 24 26 2
13 24 28 2
10 21 25 2
13 22 27 2
13 21 23 1
13 22 21 1
12 21 20 1
12 21 20 1
8 18 17 1
3 13 14 1
6 18 18 1
5 17 17 1
11 21 22 1
6 16 17 1
17 25 27 2
12 20 22 1
12 20 23 1
18 28 30 2
21 31 33 2
21 29 31 2
26 27 29 1
30 34 35 2
20 30 31 2
19 28 25 1
113 108 102 2
83 76 70 2
15 17 16 1
27 32 35 2
23 28 31 2
23 27 28 1
23 27 30 2
18 22 25 1
17 25 28 2
13 0 0 1
32 12 13 1
32 7 10 1
25 0 3 1
13 0 0 1
11 1 0 1
4 6 3 1
2 6 5 1
2 1 6 1
11 10 16 1
3 8 12 1
3 13 14 1
5 14 13 1
9 13 12 1
16 15 11 1
24 20 17 1
13 12 8 1
23 20 15 1
15 10 4 1
53 42 36 1
26 5 2 1
50 32 28 1
173 174 166 2
178 190 178 2
184 200 187 2
185 197 183 2
185 187 174 2
200 198 185 2
202 200 187 2
203 204 190 2
211 213 200 2
203 206 195 2
152 159 151 2
66 76 68 2
11 18 11 1
19 26 19 1
20 27 20 1
14 19 13 1
16 21 14 1
7 12 5 1
5 7 4 1
6 8 3 1
1 7 0 1
2 8 0 1
2 3 5 1
0 1 4 1
75 91 80 2
173 177 163 2
193 168 161 2
159 115 112 2
124 76 76 2
132 81 80 2
121 70 66 1
128 83 77 2
108 73 67 2
59 39 32 1
72 66 54 2
91 92 74 2
102 100 77 2
111 104 85 2
105 91 80 2
87 74 66 2
78 71 63 2
73 70 61 2
78 78 68 2
80 74 62 2
116 98 84 2
97 75 61 2
101 79 65 2
94 80 67 2
68 68 60 2
65 68 61 2
64 62 50 2
65 59 45 2
108 96 84 2
81 73 62 2
57 57 45 2
57 61 47 2
52 54 41 2
36 38 27 1
37 38 32 1
42 35 29 1
77 52 47 1
146 121 116 2
29 22 16 1
14 19 15 1
16 21 24 1
16 21 24 1
14 19 15 1
11 18 10 1
8 21 12 1
8 19 13 1
24 25 27 1
15 16 20 1
27 31 34 2
57 57 55 2
88 74 65 2
147 135 123 2
60 63 56 2
32 43 39 2
7 15 17 1
8 13 16 1
18 22 25 1
8 14 14 1
9 18 15 1
11 20 19 1
12 13 17 1
16 15 20 1
18 18 20 1
17 19 18 1
16 26 18 1
9 22 15 1
10 22 22 1
8 16 18 1
19 19 21 1
22 20 21 1
17 21 22 1
14 20 20 1
14 18 21 1
16 21 24 1
16 25 24 1
14 25 21 1
13 25 23 1
7 21 21 1
20 32 32 2
13 24 26 2
21 32 36 2
20 29 34 2
27 35 37 2
26 32 30 2
25 31 27 1
28 37 32 2
21 33 29 2
21 36 33 2
24 38 38 2
15 29 30 2
22 33 35 2
23 31 34 2
28 32 35 2
21 25 26 1
24 29 32 2
18 26 28 2
18 26 28 2
23 28 31 2
25 24 32 2
28 28 36 2
15 25 26 2
11 20 15 1
128 125 116 2
76 71 65 2
18 18 18 1
20 23 28 1
16 23 29 2
15 25 27 2
17 25 27 2
20 26 26 1
23 27 30 2
82 46 46 1
93 54 55 1
107 63 64 2
102 56 58 1
95 51 52 1
87 48 49 1
48 24 22 1
29 11 11 1
31 12 16 1
26 11 16 1
21 21 23 1
16 22 22 1
8 14 12 1
24 29 23 1
17 16 11 1
25 22 17 1
29 28 24 1
36 33 28 1
41 28 22 1
46 18 14 1
81 37 36 1
104 60 59 1
169 144 139 2
210 201 192 2
183 189 175 2
173 182 165 2
118 115 100 2
182 173 158 2
180 173 157 2
159 156 141 2
177 179 165 2
197 200 189 2
203 204 196 2
218 215 208 2
145 130 123 2
31 16 11 1
35 32 27 1
33 36 29 1
30 36 26 1
24 29 22 1
24 26 25 1
22 26 25 1
19 26 18 1
12 19 12 1
0 0 8 1
65 68 75 2
175 188 178 2
134 135 121 2
74 35 30 1
111 49 50 1
116 44 48 1
111 36 40 1
113 41 42 1
102 36 37 1
105 49 52 1
77 39 38 1
35 25 16 1
48 50 36 2
59 56 39 2
88 81 65 2
92 79 70 2
101 88 80 2
96 87 78 2
96 92 81 2
86 84 72 2
86 80 66 2
102 83 68 2
95 69 54 2
103 80 64 2
102 89 73 2
71 71 59 2
75 78 67 2
82 76 62 2
80 71 56 2
96 83 74 2
78 68 59 2
82 79 64 2
77 78 62 2
75 73 60 2
77 77 65 2
67 69 58 2
57 50 40 2
76 51 44 1
152 127 120 2
61 52 43 2
61 62 56 2
60 64 63 2
57 61 62 2
58 59 54 2
51 54 47 2
38 50 38 2
22 32 23 1
22 22 22 1
13 11 14 1
14 16 15 1
33 30 25 1
92 74 64 2
153 135 123 2
51 51 41 2
21 28 21 1
5 9 10 1
19 20 22 1
15 17 16 1
15 19 18 1
7 18 12 1
8 17 14 1
14 15 17 1
19 19 21 1
20 18 21 1
16 16 16 1
14 19 13 1
13 23 15 1
10 20 19 1
20 25 28 1
17 15 16 1
20 16 15 1
17 17 19 1
14 18 19 1
19 23 24 1
17 23 23 1
15 24 21 1
16 27 23 1
20 30 31 2
22 32 33 2
21 31 32 2
19 29 30 2
21 29 32 2
30 35 39 2
31 36 39 2
30 36 36 2
34 40 36 2
29 36 29 2
28 39 35 2
28 40 36 2
25 35 34 2
15 25 26 2
15 25 26 2
26 35 34 2
24 28 29 1
34 36 35 2
32 36 37 2
26 30 31 2
30 36 36 2
29 33 34 2
30 31 36 2
32 33 38 2
37 47 46 2
19 28 23 1
57 58 52 2
41 40 36 2
24 24 26 1
20 23 28 1
16 23 29 2
14 23 28 2
12 22 23 1
12 21 20 1
15 19 22 1
182 129 125 2
126 68 66 1
142 74 75 1
146 71 75 1
156 77 80 1
150 74 78 1
148 82 84 2
134 75 79 2
88 37 42 1
65 29 31 1
40 26 23 1
40 41 35 2
33 40 33 2
38 45 37 2
38 37 32 1
37 34 29 1
43 45 40 2
64 57 51 2
55 26 22 1
96 42 40 1
134 55 58 1
156 71 76 1
132 56 60 1
207 156 153 2
194 182 168 2
157 158 140 2
110 98 84 2
171 155 140 2
108 92 79 2
159 149 137 2
141 142 128 2
152 154 141 2
179 170 163 2
232 203 199 2
151 92 94 2
104 45 49 1
40 14 17 1
17 11 11 1
14 17 10 1
25 30 24 1
13 14 18 1
12 15 20 1
11 19 22 1
14 19 25 1
18 14 28 1
140 135 142 2
104 104 96 2
89 72 62 2
87 39 37 1
121 50 54 1
149 64 67 1
144 55 59 1
131 50 56 1
133 56 62 1
127 47 56 1
111 52 58 1
31 13 11 1
11 12 7 1
34 33 31 1
46 42 41 2
46 45 40 2
94 91 84 2
97 88 81 2
97 88 81 2
89 86 77 2
86 82 70 2
83 69 56 2
77 61 48 2
79 66 57 2
75 67 56 2
74 73 55 2
80 79 61 2
76 64 52 2
73 60 52 2
56 49 43 2
56 49 43 2
68 60 49 2
60 52 41 2
64 57 51 2
62 59 52 2
59 63 49 2
60 61 43 2
82 69 50 2
145 130 111 2
74 67 51 2
62 60 48 2
65 61 58 2
71 67 66 2
66 62 59 2
60 57 52 2
55 56 48 2
51 52 46 2
55 51 48 2
48 44 41 2
37 38 32 1
40 36 25 1
83 64 50 2
158 139 125 2
50 43 33 1
39 38 33 1
39 38 34 2
26 25 23 1
24 23 19 1
14 17 10 1
8 18 9 1
14 24 16 1
20 26 24 1
18 19 21 1
16 14 17 1
21 16 20 1
18 16 17 1
15 17 16 1
11 17 17 1
14 20 20 1
18 17 15 1
25 21 20 1
17 16 21 1
13 18 22 1
12 22 21 1
8 20 16 1
12 22 21 1
14 22 24 1
16 21 27 1
14 19 25 1
18 23 27 1
27 31 32 2
28 28 28 1
34 32 33 1
40 41 45 2
34 38 41 2
37 41 42 2
41 43 42 2
39 41 40 2
45 47 46 2
49 49 47 2
38 40 35 2
34 41 34 2
26 36 28 2
34 39 33 2
36 38 33 2
48 48 46 2
47 47 47 2
48 50 49 2
47 49 46 2
47 49 46 2
41 46 42 2
44 53 48 2
33 42 39 2
22 27 30 2
33 37 40 2
43 47 48 2
42 46 49 2
36 39 46 2
33 38 44 2
28 37 36 2
25 34 31 2
26 31 34 2
229 171 167 2
106 42 40 1
124 48 50 1
146 59 65 1
140 45 51 1
148 53 59 1
157 68 74 1
177 101 105 2
148 88 90 2
121 81 79 2
71 52 46 2
18 15 6 1
21 26 19 1
23 28 22 1
44 45 40 2
40 39 35 2
35 36 31 1
35 20 17 1
81 33 33 1
133 59 60 1
166 67 72 1
155 48 54 1
157 53 62 1
111 37 38 1
169 142 131 2
148 142 126 2
135 121 110 2
147 130 120 2
77 63 52 2
139 129 119 2
148 144 133 2
156 147 138 2
188 160 156 2
137 87 86 2
125 46 51 1
142 65 71 1
97 50 58 1
29 7 10 1
30 25 22 1
28 30 27 1
42 43 45 2
28 31 36 2
16 23 31 2
12 16 25 1
71 68 77 2
134 128 132 2
112 107 101 2
80 61 54 2
82 34 32 1
128 58 60 1
163 74 78 1
138 46 51 1
134 52 56 1
135 56 61 1
126 47 53 1
111 52 56 1
44 26 22 1
5 7 2 1
13 13 15 1
22 22 24 1
17 22 18 1
32 33 27 1
83 76 70 2
85 78 70 2
74 71 62 2
81 79 67 2
106 94 80 2
104 90 77 2
80 73 65 2
76 70 58 2
73 65 44 2
75 63 39 1
94 76 62 2
90 73 63 2
77 68 59 2
70 62 51 2
68 56 42 1
73 64 49 2
70 63 55 2
72 72 64 2
60 62 49 2
75 78 61 2
79 73 51 2
115 107 86 2
72 67 48 2
77 73 61 2
69 66 59 2
63 62 58 2
67 64 59 2
70 67 62 2
67 64 59 2
65 62 55 2
71 66 62 2
71 68 61 2
72 74 63 2
77 75 62 2
59 47 35 1
94 80 69 2
90 86 77 2
89 88 83 2
85 84 80 2
86 85 81 2
80 77 72 2
79 79 71 2
66 71 64 2
71 78 70 2
77 83 79 2
67 71 72 2
61 59 64 2
59 54 60 2
46 41 45 2
36 36 38 2
37 41 42 2
25 29 30 2
28 28 26 1
29 27 28 1
29 28 33 2
26 31 35 2
16 26 27 2
22 34 32 2
22 32 31 2
23 28 31 2
31 30 36 2
29 28 34 2
33 34 39 2
29 29 31 1
35 34 32 1
46 45 43 2
34 32 35 2
39 39 41 2
36 35 40 2
39 39 41 2
32 30 33 2
36 34 35 2
41 40 36 2
34 35 30 1
32 37 30 1
32 39 32 2
31 36 32 2
24 26 23 1
36 35 33 1
27 22 19 1
31 23 20 1
35 27 24 1
27 26 21 1
27 32 25 1
20 29 24 1
22 32 31 2
14 21 27 2
15 22 28 2
17 22 25 1
17 21 24 1
17 20 25 1
17 20 25 1
15 21 19 1
12 21 18 1
12 20 22 1
233 182 179 2
70 14 13 1
109 40 43 1
99 20 26 1
113 22 31 1
124 28 39 1
122 32 41 1
125 53 56 1
126 81 76 2
181 154 145 2
213 199 190 2
70 63 55 2
15 12 7 1
36 35 33 1
31 32 34 2
33 33 35 2
37 28 29 1
64 34 36 1
118 49 54 1
153 61 66 1
148 43 48 1
159 52 58 1
133 29 38 1
104 25 30 1
139 104 100 2
157 144 136 2
135 122 116 2
151 140 134 2
69 65 56 2
152 149 142 2
166 157 152 2
176 150 149 2
144 89 92 2
90 21 24 1
104 32 36 1
116 45 49 1
117 52 58 1
76 29 35 1
42 26 27 1
24 24 24 1
6 8 5 1
14 20 18 1
8 16 18 1
0 1 4 1
126 126 126 2
141 140 138 2
42 41 36 2
9 0 0 1
70 36 27 1
110 51 47 1
161 78 86 2
152 65 73 1
130 55 52 1
132 64 61 1
113 53 53 1
83 42 40 1
79 67 55 2
76 80 66 2
20 23 14 1
11 13 8 1
15 17 12 1
19 20 14 1
31 28 23 1
56 51 45 2
60 60 52 2
47 43 31 1
87 71 55 2
100 84 68 2
90 81 72 2
112 102 92 2
115 91 67 2
146 119 92 2
98 76 55 2
104 87 67 2
114 99 78 2
104 92 68 2
93 81 57 2
82 76 54 2
69 70 52 2
67 69 56 2
73 73 65 2
50 50 42 2
43 41 26 1
42 43 25 1
50 51 35 2
31 33 20 1
41 44 37 2
43 48 42 2
39 41 36 2
43 44 38 2
42 39 34 1
44 41 36 2
43 42 37 2
31 32 24 1
35 37 26 1
37 40 29 1
36 37 29 1
35 36 30 1
28 34 30 2
26 32 30 2
36 42 42 2
36 38 37 2
38 37 33 1
38 35 30 1
40 39 35 2
31 32 27 1
29 33 32 2
27 31 32 2
27 28 32 2
27 26 32 2
24 25 29 1
31 32 36 2
21 25 24 1
24 28 27 1
31 32 36 2
24 25 29 1
28 29 31 2
24 28 29 1
20 24 27 1
31 36 40 2
19 27 30 2
28 33 36 2
38 34 35 2
35 29 31 1
37 32 38 2
31 30 35 2
29 31 30 1
23 25 22 1
36 30 30 1
29 23 23 1
32 27 33 1
25 24 29 1
25 26 30 1
23 27 28 1
20 24 23 1
24 26 23 1
18 20 19 1
23 24 26 1
27 31 34 2
24 25 29 1
28 24 25 1
32 21 19 1
38 13 9 1
38 14 10 1
33 24 19 1
24 26 23 1
21 31 32 2
18 29 31 2
24 29 33 2
25 28 33 2
20 25 29 2
20 28 31 2
20 25 28 1
20 26 26 1
21 27 25 1
21 30 27 2
23 31 34 2
211 173 172 2
60 18 19 1
73 24 27 1
87 28 34 1
89 17 28 1
91 14 24 1
97 22 29 1
81 21 23 1
128 98 88 2
200 186 173 2
212 204 193 2
202 195 185 2
46 38 35 1
7 3 2 1
25 29 32 2
19 17 20 1
51 31 33 1
88 42 45 1
133 52 59 1
156 55 63 1
163 56 62 1
128 23 28 1
117 20 29 1
90 17 24 1
116 82 83 2
56 42 41 1
22 12 11 1
5 0 0 1
8 7 3 1
15 14 9 1
60 52 49 2
128 102 101 2
77 21 22 1
90 20 22 1
102 33 36 1
103 33 35 1
120 44 46 1
112 48 49 1
48 12 12 1
29 15 14 1
31 30 26 1
22 28 26 1
16 25 24 1
13 15 14 1
126 117 118 2
152 142 141 2
14 13 11 1
12 5 0 1
44 17 8 1
102 53 49 1
145 70 77 1
148 67 76 1
134 70 68 1
119 70 63 1
89 51 48 1
174 150 146 2
203 199 187 2
206 210 196 2
189 192 181 2
40 43 34 2
6 9 2 1
27 30 23 1
17 18 10 1
26 23 14 1
48 39 30 1
74 56 46 2
120 88 73 2
109 77 62 2
84 64 55 2
64 44 35 1
92 61 43 1
140 109 88 2
127 106 85 2
97 82 59 2
146 130 105 2
135 121 95 2
103 93 68 2
85 80 58 2
76 75 57 2
54 56 43 2
48 47 43 2
42 41 37 2
56 59 48 2
86 93 77 2
85 92 76 2
91 97 83 2
59 65 55 2
25 28 21 1
20 17 12 1
24 16 13 1
36 25 23 1
31 23 20 1
28 29 23 1
27 29 24 1
33 35 30 1
26 28 23 1
25 31 27 1
18 27 22 1
23 32 29 2
23 32 31 2
18 27 26 1
21 25 24 1
32 32 30 1
30 26 23 1
30 26 23 1
26 25 21 1
28 30 29 1
29 33 34 2
30 34 35 2
31 32 36 2
28 29 33 2
28 32 33 2
30 35 31 2
33 33 31 1
31 26 30 1
38 29 30 1
36 27 22 1
36 31 25 1
42 42 42 2
27 31 34 2
33 38 42 2
28 32 35 2
41 35 37 2
51 42 43 2
32 30 33 2
43 41 42 2
45 42 35 1
39 32 22 1
108 97 91 2
38 28 26 1
45 39 43 2
34 33 39 2
36 40 43 2
30 35 38 2
26 32 32 2
28 32 31 2
32 32 34 2
22 22 24 1
29 32 37 2
32 32 34 2
31 20 14 1
77 50 39 1
146 100 84 2
123 80 63 1
85 67 57 2
28 27 23 1
28 36 38 2
18 27 32 2
21 26 30 2
24 29 33 2
19 26 32 2
18 28 30 2
24 35 31 2
24 33 28 2
24 30 28 1
24 30 30 2
23 28 32 2
139 120 122 2
61 42 44 1
24 8 9 1
22 0 3 1
39 4 11 1
55 12 21 1
81 30 39 1
55 15 16 1
177 163 154 2
175 173 160 2
182 182 170 2
184 181 172 2
177 174 169 2
24 23 21 1
28 34 34 2
13 4 7 1
67 24 31 1
110 43 50 1
145 60 67 1
152 55 62 1
140 36 43 1
121 21 31 1
113 30 40 1
77 20 29 1
22 0 2 1
12 3 6 1
17 12 16 1
18 16 17 1
16 12 11 1
9 8 4 1
7 8 3 1
8 0 0 1
57 22 18 1
84 30 28 1
92 28 28 1
104 33 31 1
123 42 39 1
141 64 58 1
90 30 20 1
46 7 0 1
26 17 18 1
12 17 20 1
9 13 14 1
23 17 19 1
61 31 39 1
88 58 66 2
19 13 15 1
22 17 14 1
38 17 14 1
97 53 54 1
129 59 69 1
143 71 82 2
104 58 60 1
130 102 99 2
209 198 194 2
193 192 188 2
202 208 204 2
203 209 205 2
198 199 193 2
198 199 191 2
52 58 48 2
5 13 0 1
69 77 62 2
149 147 132 2
182 158 148 2
173 130 123 2
178 119 111 2
176 116 108 2
158 109 102 2
74 37 31 1
50 21 17 1
52 32 25 1
86 72 61 2
66 57 42 2
122 110 94 2
98 89 72 2
92 85 67 2
88 82 68 2
76 69 61 2
113 108 105 2
176 176 176 2
182 187 183 2
170 180 169 2
173 186 169 2
181 194 176 2
190 201 184 2
172 175 164 2
207 200 192 2
163 137 136 2
79 47 48 1
60 32 31 1
48 33 30 1
46 47 42 2
38 44 42 2
40 41 45 2
41 40 45 2
39 41 40 2
40 45 41 2
39 44 40 2
34 38 37 2
41 45 44 2
41 46 42 2
38 39 34 2
45 44 40 2
40 39 34 2
45 46 41 2
41 46 40 2
37 43 39 2
38 43 39 2
42 44 41 2
42 44 41 2
37 39 36 2
42 45 38 2
45 40 34 1
48 27 26 1
80 49 46 1
70 36 24 1
50 27 11 1
43 39 30 1
35 39 38 2
34 38 39 2
44 45 49 2
44 39 45 2
45 43 46 2
47 52 48 2
38 38 28 1
48 27 8 1
130 103 82 2
122 105 89 2
43 33 23 1
45 41 42 2
40 41 46 2
40 43 48 2
40 44 47 2
42 46 47 2
43 44 46 2
36 38 37 2
41 43 42 2
37 43 41 2
47 47 37 2
50 30 6 1
125 82 48 1
201 130 86 1
160 95 55 1
107 76 55 1
40 33 25 1
39 39 39 2
35 40 44 2
36 46 48 2
36 45 50 2
33 42 51 2
23 34 38 2
23 38 31 2
21 37 27 2
22 30 32 2
22 25 30 2
22 23 27 1
13 4 5 1
30 24 24 1
3 1 2 1
13 9 10 1
9 0 4 1
16 0 3 1
18 0 0 1
91 69 71 2
159 156 147 2
133 137 123 2
160 162 149 2
178 178 166 2
183 183 175 2
109 110 105 2
0 2 0 1
25 11 11 1
91 36 41 1
128 49 54 1
150 59 64 1
141 41 49 1
129 25 34 1
116 25 34 1
90 27 36 1
31 0 1 1
25 8 14 1
20 15 19 1
16 14 17 1
12 12 12 1
12 11 9 1
23 22 18 1
8 10 5 1
14 11 6 1
21 3 0 1
68 33 31 1
86 27 29 1
103 31 32 1
146 68 64 1
157 80 70 1
205 129 115 2
91 35 22 1
51 27 23 1
43 38 35 1
48 41 35 1
39 21 17 1
79 40 45 1
46 9 17 1
18 6 8 1
21 15 15 1
31 11 12 1
91 55 57 2
113 53 61 1
112 55 62 1
156 126 128 2
213 202 200 2
192 191 186 2
205 210 203 2
195 201 197 2
192 197 193 2
201 197 194 2
193 188 184 2
193 193 183 2
94 96 83 2
102 103 89 2
100 91 76 2
108 78 68 2
115 66 59 1
134 66 63 1
140 66 63 1
135 68 62 1
127 72 69 1
84 48 48 1
63 43 42 1
31 20 16 1
28 24 15 1
37 33 22 1
40 32 21 1
31 18 9 1
59 45 36 1
156 138 136 2
230 214 214 2
185 177 174 2
164 164 156 2
177 181 167 2
183 190 174 2
175 184 165 2
187 191 174 2
189 186 171 2
216 199 189 2
247 212 208 2
150 106 105 2
130 86 85 2
80 44 44 1
49 31 31 1
46 40 42 2
46 43 52 2
40 40 48 2
41 42 44 2
41 43 40 2
47 47 47 2
43 43 43 2
47 49 48 2
44 46 45 2
45 45 45 2
53 51 52 2
47 46 44 2
50 50 48 2
45 50 46 2
44 50 46 2
43 48 44 2
40 42 39 2
43 45 40 2
40 42 37 2
44 47 40 2
54 44 35 1
72 32 24 1
157 103 91 2
187 136 119 2
134 98 82 2
49 41 30 1
43 46 39 2
38 36 37 2
37 32 36 2
52 49 56 2
41 40 45 2
33 38 34 2
42 34 21 1
84 44 19 1
176 129 101 2
59 31 9 1
45 33 17 1
33 33 31 1
23 28 32 2
24 27 32 2
27 28 32 2
23 21 24 1
26 22 23 1
20 14 14 1
23 18 15 1
23 18 15 1
29 13 0 1
70 29 1 1
221 156 114 2
190 104 47 1
194 113 60 1
70 24 0 1
45 19 2 1
33 14 7 1
22 14 12 1
16 21 24 1
5 19 22 1
12 21 30 2
0 10 14 1
0 15 7 1
0 14 6 1
1 9 12 1
3 6 13 1
6 5 10 1
37 27 25 1
17 9 7 1
14 5 6 1
10 6 7 1
7 5 8 1
4 2 5 1
12 3 6 1
4 0 0 1
126 127 119 2
135 138 127 2
160 160 148 2
170 168 155 2
188 190 177 2
191 193 182 2
25 22 15 1
26 5 0 1
97 42 39 1
138 57 56 1
146 47 52 1
136 29 37 1
131 25 37 1
116 33 41 1
35 0 1 1
18 7 5 1
19 15 16 1
19 17 18 1
16 12 11 1
14 13 11 1
10 11 6 1
13 15 10 1
11 13 8 1
6 6 4 1
12 10 11 1
31 12 14 1
82 31 40 1
100 33 42 1
102 38 39 1
94 27 21 1
165 88 72 1
175 107 86 2
73 30 13 1
27 0 0 1
98 69 51 1
52 20 5 1
79 42 33 1
54 23 18 1
23 7 7 1
39 29 28 1
36 16 17 1
72 42 44 1
77 37 38 1
69 33 33 1
187 169 169 2
199 194 188 2
202 198 186 2
192 190 175 2
199 197 184 2
184 180 171 2
187 177 175 2
177 166 164 2
184 173 167 2
131 117 108 2
99 79 72 2
70 43 36 1
84 55 47 1
116 77 70 2
125 70 67 1
141 71 71 1
147 66 65 1
164 88 88 2
122 68 68 2
53 23 21 1
28 18 17 1
18 20 17 1
15 16 11 1
13 4 0 1
62 34 31 1
96 61 59 2
88 54 53 1
119 90 86 2
153 129 117 2
199 182 164 2
204 193 173 2
199 191 172 2
182 173 156 2
189 177 161 2
193 177 162 2
202 180 166 2
234 202 189 2
125 81 70 2
148 88 80 2
159 95 93 2
114 59 64 1
38 1 9 1
23 13 22 1
16 20 29 2
15 20 23 1
17 21 22 1
24 25 27 1
19 19 21 1
19 18 23 1
19 20 24 1
21 20 26 1
20 19 25 1
22 21 27 1
24 23 29 1
21 22 26 1
23 24 26 1
12 13 15 1
16 18 17 1
15 17 14 1
21 23 20 1
15 20 14 1
22 5 0 1
126 68 46 1
182 107 84 1
127 63 51 1
122 79 72 2
23 13 1 1
31 31 21 1
43 29 28 1
47 35 39 1
38 36 41 2
22 23 27 1
28 24 25 1
27 3 0 1
127 67 43 1
168 101 72 1
67 25 0 1
39 20 3 1
19 24 17 1
11 25 25 2
13 18 21 1
24 22 25 1
24 12 16 1
32 13 15 1
36 16 15 1
42 16 15 1
56 24 25 1
58 9 2 1
123 48 25 1
218 128 91 1
213 118 64 1
214 128 71 1
223 154 113 2
69 12 0 1
95 42 24 1
73 39 30 1
15 14 12 1
10 24 27 2
4 13 18 1
5 16 18 1
0 14 11 1
0 11 9 1
5 12 20 1
3 7 16 1
0 6 6 1
19 8 2 1
12 1 0 1
16 2 1 1
20 11 12 1
6 6 8 1
3 9 9 1
3 7 8 1
0 4 0 1
0 4 0 1
152 158 148 2
147 147 137 2
174 172 160 2
183 184 170 2
186 186 174 2
103 96 86 2
21 0 0 1
98 38 37 1
130 46 46 1
153 52 58 1
136 29 39 1
124 19 33 1
107 31 41 1
20 0 0 1
14 16 11 1
22 22 20 1
19 18 16 1
27 22 19 1
24 20 17 1
16 18 13 1
12 17 11 1
17 19 18 1
17 18 20 1
9 14 17 1
14 3 7 1
83 33 42 1
99 33 37 1
110 44 45 1
105 38 30 1
118 46 32 1
97 29 10 1
199 145 119 2
79 35 8 1
96 55 33 1
95 56 39 1
72 34 23 1
49 16 11 1
35 17 17 1
50 38 38 1
22 6 7 1
127 106 105 2
158 133 128 2
56 33 27 1
114 100 97 2
157 144 135 2
197 180 160 2
200 182 158 2
186 173 154 2
186 174 160 2
182 165 158 2
204 184 177 2
180 156 144 2
120 88 73 2
101 58 41 1
80 37 20 1
81 49 38 1
109 75 65 2
123 69 59 1
148 75 68 1
145 52 45 1
167 74 66 1
155 81 68 1
80 28 14 1
57 27 17 1
34 17 10 1
27 13 13 1
62 42 44 1
94 58 60 2
88 48 49 1
88 54 52 1
73 44 36 1
88 60 46 1
204 179 159 2
199 177 156 2
192 170 149 2
167 146 127 2
188 165 147 2
187 161 144 2
206 177 161 2
204 168 154 2
77 30 20 1
120 57 50 1
141 70 66 1
156 84 87 2
120 64 67 1
22 0 0 1
18 12 14 1
17 18 20 1
17 21 24 1
16 16 18 1
17 15 18 1
17 12 18 1
16 14 19 1
22 21 27 1
23 23 31 2
24 23 29 1
27 25 30 1
31 22 27 1
30 15 18 1
25 9 10 1
28 8 9 1
33 9 9 1
29 5 5 1
27 5 7 1
83 46 38 1
129 57 33 1
155 73 49 1
84 16 5 1
100 57 51 1
37 27 18 1
45 42 35 1
73 52 49 2
57 33 33 1
36 24 24 1
33 19 16 1
40 10 0 1
128 76 55 1
121 42 11 1
188 108 73 1
118 63 33 1
90 59 39 1
24 19 13 1
15 16 18 1
28 17 21 1
40 17 23 1
80 48 51 1
97 58 59 2
96 56 54 1
98 54 51 1
109 54 57 1
115 45 45 1
194 100 88 1
163 63 37 1
233 146 103 2
195 115 66 1
223 149 104 2
123 54 15 1
158 91 62 1
168 117 96 2
28 6 0 1
20 17 10 1
10 14 15 1
6 14 17 1
0 9 11 1
7 14 20 1
2 4 16 1
7 10 17 1
3 9 7 1
35 22 13 1
35 20 13 1
40 20 19 1
38 22 22 1
15 11 10 1
6 10 9 1
0 10 9 1
0 9 5 1
0 8 1 1
73 83 75 2
156 157 151 2
177 174 165 2
173 171 159 2
185 181 170 2
167 157 148 2
58 29 23 1
89 27 30 1
122 37 44 1
138 41 52 1
129 29 41 1
121 25 39 1
91 21 31 1
23 2 1 1
23 24 19 1
31 30 28 1
27 23 22 1
31 23 21 1
20 15 12 1
9 14 10 1
15 24 21 1
19 23 26 1
11 14 19 1
15 23 26 1
21 11 12 1
71 20 19 1
121 46 40 1
179 101 88 2
106 33 18 1
103 40 35 1
68 11 2 1
90 39 12 1
68 21 0 1
35 0 0 1
107 69 58 1
78 34 35 1
57 18 23 1
44 21 27 1
33 21 25 1
19 7 7 1
133 122 118 2
170 158 144 2
65 49 34 1
56 33 27 1
139 109 98 2
206 164 139 2
181 142 111 2
193 166 145 2
175 154 137 2
165 139 126 2
180 148 133 2
158 118 93 2
148 98 63 1
167 103 55 1
221 160 116 2
109 72 46 1
97 58 41 1
159 94 72 1
164 80 56 1
189 89 65 1
202 98 69 1
224 128 88 1
155 70 29 1
149 76 44 1
71 10 0 1
78 28 31 1
96 56 65 2
83 48 55 2
77 48 52 2
71 50 45 1
73 54 47 2
56 38 28 1
113 91 78 2
163 131 118 2
171 138 121 2
167 137 113 2
157 127 103 2
157 124 105 2
195 157 144 2
140 99 95 2
80 32 32 1
92 38 36 1
99 38 35 1
130 59 53 1
153 85 76 1
96 42 30 1
34 0 0 1
18 8 6 1
11 12 14 1
15 13 14 1
24 18 18 1
42 32 33 1
49 38 42 2
18 16 19 1
24 25 27 1
23 25 24 1
26 18 16 1
43 17 16 1
56 16 16 1
85 31 31 1
117 53 53 1
123 49 50 1
140 61 66 1
127 51 61 1
119 43 47 1
113 31 19 1
97 20 2 1
82 20 5 1
53 15 6 1
41 31 29 1
34 28 28 1
48 20 17 1
72 37 31 1
60 30 19 1
76 31 8 1
138 60 24 1
212 117 73 1
210 115 67 1
172 88 42 1
179 110 77 1
90 39 20 1
44 13 10 1
61 30 36 1
90 43 51 1
110 50 58 1
107 42 46 1
114 50 48 1
112 52 44 1
103 42 37 1
120 51 56 1
135 56 62 1
190 96 96 2
139 49 40 1
197 130 111 2
240 183 153 2
242 180 139 2
147 83 39 1
131 66 28 1
209 149 113 2
165 112 78 2
76 40 16 1
32 23 16 1
19 22 27 1
23 26 35 2
22 24 36 2
29 28 36 2
17 16 21 1
17 19 18 1
42 32 23 1
39 29 20 1
45 31 28 1
34 23 21 1
18 14 13 1
7 9 8 1
5 14 13 1
0 12 10 1
0 7 5 1
8 17 14 1
168 173 169 2
164 165 159 2
176 176 168 2
192 188 177 2
206 198 187 2
22 0 0 1
103 57 59 1
133 71 76 2
160 91 96 2
141 70 76 1
152 85 92 2
73 24 28 1
21 6 3 1
24 25 20 1
30 30 28 1
33 29 28 1
33 24 25 1
32 28 25 1
19 25 23 1
20 29 28 2
20 23 28 1
19 22 29 2
10 15 19 1
20 9 7 1
72 25 17 1
165 97 78 1
168 89 59 1
133 56 30 1
121 57 47 1
67 8 0 1
142 80 41 1
172 116 67 1
130 85 46 1
70 28 4 1
90 46 45 1
60 23 31 1
38 17 22 1
36 22 22 1
15 1 0 1
142 128 117 2
166 152 126 2
102 81 52 2
55 19 3 1
104 56 34 1
189 127 88 2
154 96 56 1
155 119 95 2
156 127 111 2
158 121 105 2
188 143 122 2
154 103 72 1
190 127 83 2
242 164 102 2
229 157 99 2
105 60 29 1
92 50 28 1
163 96 67 1
203 117 82 1
215 112 77 1
229 120 79 1
243 136 80 1
255 156 94 1
227 132 74 1
167 85 45 1
106 42 33 1
91 44 52 1
79 48 54 2
75 55 57 2
58 41 34 1
58 44 35 1
54 39 32 1
52 32 25 1
125 95 87 2
143 111 100 2
144 119 99 2
154 132 111 2
141 113 99 2
138 108 98 2
65 29 29 1
74 32 34 1
85 39 39 1
95 37 33 1
120 46 37 1
136 57 44 1
185 107 94 2
135 77 66 1
53 29 27 1
28 24 25 1
27 23 20 1
36 31 27 1
81 67 64 2
40 29 27 1
29 28 24 1
19 20 15 1
49 46 41 2
80 61 57 2
124 76 76 2
139 71 72 1
157 76 75 1
163 71 72 1
163 63 65 1
168 69 74 1
162 72 81 1
156 71 74 1
188 101 84 1
179 98 71 1
170 96 69 1
146 88 66 1
62 24 15 1
76 41 35 1
126 76 67 2
124 67 50 1
168 108 80 2
125 51 14 1
213 113 64 1
230 121 65 1
189 85 32 1
186 91 43 1
193 113 76 1
114 48 26 1
101 50 46 1
105 50 55 1
133 61 65 1
120 38 40 1
127 44 40 1
138 58 49 1
152 76 62 1
158 84 73 1
129 50 53 1
133 50 58 1
158 66 69 1
140 59 56 1
116 63 55 1
249 206 187 2
231 182 149 2
249 196 154 2
114 59 20 1
152 89 48 1
204 127 81 1
123 60 25 1
66 43 35 1
26 25 31 1
22 20 33 2
23 23 33 2
16 15 20 1
16 16 16 1
128 130 129 2
28 25 20 1
24 23 18 1
26 27 22 1
19 21 18 1
15 17 14 1
10 12 11 1
10 14 15 1
5 9 12 1
6 10 13 1
0 4 7 1
166 175 174 2
150 156 152 2
172 175 168 2
170 170 160 2
189 185 174 2
62 55 45 2
163 152 146 2
198 185 179 2
220 206 197 2
207 190 182 2
232 212 205 2
77 59 55 2
5 4 0 1
15 20 16 1
13 13 15 1
20 18 21 1
13 8 12 1
12 10 11 1
11 17 15 1
8 17 16 1
11 15 18 1
12 11 16 1
15 13 18 1
26 12 9 1
103 70 51 1
184 134 101 2
185 116 74 1
224 145 106 2
138 61 35 1
210 131 98 2
187 103 39 1
249 172 94 1
242 180 107 2
121 71 18 1
70 32 19 1
55 29 32 1
29 14 11 1
42 27 22 1
18 0 0 1
151 122 104 2
185 152 109 2
193 151 103 2
79 23 0 1
138 70 31 1
230 154 94 1
157 88 31 1
114 73 45 1
173 137 123 2
209 156 140 2
197 136 115 2
135 74 46 1
148 79 38 1
226 142 80 1
217 138 81 1
70 21 0 1
95 53 31 1
137 74 43 1
170 88 51 1
230 128 88 1
237 126 80 1
225 119 59 1
254 154 79 1
255 169 82 1
240 160 89 1
112 55 26 1
84 47 41 1
70 49 48 2
64 48 48 2
66 49 42 1
51 34 26 1
46 29 22 1
48 30 26 1
85 65 64 2
73 58 55 2
49 45 36 1
26 26 16 1
35 30 24 1
43 32 28 1
47 27 28 1
63 33 33 1
69 28 22 1
93 35 24 1
126 44 33 1
169 77 66 1
158 65 58 1
147 72 69 1
101 62 65 2
54 40 40 1
51 46 40 2
46 42 31 1
41 31 21 1
40 32 21 1
39 39 27 1
127 127 115 2
170 157 149 2
104 66 63 2
144 68 72 1
169 72 79 1
171 68 72 1
172 67 71 1
186 86 86 1
171 85 84 1
135 74 71 1
116 54 39 1
208 123 86 1
231 131 82 1
217 112 65 1
223 120 79 1
188 93 61 1
171 81 55 1
174 88 63 1
203 112 81 1
237 136 92 1
219 117 68 1
176 82 31 1
171 75 25 1
195 87 38 1
198 93 46 1
164 74 37 1
132 56 30 1
112 48 36 1
116 49 43 1
157 73 63 1
131 39 24 1
131 40 21 1
174 86 64 1
189 103 78 1
175 90 70 1
112 31 27 1
128 46 48 1
120 32 31 1
146 71 66 1
80 33 25 1
160 127 112 2
195 161 134 2
223 188 156 2
244 203 173 2
173 113 77 1
204 112 61 1
180 97 57 1
131 98 91 2
26 18 29 1
23 20 31 1
21 22 27 1
14 19 15 1
148 155 147 2
162 168 164 2
10 8 9 1
8 8 8 1
3 7 6 1
3 9 7 1
0 3 2 1
1 5 4 1
0 3 4 1
0 1 4 1
4 5 9 1
0 1 4 1
177 186 185 2
170 179 174 2
177 180 173 2
187 187 177 2
197 195 182 2
37 35 22 1
125 128 117 2
164 170 158 2
178 187 170 2
176 183 165 2
195 193 180 2
109 107 95 2
2 5 0 1
0 4 3 1
5 6 10 1
7 8 13 1
5 6 10 1
4 6 5 1
13 15 12 1
8 8 6 1
13 12 10 1
19 15 14 1
13 9 8 1
16 7 0 1
138 117 96 2
191 155 123 2
187 132 91 2
225 156 115 2
125 49 17 1
138 55 11 1
227 135 60 1
254 166 77 1
255 197 112 2
182 128 66 1
66 33 14 1
57 36 33 1
35 13 0 1
76 49 32 1
92 54 35 1
175 130 99 2
248 196 146 2
212 151 94 2
174 102 52 1
161 81 30 1
220 135 71 1
225 150 92 1
112 59 25 1
206 156 131 2
205 139 105 2
131 57 20 1
98 29 0 1
153 77 28 1
153 59 0 1
226 137 81 1
157 93 58 1
86 29 0 1
130 64 29 1
210 131 92 1
201 101 65 1
185 80 35 1
202 100 38 1
228 131 52 1
255 167 71 1
239 159 74 1
179 116 72 1
77 34 15 1
70 47 41 1
55 41 38 1
55 35 28 1
54 34 27 1
54 37 30 1
50 35 32 1
30 15 18 1
29 20 23 1
24 26 23 1
22 28 24 1
20 20 20 1
23 19 20 1
21 11 12 1
38 18 17 1
74 41 34 1
81 29 18 1
139 62 52 1
174 83 78 1
143 52 51 1
143 64 67 1
97 45 47 1
79 48 45 1
58 39 25 1
56 39 21 1
89 63 46 1
96 75 56 2
175 167 148 2
198 191 173 2
208 190 176 2
176 133 126 2
152 67 72 1
170 65 72 1
183 78 83 1
183 82 86 1
172 80 81 1
159 84 79 1
105 53 39 1
182 126 99 2
227 140 97 1
236 129 77 1
242 126 69 1
255 156 103 1
224 103 58 1
248 136 96 1
191 93 54 1
189 90 49 1
220 106 56 1
218 104 52 1
202 105 54 1
164 68 17 1
233 123 72 1
233 123 74 1
217 118 76 1
162 76 43 1
120 43 23 1
113 34 17 1
205 106 83 1
208 104 77 1
176 77 48 1
208 113 83 1
177 90 60 1
141 61 38 1
98 27 21 1
115 45 45 1
100 27 21 1
95 31 22 1
97 54 47 1
201 172 158 2
187 160 139 2
156 130 105 2
189 161 139 2
228 184 155 2
196 119 75 1
160 90 54 1
49 22 15 1
26 21 28 1
28 21 28 1
22 16 18 1
60 61 55 2
177 183 173 2
154 161 154 2
9 3 13 1
6 3 10 1
3 0 7 1
5 5 7 1
1 1 3 1
2 6 5 1
0 9 5 1
0 11 9 1
0 1 2 1
12 14 13 1
186 191 187 2
179 181 176 2
189 186 177 2
172 168 156 2
173 168 149 2
17 12 0 1
102 99 84 2
136 134 119 2
142 144 123 2
170 169 148 2
203 198 179 2
181 175 161 2
1 1 0 1
7 9 8 1
9 10 14 1
3 6 11 1
6 14 16 1
12 16 15 1
12 7 3 1
17 6 0 1
13 0 0 1
16 8 0 1
15 15 5 1
16 16 4 1
173 161 147 2
205 183 162 2
179 145 118 2
219 174 143 2
183 123 95 2
93 20 0 1
186 100 25 1
255 181 96 1
209 132 60 1
132 76 25 1
118 91 72 2
125 103 92 2
41 0 0 1
158 104 68 1
213 155 115 2
187 125 78 1
182 114 65 1
233 156 102 2
221 135 74 1
187 98 38 1
186 100 51 1
171 94 50 1
198 131 88 2
205 138 86 1
222 143 77 1
216 132 62 1
151 72 6 1
221 136 72 1
170 66 3 1
225 118 62 1
213 120 77 1
123 38 0 1
137 56 13 1
182 99 59 1
155 62 31 1
162 66 28 1
231 138 77 1
255 178 100 2
243 155 68 1
255 187 107 2
201 122 66 1
128 68 34 1
66 36 25 1
64 44 43 1
66 38 34 1
67 40 33 1
48 30 26 1
33 22 20 1
38 28 27 1
32 23 24 1
34 30 27 1
24 20 17 1
25 19 19 1
32 23 26 1
23 17 21 1
27 17 18 1
49 28 25 1
82 45 39 1
118 57 52 1
119 45 44 1
119 44 49 1
130 59 63 1
132 69 64 1
76 23 9 1
89 45 20 1
202 157 128 2
190 134 109 2
186 134 110 2
213 183 157 2
194 177 151 2
196 180 157 2
218 185 170 2
131 60 56 1
151 61 63 1
157 68 72 1
132 50 54 1
126 51 56 1
116 49 43 1
115 55 31 1
232 163 130 2
203 114 80 1
208 104 65 1
226 112 62 1
255 169 114 2
250 139 84 1
251 150 98 1
214 130 83 1
172 90 43 1
189 90 48 1
203 95 49 1
228 121 69 1
215 106 49 1
241 133 71 1
249 140 81 1
254 144 95 1
210 106 67 1
168 78 51 1
126 35 8 1
218 108 73 1
218 102 65 1
214 104 69 1
175 76 44 1
157 78 48 1
119 57 36 1
93 48 42 1
90 49 47 1
114 61 53 1
78 28 17 1
114 78 66 2
133 104 90 2
184 157 138 2
192 169 151 2
177 159 145 2
185 166 149 2
203 173 145 2
30 6 0 1
18 15 10 1
14 13 18 1
20 5 8 1
51 31 32 1
42 27 22 1
155 146 139 2
163 164 158 2
9 6 17 1
7 4 13 1
11 6 13 1
7 5 10 1
5 6 8 1
0 4 1 1
0 8 3 1
0 8 2 1
5 1 0 1
66 54 54 2
217 203 200 2
194 179 172 2
183 170 161 2
161 149 137 2
188 179 164 2
7 0 0 1
61 57 45 2
97 93 81 2
108 105 86 2
170 165 145 2
190 181 164 2
211 202 187 2
93 86 76 2
3 0 0 1
13 11 14 1
12 13 18 1
5 13 15 1
7 9 6 1
22 11 5 1
105 83 69 2
96 68 44 1
70 44 17 1
13 0 0 1
123 110 91 2
204 184 160 2
187 160 133 2
178 145 114 2
155 112 78 2
220 161 127 2
130 60 11 1
238 156 83 1
228 149 74 1
96 31 0 1
170 124 88 2
162 140 126 2
148 122 105 2
159 100 60 1
147 70 16 1
205 126 67 1
166 88 26 1
190 111 52 1
241 160 95 1
255 164 87 1
244 151 81 1
219 133 86 1
136 56 19 1
140 67 22 1
124 47 0 1
248 160 88 1
255 180 103 2
255 171 98 1
255 166 98 1
209 97 31 1
238 124 62 1
241 132 76 1
208 109 54 1
184 93 36 1
215 129 80 1
218 131 101 2
137 52 15 1
183 100 34 1
254 169 88 1
212 126 41 1
195 109 32 1
195 113 57 1
177 111 76 1
63 29 17 1
64 43 40 1
66 32 30 1
74 45 41 1
40 25 22 1
31 23 21 1
31 27 26 1
33 29 28 1
26 21 17 1
34 29 25 1
33 24 27 1
25 19 23 1
23 21 26 1
27 23 24 1
26 16 14 1
60 32 28 1
93 39 37 1
102 38 39 1
110 48 53 1
109 45 46 1
142 72 64 1
180 109 87 2
133 70 29 1
138 74 28 1
236 165 123 2
248 183 143 2
242 194 156 2
242 208 171 2
198 169 137 2
209 172 146 2
141 79 68 1
116 42 39 1
114 44 44 1
105 39 40 1
102 40 41 1
104 44 36 1
132 68 41 1
152 83 50 1
136 58 35 1
144 54 27 1
223 117 75 1
221 110 55 1
233 127 69 1
239 143 85 1
253 173 120 2
151 73 27 1
162 73 33 1
161 62 20 1
193 87 35 1
238 132 70 1
246 148 77 1
255 164 96 1
254 145 88 1
243 132 86 1
206 104 66 1
167 65 27 1
202 85 42 1
199 80 37 1
208 96 58 1
153 58 26 1
108 42 16 1
84 39 20 1
56 23 16 1
45 14 9 1
67 23 12 1
71 28 12 1
117 83 71 2
146 120 107 2
150 127 111 2
140 122 108 2
166 156 146 2
150 144 132 2
188 181 163 2
24 22 9 1
11 17 15 1
9 9 11 1
36 14 17 1
51 19 22 1
57 27 27 1
85 65 64 2
183 178 174 2
4 5 9 1
7 7 9 1
4 2 7 1
3 4 6 1
0 8 7 1
0 11 7 1
1 12 6 1
5 4 0 1
17 0 0 1
101 62 65 2
149 101 97 2
192 147 141 2
223 190 183 2
199 176 168 2
149 134 127 2
6 0 0 1
37 38 33 2
46 49 42 2
64 61 44 2
108 101 82 2
151 141 129 2
182 170 158 2
218 205 189 2
69 57 45 2
10 0 0 1
15 10 14 1
6 7 11 1
22 21 19 1
85 66 59 2
98 66 43 1
207 160 114 2
124 73 20 1
118 73 34 1
229 185 148 2
233 186 140 2
209 162 108 2
172 121 68 1
188 128 76 1
145 74 22 1
146 67 11 1
254 175 108 2
143 77 17 1
48 5 0 1
86 63 45 1
123 110 101 2
169 141 117 2
180 105 47 1
254 156 81 1
210 113 36 1
242 151 72 1
245 167 82 1
255 197 107 2
251 164 69 1
252 161 78 1
224 137 84 1
186 104 67 1
126 54 16 1
128 53 11 1
201 107 53 1
232 128 67 1
184 75 16 1
214 102 38 1
209 95 22 1
236 124 48 1
229 121 49 1
220 118 46 1
221 128 50 1
219 132 65 1
177 99 60 1
118 43 1 1
182 104 30 1
255 185 94 1
255 166 76 1
181 95 18 1
156 82 35 1
154 98 71 1
61 29 16 1
65 40 36 1
82 48 46 1
52 22 20 1
34 23 21 1
22 22 22 1
10 14 17 1
11 15 16 1
15 14 9 1
20 15 11 1
29 24 30 1
27 26 32 2
20 23 28 1
19 23 24 1
30 29 24 1
47 28 22 1
98 44 44 1
103 37 39 1
105 49 48 1
105 46 40 1
137 60 52 1
165 81 55 1
202 124 62 1
233 161 85 1
248 181 111 2
255 203 142 2
246 185 131 2
227 169 123 2
228 174 128 2
221 167 131 2
176 119 100 2
87 33 23 1
95 46 39 1
98 51 43 1
96 46 37 1
83 30 14 1
96 38 16 1
145 87 65 1
84 32 21 1
87 24 7 1
187 93 59 1
219 111 62 1
202 96 36 1
239 141 80 1
255 171 120 2
197 114 70 1
160 75 36 1
162 75 32 1
193 106 53 1
243 158 93 1
255 185 106 2
255 170 90 1
239 140 72 1
247 138 81 1
218 106 56 1
206 91 44 1
240 126 76 1
244 134 85 1
237 134 93 1
148 68 35 1
111 66 45 1
47 17 6 1
91 57 47 1
75 32 23 1
69 22 6 1
49 6 0 1
69 40 26 1
124 104 93 2
104 90 79 2
103 93 83 2
118 108 99 2
186 177 168 2
126 120 108 2
102 99 92 2
1 1 3 1
17 7 15 1
49 20 25 1
60 19 25 1
65 24 32 1
40 7 14 1
147 133 132 2
2 6 5 1
4 6 5 1
7 7 9 1
9 10 14 1
0 5 8 1
0 6 4 1
11 6 3 1
20 0 0 1
77 24 30 1
134 63 69 1
130 54 56 1
123 50 44 1
123 65 53 1
193 151 135 2
82 54 42 1
20 2 0 1
15 2 0 1
33 21 9 1
75 54 35 1
62 44 22 1
99 89 77 2
143 135 124 2
177 161 145 2
208 189 174 2
62 41 38 1
27 8 12 1
19 8 12 1
26 12 11 1
43 9 0 1
42 0 0 1
123 61 0 1
239 171 100 2
204 135 80 1
213 146 94 2
236 174 115 2
248 184 120 2
248 180 115 2
196 125 59 1
169 89 26 1
206 125 59 1
226 148 73 1
127 66 3 1
42 7 0 1
36 20 4 1
72 64 53 2
142 116 89 2
193 123 64 1
244 148 71 1
235 136 51 1
243 148 58 1
240 156 60 1
255 180 81 1
235 145 48 1
222 128 41 1
198 102 42 1
205 114 69 1
214 136 97 2
120 39 0 1
156 59 6 1
180 74 14 1
231 121 58 1
252 144 72 1
232 130 45 1
238 140 49 1
220 125 35 1
255 165 74 1
255 188 97 2
240 153 76 1
149 69 18 1
153 76 24 1
246 168 86 1
255 195 99 2
243 150 57 1
241 154 77 1
155 84 38 1
81 29 5 1
81 49 38 1
76 51 47 1
78 44 43 1
36 8 7 1
26 18 16 1
19 23 22 1
11 19 21 1
14 20 20 1
47 50 43 2
21 20 15 1
27 25 30 1
29 28 34 2
26 29 34 2
21 27 27 1
35 37 32 2
36 21 16 1
94 44 43 1
107 46 45 1
106 51 44 1
103 44 36 1
126 49 43 1
174 90 62 1
249 170 101 2
248 174 87 1
247 180 99 2
255 194 123 2
249 178 116 2
230 155 98 2
204 131 76 1
222 152 101 2
184 120 82 1
87 30 1 1
75 24 3 1
84 36 16 1
158 103 82 2
90 38 16 1
71 24 6 1
93 51 37 1
68 29 22 1
89 33 20 1
147 59 23 1
239 132 80 1
220 110 49 1
245 139 77 1
243 149 95 1
228 142 93 1
150 64 17 1
135 51 4 1
92 9 0 1
214 134 71 1
250 175 92 1
255 184 99 2
244 148 74 1
231 123 58 1
253 139 79 1
244 129 72 1
191 80 24 1
234 129 74 1
205 105 55 1
122 43 4 1
70 25 2 1
32 1 0 1
120 78 56 1
53 1 0 1
131 75 50 1
174 122 100 2
62 25 7 1
45 19 4 1
99 83 68 2
107 95 83 2
82 72 63 2
122 112 103 2
181 168 160 2
106 95 91 2
4 0 0 1
25 12 19 1
53 18 25 1
61 14 24 1
67 20 30 1
61 21 29 1
33 9 9 1
0 3 2 1
2 3 5 1
3 2 7 1
4 1 8 1
8 5 12 1
13 0 7 1
22 0 0 1
86 26 34 1
153 62 71 1
159 54 61 1
159 55 64 1
136 38 37 1
140 52 30 1
155 82 49 1
53 3 0 1
86 45 15 1
49 5 0 1
64 16 0 1
138 87 58 1
132 95 68 2
47 40 24 1
85 87 74 2
197 185 169 2
145 122 108 2
103 65 64 2
93 52 56 1
67 39 38 1
51 18 11 1
100 42 31 1
139 66 34 1
193 115 49 1
255 202 123 2
234 151 81 1
237 158 92 1
215 143 84 1
213 141 82 1
233 154 87 1
177 94 24 1
214 136 64 1
231 154 74 1
232 156 60 1
240 176 88 1
35 0 0 1
90 67 36 1
36 28 9 1
118 102 77 2
132 83 43 1
218 148 89 1
253 175 92 1
248 161 66 1
241 146 54 1
238 138 50 1
224 122 37 1
212 109 30 1
229 122 50 1
214 112 48 1
211 120 67 1
166 75 22 1
187 88 20 1
247 147 69 1
255 163 78 1
253 168 77 1
255 187 86 1
255 201 93 2
240 170 58 1
239 168 60 1
246 165 73 1
242 155 75 1
185 93 26 1
242 151 81 1
232 147 57 1
255 175 78 1
245 146 53 1
235 143 66 1
162 92 40 1
76 25 0 1
70 36 27 1
75 46 50 1
71 41 43 1
42 18 18 1
28 20 17 1
19 21 16 1
22 24 21 1
35 40 34 2
69 79 68 2
5 10 3 1
17 11 13 1
41 35 39 2
27 27 29 1
32 34 33 2
37 37 37 2
41 27 26 1
79 40 33 1
93 39 29 1
141 81 71 1
123 59 50 1
122 53 46 1
115 45 20 1
241 171 109 2
255 188 107 2
254 183 105 2
248 171 99 2
249 168 105 2
229 145 83 1
238 158 89 1
247 165 92 1
255 172 103 2
206 122 60 1
149 76 33 1
126 58 21 1
201 131 95 2
128 71 42 1
45 16 2 1
57 34 26 1
51 13 4 1
83 21 0 1
199 108 63 1
255 157 98 1
255 133 70 1
245 125 62 1
227 125 63 1
255 163 102 1
205 110 52 1
186 92 38 1
127 37 0 1
203 117 58 1
226 144 62 1
255 192 105 2
252 152 76 1
246 139 69 1
255 149 81 1
242 137 71 1
236 130 68 1
221 117 56 1
255 153 90 1
160 71 15 1
79 17 0 1
108 58 25 1
176 118 78 1
54 0 0 1
69 1 0 1
210 145 113 2
128 71 44 1
43 0 0 1
95 64 44 1
123 104 89 2
98 85 76 2
84 69 62 2
139 114 107 2
58 35 29 1
21 11 9 1
29 15 15 1
46 6 15 1
64 14 23 1
65 19 22 1
58 16 17 1
54 18 18 1
151 160 155 2
83 89 87 2
34 35 40 2
38 35 42 2
26 17 22 1
45 23 26 1
112 67 74 2
132 62 70 1
154 63 70 1
164 58 62 1
147 33 33 1
134 22 10 1
224 124 88 1
153 67 18 1
154 84 32 1
190 127 74 1
190 122 73 1
165 96 54 1
105 39 4 1
125 79 53 1
44 37 19 1
90 94 80 2
124 116 103 2
92 69 61 2
61 26 24 1
61 20 18 1
51 15 3 1
61 15 0 1
80 13 0 1
183 105 69 1
174 96 21 1
255 178 87 1
234 145 61 1
255 175 98 1
192 113 44 1
251 172 106 2
222 138 66 1
207 124 54 1
178 107 41 1
223 156 78 1
249 178 74 1
251 183 84 1
198 140 77 1
116 77 38 1
43 26 6 1
94 81 64 2
91 59 38 1
127 78 35 1
206 141 61 1
255 181 84 1
247 152 60 1
216 112 25 1
232 125 45 1
236 129 51 1
229 119 40 1
223 117 43 1
229 131 66 1
223 130 61 1
227 137 51 1
221 137 41 1
240 167 64 1
238 170 63 1
255 190 83 1
244 182 69 1
255 215 98 2
255 211 99 2
235 160 67 1
213 128 45 1
192 101 22 1
225 133 48 1
250 160 64 1
255 173 76 1
255 186 93 1
225 138 58 1
194 119 62 1
121 62 28 1
82 44 31 1
95 70 66 2
85 59 58 2
22 4 2 1
25 20 17 1
28 29 24 1
18 19 14 1
39 41 36 2
1 11 0 1
13 18 11 1
27 18 19 1
30 19 23 1
27 26 22 1
32 31 26 1
38 30 27 1
51 31 22 1
168 125 106 2
167 109 87 2
149 86 68 1
118 55 40 1
117 58 50 1
88 32 7 1
158 102 41 1
243 180 101 2
232 156 80 1
250 168 94 1
230 147 77 1
233 149 79 1
221 131 55 1
255 190 110 2
247 147 62 1
254 158 82 1
228 146 96 1
148 76 38 1
143 77 42 1
88 37 8 1
49 23 8 1
48 22 9 1
152 101 74 2
161 86 46 1
225 129 69 1
249 136 66 1
252 131 60 1
251 133 63 1
244 142 70 1
255 167 99 1
191 93 32 1
179 80 23 1
174 74 24 1
206 110 49 1
255 183 100 2
238 147 58 1
246 143 66 1
255 151 79 1
249 148 76 1
244 146 75 1
186 82 19 1
167 61 0 1
249 142 72 1
188 89 22 1
183 101 53 1
163 89 44 1
203 123 70 1
176 95 39 1
170 87 35 1
135 56 15 1
148 83 53 1
112 62 39 1
51 20 2 1
70 51 37 1
54 36 32 1
40 21 17 1
59 28 23 1
64 35 29 1
17 6 2 1
25 11 11 1
57 22 29 1
59 16 23 1
62 22 22 1
58 20 17 1
55 19 19 1
137 154 144 2
128 143 136 2
145 150 154 2
177 175 180 2
193 182 178 2
86 61 56 2
78 34 33 1
86 34 36 1
92 37 40 1
104 34 26 1
217 109 83 1
223 110 70 1
255 166 115 2
243 159 97 1
255 182 106 2
239 157 75 1
255 184 104 2
224 149 82 1
206 143 102 2
83 43 18 1
90 82 61 2
82 84 70 2
76 71 65 2
53 42 38 1
33 18 13 1
37 14 0 1
74 37 10 1
62 13 0 1
120 60 36 1
146 82 38 1
252 188 98 2
255 199 90 1
247 163 67 1
255 178 88 1
221 139 53 1
254 173 91 1
243 161 87 1
193 119 56 1
70 11 0 1
180 125 69 1
244 179 85 1
255 189 91 1
223 142 76 1
179 112 70 1
102 73 57 2
62 49 41 1
53 33 26 1
43 8 0 1
189 133 58 1
230 158 60 1
231 144 49 1
255 163 72 1
235 131 46 1
233 126 44 1
255 159 75 1
237 138 55 1
226 130 53 1
240 154 69 1
255 184 82 1
255 196 83 1
246 190 71 1
255 205 89 1
245 181 73 1
207 144 39 1
255 214 108 2
255 222 119 2
234 161 69 1
212 131 42 1
255 182 91 1
248 164 68 1
233 144 44 1
250 162 62 1
250 174 80 1
249 174 91 1
223 139 75 1
198 125 80 1
182 141 113 2
191 170 151 2
166 148 138 2
21 10 6 1
28 24 25 1
21 21 23 1
25 23 24 1
20 21 16 1
20 22 17 1
15 16 11 1
28 18 19 1
26 16 15 1
22 19 12 1
44 40 28 1
60 43 27 1
79 43 17 1
228 166 127 2
249 178 136 2
238 172 140 2
197 141 118 2
186 143 127 2
82 45 16 1
115 74 8 1
255 202 120 2
255 178 100 2
224 141 63 1
226 151 70 1
255 177 95 1
225 127 52 1
219 113 37 1
253 148 65 1
189 95 23 1
155 82 39 1
149 93 66 1
121 79 55 1
47 12 0 1
91 56 36 1
198 148 115 2
175 96 39 1
241 143 70 1
234 129 48 1
255 154 71 1
247 141 57 1
255 165 81 1
255 160 78 1
255 187 113 2
214 118 58 1
148 47 0 1
197 88 29 1
228 120 48 1
255 167 79 1
244 146 55 1
255 161 85 1
213 109 38 1
255 163 91 1
227 134 64 1
191 88 29 1
223 115 53 1
186 75 3 1
242 134 62 1
185 81 26 1
175 71 20 1
193 84 25 1
217 107 44 1
254 149 84 1
173 83 31 1
94 30 3 1
79 39 27 1
31 11 4 1
41 27 26 1
40 20 22 1
53 27 30 1
58 27 24 1
63 38 34 1
24 12 12 1
23 11 15 1
35 10 14 1
49 20 22 1
44 19 15 1
43 18 14 1
43 17 18 1
12 13 0 1
19 21 8 1
33 39 37 2
30 34 33 2
46 40 28 1
42 24 12 1
41 12 8 1
44 13 11 1
47 21 20 1
77 35 23 1
176 92 58 1
221 125 75 1
172 90 34 1
168 89 22 1
232 147 66 1
244 156 66 1
245 158 65 1
255 193 113 2
209 147 98 2
100 59 27 1
94 79 56 2
84 83 65 2
59 55 46 2
46 38 27 1
56 42 16 1
116 90 55 1
204 161 119 2
173 120 80 2
89 38 7 1
132 80 32 1
255 207 109 2
240 177 63 1
209 130 29 1
217 133 37 1
230 151 56 1
255 195 105 2
213 131 55 1
210 139 83 1
67 20 0 1
128 84 47 1
225 163 80 1
255 181 88 1
232 138 66 1
179 96 42 1
84 35 2 1
77 47 23 1
84 51 32 1
101 59 21 1
196 136 63 1
255 190 96 2
255 181 82 1
238 150 52 1
207 109 18 1
247 151 64 1
255 178 88 1
236 156 67 1
255 181 89 1
203 131 33 1
255 203 95 2
248 199 81 1
230 184 62 1
255 216 98 2
255 208 103 2
195 140 39 1
255 219 113 2
255 218 115 2
255 218 121 2
239 164 71 1
200 119 27 1
254 171 75 1
251 169 67 1
252 174 73 1
255 189 93 1
251 177 92 1
252 161 91 1
214 134 81 1
175 132 97 2
151 131 106 2
168 155 138 2
34 25 16 1
31 29 30 1
26 25 30 1
27 25 28 1
21 19 20 1
21 21 19 1
26 25 23 1
31 22 23 1
31 23 21 1
29 26 19 1
60 52 39 1
107 85 64 2
146 101 68 1
199 129 78 1
228 152 100 2
226 161 123 2
201 150 123 2
156 123 108 2
66 35 6 1
237 193 122 2
232 172 86 1
229 147 73 1
194 108 33 1
214 140 55 1
255 192 104 2
246 151 67 1
203 101 17 1
221 119 35 1
233 142 72 1
131 66 28 1
53 8 0 1
66 38 26 1
66 40 27 1
59 22 3 1
111 51 15 1
229 137 72 1
255 147 64 1
255 148 60 1
244 139 48 1
230 132 43 1
240 146 56 1
251 162 70 1
224 133 54 1
181 85 27 1
162 58 5 1
255 144 79 1
252 136 59 1
255 156 68 1
228 124 37 1
250 142 69 1
189 85 14 1
208 114 40 1
193 101 28 1
212 110 48 1
187 81 21 1
202 100 28 1
255 151 80 1
217 105 42 1
220 104 43 1
252 134 64 1
252 134 60 1
249 137 63 1
193 100 43 1
130 74 47 1
32 3 0 1
25 10 7 1
31 16 19 1
55 30 36 1
54 25 29 1
59 29 27 1
53 32 29 1
20 11 16 1
10 3 10 1
26 7 9 1
37 16 15 1
33 12 11 1
33 13 12 1
37 15 18 1
107 65 40 1
40 13 0 1
18 20 9 1
11 24 15 1
46 53 35 2
28 31 14 1
34 33 29 1
28 24 25 1
46 41 38 2
51 31 20 1
95 51 24 1
168 109 67 1
198 133 77 1
210 139 75 1
225 150 82 1
179 102 24 1
235 155 66 1
211 137 52 1
208 143 79 1
141 94 48 1
109 88 59 2
89 82 63 2
76 70 54 2
67 52 23 1
171 136 78 2
149 100 33 1
200 143 90 2
112 57 16 1
51 10 0 1
162 122 73 2
255 200 107 2
249 183 73 1
205 129 31 1
174 97 5 1
255 213 120 2
212 142 54 1
179 95 23 1
225 151 102 2
72 35 17 1
56 22 0 1
216 151 83 1
194 110 22 1
244 149 69 1
255 167 91 1
216 144 72 1
125 60 0 1
187 122 64 1
180 110 48 1
208 130 55 1
255 191 101 2
255 200 96 2
193 119 12 1
252 168 69 1
255 189 94 1
255 211 119 2
240 191 98 2
255 219 117 2
239 190 85 1
232 188 83 2
255 223 115 2
255 213 101 2
255 216 107 2
253 210 108 2
255 231 129 2
250 214 100 2
251 211 97 2
253 205 97 2
240 175 75 1
189 104 13 1
221 136 45 1
252 187 83 1
255 216 111 2
249 173 77 1
238 152 65 1
255 178 103 2
209 133 75 1
169 129 93 2
151 131 107 2
205 192 173 2
61 53 40 1
17 16 11 1
26 26 26 1
27 24 31 1
28 26 31 1
22 24 23 1
25 27 24 1
26 24 25 1
31 27 28 1
47 46 42 2
37 28 21 1
96 68 56 2
181 134 106 2
201 131 80 1
237 164 109 2
236 174 135 2
192 146 122 2
104 76 65 2
85 51 23 1
211 149 72 1
255 179 90 1
176 89 22 1
175 87 23 1
204 127 47 1
219 144 51 1
255 181 82 1
203 115 18 1
225 126 43 1
229 141 77 1
201 145 108 2
36 1 0 1
48 23 18 1
62 38 34 1
56 26 16 1
100 46 20 1
157 67 15 1
220 113 41 1
251 149 64 1
255 168 75 1
227 132 42 1
255 175 84 1
255 173 76 1
205 115 29 1
169 70 13 1
186 80 28 1
252 136 63 1
225 109 26 1
239 128 47 1
200 93 15 1
241 130 59 1
220 113 41 1
238 143 63 1
218 125 47 1
209 105 42 1
160 61 2 1
155 71 7 1
201 116 49 1
205 100 34 1
255 153 79 1
231 125 39 1
251 147 58 1
247 140 60 1
205 121 61 1
76 37 8 1
22 5 0 1
24 7 0 1
72 52 51 2
53 27 28 1
54 26 25 1
54 29 24 1
48 33 28 1
11 12 17 1
10 9 17 1
25 6 10 1
42 16 17 1
33 11 13 1
42 20 23 1
36 10 19 1
213 138 98 2
104 50 16 1
36 24 2 1
19 28 11 1
18 30 8 1
26 35 18 1
23 25 20 1
39 35 32 1
51 45 33 1
85 67 45 1
211 175 141 2
140 92 46 1
139 82 27 1
226 160 100 2
240 165 100 2
164 87 17 1
246 178 95 2
255 214 134 2
242 178 114 2
221 168 118 2
192 158 121 2
107 86 57 2
73 59 33 1
120 97 55 1
213 161 85 2
255 193 109 2
196 137 67 1
94 43 0 1
63 23 0 1
210 170 109 2
239 186 94 2
255 195 91 1
246 170 76 1
206 131 40 1
255 221 125 2
218 157 66 1
213 131 55 1
196 121 64 1
112 65 35 1
92 48 11 1
247 177 107 2
255 189 102 2
219 129 43 1
202 117 27 1
249 173 79 1
236 163 71 1
206 131 50 1
247 170 92 1
201 120 39 1
209 134 43 1
255 209 103 2
247 189 79 1
219 153 43 1
255 193 90 1
255 216 123 2
255 222 130 2
255 226 124 2
229 195 88 2
245 207 106 2
255 223 124 2
246 208 109 2
253 215 116 2
255 224 124 2
247 213 106 2
255 221 105 2
249 210 91 2
255 216 100 2
237 183 75 1
225 149 53 1
255 196 98 2
255 204 96 2
255 212 104 2
203 122 30 1
167 75 0 1
241 149 76 1
201 121 60 1
149 97 50 1
186 152 117 2
182 162 135 2
183 171 149 2
40 27 11 1
27 11 0 1
58 36 25 1
44 22 11 1
43 24 10 1
38 19 4 1
88 60 46 1
62 35 24 1
41 22 18 1
48 25 19 1
130 93 74 2
147 95 58 1
218 152 91 2
255 190 129 2
178 129 89 2
141 105 83 2
53 29 19 1
85 50 22 1
237 163 88 1
245 154 65 1
183 91 24 1
200 113 46 1
239 158 79 1
255 206 114 2
255 205 103 2
219 141 43 1
215 124 45 1
178 96 36 1
79 27 0 1
81 46 26 1
66 32 20 1
60 24 12 1
57 14 0 1
139 78 47 1
219 125 73 1
214 107 35 1
229 129 41 1
255 178 84 1
250 159 68 1
255 182 89 1
232 146 47 1
207 117 29 1
161 65 5 1
201 96 39 1
224 111 31 1
248 132 45 1
235 124 43 1
232 126 48 1
223 122 40 1
223 127 41 1
255 174 86 1
255 160 76 1
227 126 54 1
148 54 0 1
93 17 0 1
167 87 26 1
213 108 40 1
243 132 51 1
223 126 29 1
255 175 75 1
255 163 75 1
172 87 20 1
55 9 0 1
57 31 14 1
34 10 0 1
70 47 41 1
56 28 27 1
50 24 23 1
55 31 27 1
36 25 23 1
2 7 11 1
7 11 20 1
23 8 13 1
32 12 14 1
27 11 11 1
31 15 16 1
32 11 18 1
219 121 60 1
215 138 86 1
121 85 51 1
69 61 38 1
40 45 25 1
46 48 35 2
57 39 35 1
102 75 64 2
73 46 17 1
119 81 36 1
186 127 71 1
234 168 108 2
143 86 31 1
180 118 61 1
232 147 82 1
242 159 89 1
206 150 76 1
210 162 96 2
207 151 104 2
174 115 73 1
214 160 113 2
149 107 59 1
76 48 11 1
180 146 100 2
255 188 113 2
232 161 71 1
255 218 127 2
243 206 118 2
145 98 18 1
240 188 105 2
241 188 96 2
227 164 69 1
223 142 53 1
228 149 57 1
255 203 104 2
255 211 113 2
229 159 71 1
180 105 24 1
203 133 63 1
203 131 57 1
234 154 65 1
255 192 95 2
255 176 83 1
223 153 57 1
226 169 66 1
245 192 90 2
171 112 22 1
255 213 126 2
254 185 94 1
223 158 64 1
255 223 125 2
255 221 114 2
231 186 69 1
245 202 89 2
255 218 126 2
255 225 139 2
255 229 136 2
252 222 124 2
252 220 121 2
255 224 131 2
255 230 149 2
246 214 131 2
248 215 112 2
254 218 104 2
255 213 95 2
255 217 98 2
255 220 102 2
230 188 70 1
255 205 90 2
255 204 90 2
255 218 102 2
250 192 85 1
197 111 24 1
174 77 6 1
197 105 42 1
230 144 83 1
233 153 90 1
249 187 130 2
170 136 99 2
204 179 149 2
194 153 123 2
152 100 63 1
164 106 60 1
123 61 14 1
115 52 9 1
162 93 51 1
221 140 95 2
186 110 76 1
73 16 5 1
104 56 44 1
156 102 66 1
204 145 87 2
244 183 103 2
209 157 84 2
132 100 59 1
104 83 62 2
36 18 4 1
95 58 31 1
230 152 88 1
247 152 70 1
230 138 61 1
241 151 73 1
231 142 62 1
255 178 94 1
255 211 124 2
149 77 0 1
234 150 78 1
148 71 15 1
92 39 5 1
180 134 108 2
152 97 66 1
95 31 0 1
141 70 24 1
182 97 42 1
243 140 73 1
169 60 0 1
251 148 53 1
245 151 53 1
226 141 48 1
255 209 117 2
247 160 63 1
223 133 47 1
140 46 0 1
186 86 24 1
235 126 41 1
230 120 25 1
255 164 76 1
237 142 48 1
255 182 74 1
255 191 82 1
255 170 73 1
255 166 77 1
241 145 58 1
182 90 13 1
173 91 35 1
146 56 4 1
192 83 18 1
231 122 40 1
238 151 48 1
242 157 50 1
244 146 45 1
241 149 66 1
167 94 43 1
108 53 23 1
85 50 31 1
47 22 15 1
51 25 26 1
57 35 38 1
47 27 29 1
20 9 13 1
8 13 17 1
3 12 17 1
15 12 19 1
20 14 18 1
33 32 27 1
39 39 31 1
28 19 20 1
222 126 65 1
202 121 66 1
67 14 0 1
133 103 75 2
59 48 28 1
48 36 20 1
70 36 24 1
156 112 87 2
202 158 109 2
189 135 71 1
197 124 55 1
218 143 75 1
158 97 40 1
217 152 94 2
237 148 80 1
209 125 52 1
78 24 0 1
226 181 116 2
168 110 62 1
92 28 0 1
197 135 78 1
134 80 20 1
99 56 5 1
227 176 119 2
255 187 115 2
191 115 29 1
255 225 127 2
255 223 122 2
195 142 48 1
223 168 77 1
255 229 138 2
237 180 91 2
205 131 44 1
255 181 93 1
255 202 105 2
250 194 97 2
255 191 101 2
251 171 84 1
255 182 91 1
180 101 6 1
228 155 52 1
233 164 60 1
255 207 113 2
255 213 118 2
238 191 87 2
255 230 125 2
255 210 112 2
255 212 117 2
255 214 116 2
253 203 106 2
255 221 124 2
242 210 107 2
240 205 89 2
249 213 101 2
255 221 132 2
255 221 139 2
251 221 133 2
246 220 127 2
253 224 130 2
250 220 130 2
252 220 143 2
255 223 140 2
251 218 113 2
247 207 93 2
249 202 88 2
243 196 82 1
255 216 102 2
247 210 93 2
248 209 88 2
251 209 88 2
252 205 87 1
232 171 64 1
212 128 38 1
192 98 24 1
177 88 22 1
171 82 16 1
237 141 65 1
255 174 102 2
209 154 100 2
217 170 124 2
251 189 140 2
255 188 130 2
238 158 89 1
217 133 63 1
224 141 87 1
200 112 62 1
241 142 87 1
194 98 48 1
164 88 56 1
127 59 24 1
196 130 72 1
241 177 103 2
255 205 119 2
184 138 63 1
121 95 58 2
42 25 7 1
43 24 9 1
83 44 15 1
197 123 62 1
233 144 64 1
236 151 61 1
179 94 3 1
229 137 52 1
251 162 78 1
254 180 93 1
102 30 0 1
222 140 67 1
225 146 87 1
95 36 0 1
123 65 25 1
190 116 69 1
175 90 35 1
248 156 91 1
176 78 5 1
206 105 23 1
218 117 27 1
250 154 54 1
255 170 67 1
226 152 53 1
255 215 118 2
255 181 86 1
189 99 11 1
154 66 0 1
221 129 56 1
255 174 83 1
254 147 49 1
241 143 46 1
255 183 80 1
242 176 54 1
255 206 87 1
240 153 50 1
226 132 36 1
255 177 81 1
230 139 50 1
202 110 43 1
116 20 0 1
208 100 28 1
217 115 30 1
233 156 50 1
255 219 106 2
255 200 90 1
237 142 50 1
215 125 62 1
146 69 23 1
113 55 17 1
72 30 5 1
66 36 28 1
62 32 30 1
46 11 5 1
45 16 8 1
31 20 14 1
19 19 17 1
14 15 20 1
15 19 22 1
22 29 22 1
19 22 15 1
26 25 21 1
210 141 99 2
167 100 58 1
113 49 13 1
163 110 79 2
53 21 0 1
70 38 15 1
122 73 43 1
146 89 44 1
198 144 72 1
255 214 133 2
209 131 56 1
231 151 80 1
179 109 47 1
202 133 68 1
243 159 87 1
226 145 66 1
241 178 98 2
187 128 52 1
170 103 35 1
255 187 124 2
231 172 106 2
119 62 0 1
255 198 126 2
234 166 95 2
171 91 20 1
211 133 58 1
255 197 106 2
231 177 81 1
192 138 48 1
254 203 114 2
251 201 112 2
225 174 85 2
248 190 106 2
255 201 116 2
255 212 125 2
222 152 66 1
195 110 30 1
248 161 81 1
251 176 85 1
214 149 47 1
241 188 74 1
248 200 89 2
253 208 115 2
255 223 134 2
255 213 113 2
253 212 107 2
249 212 106 2
247 212 108 2
253 220 117 2
255 226 125 2
252 219 122 2
255 222 124 2
255 218 112 2
249 211 110 2
247 211 127 2
255 230 149 2
253 221 134 2
248 218 128 2
249 219 131 2
255 232 145 2
255 224 135 2
248 212 116 2
255 217 108 2
255 216 104 2
244 196 88 2
250 203 97 2
255 220 115 2
255 229 122 2
250 210 96 2
255 213 96 2
255 207 95 2
238 175 69 1
245 170 69 1
255 186 94 1
233 146 66 1
178 86 9 1
234 131 52 1
252 151 73 1
241 155 78 1
214 138 63 1
198 121 49 1
225 146 71 1
254 163 82 1
218 127 54 1
188 108 59 1
194 116 77 1
158 75 33 1
205 119 68 1
246 163 97 1
250 168 94 1
197 118 41 1
227 155 73 1
229 168 85 1
163 115 49 1
60 29 1 1
89 65 53 2
62 36 21 1
84 45 12 1
108 47 0 1
255 191 104 2
236 162 63 1
222 143 40 1
255 182 86 1
231 143 46 1
237 161 63 1
220 146 51 1
237 148 68 1
182 95 24 1
209 135 70 1
239 165 104 2
193 100 41 1
204 102 38 1
241 135 61 1
223 123 38 1
221 130 39 1
251 167 69 1
242 163 58 1
255 206 98 2
255 203 96 2
255 196 93 2
237 153 55 1
213 122 31 1
187 106 17 1
254 168 81 1
243 142 50 1
244 142 44 1
247 158 54 1
255 182 70 1
255 198 77 1
220 155 37 1
195 112 10 1
255 178 82 1
255 176 76 1
255 160 60 1
248 149 56 1
245 145 57 1
232 132 46 1
255 173 80 1
255 201 92 2
255 216 100 2
235 155 42 1
242 153 53 1
188 96 21 1
245 153 86 1
215 127 53 1
208 136 77 1
65 19 0 1
68 25 8 1
126 60 25 1
172 107 67 1
69 27 2 1
21 2 0 1
37 37 35 2
34 44 45 2
26 32 32 2
26 28 25 1
24 19 15 1
203 139 93 2
84 18 0 1
182 110 62 1
182 115 70 1
146 93 53 1
133 81 41 1
149 91 43 1
194 133 68 1
229 167 80 1
255 196 102 2
221 147 60 1
244 167 87 1
206 132 59 1
228 156 84 1
247 173 102 2
225 153 77 1
255 193 112 2
216 149 68 1
241 168 91 1
228 156 82 1
255 221 148 2
255 200 123 2
255 191 110 2
198 125 46 1
238 162 87 1
236 163 86 1
229 163 77 1
236 177 87 1
255 215 127 2
255 214 127 2
255 209 122 2
221 171 84 2
255 234 151 2
255 211 128 2
255 192 106 2
204 127 45 1
220 133 56 1
231 144 65 1
240 169 79 1
255 209 107 2
248 196 87 1
255 222 118 2
255 218 130 2
253 215 130 2
244 205 112 2
242 204 105 2
242 209 106 2
249 217 116 2
244 215 115 2
249 219 121 2
253 220 123 2
242 208 111 2
255 220 126 2
247 212 122 2
254 221 142 2
255 229 152 2
255 225 141 2
248 212 124 2
251 219 132 2
250 219 128 2
253 221 122 2
255 223 116 2
251 213 102 2
255 214 102 2
255 211 103 2
255 224 119 2
246 207 104 2
247 210 106 2
246 208 101 2
247 200 92 2
255 222 115 2
238 169 65 1
216 142 37 1
246 167 66 1
245 160 69 1
245 151 64 1
211 107 22 1
237 131 47 1
252 152 64 1
254 162 75 1
233 151 65 1
251 169 83 1
255 164 75 1
233 143 65 1
161 84 30 1
143 70 29 1
132 55 13 1
233 150 96 1
236 145 66 1
191 100 9 1
201 117 27 1
246 172 83 1
226 164 77 1
161 108 38 1
84 38 2 1
71 29 5 1
110 65 34 1
132 84 38 1
157 100 29 1
201 142 50 1
255 200 95 2
255 191 83 1
236 152 53 1
238 152 53 1
255 192 88 1
255 187 92 1
230 153 81 1
148 74 11 1
142 74 9 1
179 106 38 1
186 93 23 1
231 128 53 1
240 134 50 1
229 128 38 1
255 183 87 1
255 186 83 1
246 178 67 1
248 188 74 1
255 206 95 2
246 188 81 1
228 144 48 1
221 131 35 1
255 179 80 1
247 165 66 1
234 135 42 1
246 146 50 1
255 172 66 1
242 165 51 1
255 214 92 2
255 189 72 1
243 166 60 1
250 164 63 1
233 141 38 1
247 151 48 1
255 168 68 1
222 125 28 1
230 137 42 1
255 183 86 1
255 212 109 2
254 200 94 2
255 193 87 1
255 191 91 1
189 97 14 1
246 149 70 1
254 152 67 1
226 135 64 1
125 60 22 1
141 78 47 1
242 159 105 2
242 156 99 1
142 74 29 1
184 138 104 2
36 18 0 1
38 32 18 1
52 43 38 1
57 47 45 2
43 38 34 1
255 180 105 2
191 115 40 1
204 127 55 1
237 162 94 1
246 172 109 2
209 140 75 1
237 173 99 2
255 203 118 2
255 201 104 2
237 174 71 1
242 180 77 1
255 196 98 2
223 150 58 1
242 169 90 1
218 157 92 2
134 79 15 1
216 154 79 1
247 180 101 2
255 179 101 2
221 146 65 1
247 182 98 2
221 161 75 1
217 154 74 1
181 116 36 1
213 151 64 1
225 165 77 1
223 166 79 1
219 163 78 1
255 213 125 2
252 200 114 2
249 197 111 2
255 204 120 2
247 190 109 2
255 202 119 2
240 173 84 1
231 155 69 1
235 152 74 1
215 134 55 1
255 212 122 2
255 201 108 2
228 157 69 1
204 136 53 1
234 181 101 2
227 184 105 2
237 199 114 2
255 230 142 2
255 223 136 2
247 210 122 2
234 188 100 2
253 208 117 2
246 205 113 2
255 222 132 2
251 221 135 2
251 224 145 2
248 219 149 2
255 224 153 2
255 214 132 2
255 220 131 2
252 218 121 2
239 210 108 2
248 222 112 2
247 220 107 2
254 221 108 2
252 214 103 2
253 213 100 2
255 218 107 2
251 215 105 2
247 212 108 2
245 210 110 2
255 228 130 2
255 198 100 2
255 182 82 1
239 160 55 1
245 164 59 1
220 130 34 1
255 159 68 1
255 155 63 1
225 121 32 1
201 102 17 1
255 175 87 1
248 167 76 1
245 166 73 1
255 176 85 1
192 107 24 1
177 99 33 1
152 77 20 1
117 38 0 1
255 169 110 2
255 163 93 1
226 129 48 1
229 152 60 1
233 167 70 1
235 169 72 1
226 160 73 1
184 119 53 1
183 117 59 1
190 116 53 1
214 146 75 1
132 77 0 1
244 195 102 2
255 212 110 2
250 191 87 1
236 162 65 1
255 201 106 2
255 185 86 1
233 165 80 1
158 111 59 1
81 43 4 1
71 31 0 1
211 157 97 2
255 196 118 2
255 168 78 1
241 142 51 1
233 135 44 1
189 104 11 1
255 188 86 1
249 188 71 1
255 204 85 1
255 211 100 2
255 191 90 1
180 95 2 1
197 107 11 1
239 158 51 1
255 174 68 1
255 162 69 1
251 148 56 1
236 137 33 1
231 141 27 1
255 189 71 1
255 196 78 1
255 195 83 1
244 170 61 1
232 146 37 1
235 146 44 1
232 147 57 1
245 161 73 1
230 144 45 1
249 171 71 1
255 219 131 2
255 221 138 2
237 153 65 1
255 168 81 1
214 118 31 1
241 144 63 1
203 102 30 1
182 86 25 1
189 101 53 1
161 75 28 1
209 118 63 1
226 133 72 1
233 138 74 1
204 120 58 1
152 92 40 1
81 37 0 1
84 43 23 1
61 34 27 1
49 40 41 2
255 177 85 1
255 180 88 1
230 154 66 1
255 215 131 2
255 184 104 2
187 116 38 1
221 162 82 1
234 179 96 2
254 196 112 2
233 173 85 1
255 208 118 2
255 205 115 2
237 169 88 1
240 176 105 2
255 218 161 2
150 103 47 1
212 157 90 2
253 189 117 2
191 121 49 1
214 145 68 1
251 188 108 2
255 202 121 2
199 140 70 1
253 196 125 2
249 196 118 2
212 157 75 1
192 135 58 1
198 140 66 1
245 190 110 2
237 182 102 2
255 217 138 2
253 194 118 2
193 134 64 1
208 146 73 1
213 145 64 1
255 196 114 2
192 116 40 1
249 178 100 2
217 155 72 1
206 141 59 1
180 102 27 1
218 140 66 1
250 186 112 2
255 204 125 2
237 195 113 2
255 224 140 2
255 219 138 2
255 224 141 2
224 170 84 1
250 196 108 2
241 195 107 2
255 224 140 2
255 230 156 2
241 218 151 2
251 226 162 2
255 236 169 2
253 212 130 2
255 212 118 2
255 223 118 2
243 211 100 2
247 223 113 2
242 219 107 2
243 211 100 2
255 226 114 2
244 211 96 2
253 217 103 2
255 227 118 2
247 208 105 2
244 208 111 2
255 222 126 2
202 130 32 1
242 159 57 1
255 189 83 1
227 144 42 1
255 168 78 1
251 157 70 1
255 162 72 1
238 144 54 1
203 108 24 1
249 161 74 1
240 161 69 1
234 158 64 1
232 151 60 1
255 176 89 1
255 185 105 2
227 159 84 1
209 139 67 1
182 104 32 1
206 108 37 1
242 145 68 1
255 186 96 1
255 190 95 2
255 213 124 2
241 167 82 1
255 194 110 2
211 139 55 1
231 155 67 1
222 151 63 1
255 209 127 2
255 211 125 2
255 218 116 2
200 143 38 1
229 157 59 1
231 150 58 1
255 179 85 1
207 140 62 1
75 40 0 1
74 49 19 1
81 47 2 1
214 166 104 2
255 195 118 2
186 102 14 1
249 156 63 1
246 153 58 1
226 143 49 1
255 201 97 2
255 216 97 2
228 176 54 1
255 203 91 2
218 146 44 1
246 155 64 1
255 179 85 1
248 161 55 1
250 163 57 1
217 118 24 1
250 145 53 1
228 126 25 1
247 155 46 1
243 163 48 1
213 144 27 1
255 200 84 1
249 184 68 1
254 181 68 1
255 181 77 1
255 205 116 2
142 68 0 1
246 167 66 1
249 174 73 1
249 187 100 2
210 147 70 1
173 96 26 1
197 110 39 1
237 144 64 1
255 164 82 1
239 143 69 1
190 96 34 1
228 141 88 1
200 112 64 1
152 61 6 1
226 131 67 1
165 61 0 1
221 124 47 1
255 186 111 2
229 165 103 2
171 112 72 1
181 140 120 2
63 52 48 2
255 182 87 1
255 190 95 2
233 160 65 1
248 179 86 1
255 221 134 2
188 129 51 1
159 111 45 1
215 173 115 2
164 118 68 1
146 94 44 1
220 157 104 2
165 102 51 1
172 118 72 1
173 126 82 2
222 180 132 2
202 159 108 2
248 197 142 2
243 187 130 2
198 139 81 1
202 147 83 2
241 188 122 2
220 169 106 2
192 142 91 2
170 120 71 1
206 156 105 2
153 98 42 1
244 179 123 2
214 148 88 1
199 144 79 1
217 160 93 2
244 175 108 2
218 148 86 1
169 109 57 1
148 91 38 1
187 121 60 1
217 150 82 1
225 161 90 2
255 201 130 2
207 144 75 1
255 213 143 2
232 158 87 1
234 156 82 1
255 181 106 2
200 133 55 1
238 188 103 2
255 231 143 2
255 218 131 2
243 193 106 2
228 173 82 1
252 198 108 2
242 198 111 2
255 225 148 2
255 231 174 2
255 235 185 2
255 230 173 2
252 225 156 2
247 215 130 2
254 216 117 2
255 212 97 2
247 206 90 2
249 221 121 2
248 224 124 2
250 216 109 2
249 213 101 2
255 223 110 2
255 225 115 2
251 202 100 2
222 172 75 1
255 219 116 2
255 214 109 2
250 189 83 1
255 193 86 1
255 185 79 1
228 141 46 1
227 141 68 1
182 99 29 1
249 168 87 1
255 193 107 2
204 115 31 1
214 128 43 1
229 151 66 1
221 145 59 1
209 127 41 1
246 171 80 1
252 193 99 2
253 203 106 2
235 185 88 2
229 168 79 1
180 97 19 1
246 156 78 1
255 179 93 1
252 174 92 1
185 103 43 1
190 112 50 1
235 169 82 1
190 133 30 1
240 187 81 1
255 218 121 2
245 177 106 2
167 97 25 1
248 188 90 1
241 178 72 1
184 104 5 1
238 151 58 1
255 194 103 2
195 127 56 1
85 41 4 1
88 52 18 1
140 95 36 1
251 192 124 2
216 140 78 1
182 95 26 1
244 156 67 1
255 181 82 1
254 179 77 1
252 188 78 1
255 210 89 2
242 194 70 1
255 204 91 2
225 150 49 1
233 133 45 1
231 127 38 1
235 142 46 1
220 131 31 1
227 128 27 1
240 138 38 1
244 148 48 1
250 164 61 1
251 183 74 1
251 191 77 1
255 202 86 1
241 185 66 1
255 201 84 1
255 225 114 2
255 201 100 2
174 108 11 1
217 143 44 1
255 191 89 1
230 165 65 1
239 179 93 2
126 69 16 1
158 94 48 1
236 155 90 1
244 154 76 1
255 169 83 1
222 143 66 1
187 125 78 1
123 60 19 1
148 63 9 1
213 118 54 1
205 108 37 1
245 158 78 1
243 173 85 1
218 156 71 1
223 158 92 2
179 131 85 2
55 39 16 1
252 186 100 2
243 177 90 1
231 164 73 1
238 174 84 1
242 184 102 2
210 157 89 2
135 89 40 1
152 110 72 2
133 93 58 1
130 81 49 1
205 142 111 2
177 116 85 2
136 90 64 1
145 106 75 2
150 108 68 1
141 97 52 1
176 125 80 2
159 107 60 1
197 146 99 2
152 102 53 1
162 111 58 1
144 94 45 1
153 108 67 1
147 103 66 1
141 98 63 1
148 100 64 1
192 130 93 2
180 117 74 1
162 110 62 1
171 118 66 1
217 151 99 2
213 147 99 2
165 113 74 1
174 125 85 2
188 130 84 2
223 162 107 2
225 166 106 2
193 134 74 1
196 135 80 1
218 153 95 2
232 159 91 1
238 161 89 1
252 174 102 2
234 165 88 1
244 188 105 2
223 175 90 2
255 209 127 2
255 229 145 2
255 217 128 2
249 204 113 2
251 213 132 2
250 217 146 2
255 232 176 2
251 230 177 2
255 231 171 2
248 221 150 2
251 223 139 2
251 217 119 2
255 216 102 2
251 211 100 2
249 220 128 2
255 232 142 2
250 217 122 2
247 212 108 2
242 205 98 2
253 212 106 2
255 209 112 2
248 195 99 2
255 217 113 2
255 217 110 2
255 206 98 2
230 159 51 1
217 136 29 1
251 166 73 1
188 105 35 1
163 85 21 1
255 194 119 2
213 138 57 1
246 163 85 1
247 165 83 1
251 175 89 1
234 158 72 1
255 191 109 2
255 200 113 2
249 194 93 2
252 205 99 2
255 217 112 2
255 216 119 2
200 127 50 1
236 153 83 1
184 103 22 1
255 185 110 2
179 103 45 1
173 105 42 1
231 177 87 2
253 210 105 2
255 221 113 2
255 222 124 2
170 104 30 1
187 117 45 1
243 187 90 2
255 201 94 2
254 176 76 1
245 162 68 1
247 170 82 1
224 156 85 1
191 134 91 2
122 69 27 1
164 107 40 1
234 168 94 2
138 58 0 1
190 105 40 1
241 160 71 1
224 146 45 1
240 168 60 1
254 193 78 1
255 219 101 2
255 212 93 2
255 210 99 2
241 168 65 1
239 146 51 1
254 157 63 1
255 210 113 2
237 153 54 1
250 161 57 1
255 188 82 1
255 173 69 1
210 137 32 1
255 199 89 1
255 204 90 2
255 213 95 2
230 179 61 1
242 197 78 1
255 211 96 2
255 212 106 2
233 176 73 1
210 148 45 1
255 206 101 2
255 210 101 2
224 169 79 1
86 42 0 1
126 80 47 1
149 85 39 1
179 104 37 1
222 143 51 1
255 206 116 2
174 118 61 1
106 45 0 1
216 136 75 1
215 122 53 1
239 145 71 1
255 188 105 2
230 161 66 1
255 197 101 2
224 159 75 1
110 53 0 1
136 98 51 1
208 143 87 2
200 136 72 1
252 193 113 2
249 192 113 2
198 143 79 1
207 153 106 2
172 119 88 2
142 95 69 2
171 126 95 2
183 137 103 2
165 110 79 2
165 112 81 2
165 126 97 2
147 110 81 2
173 128 95 2
173 123 88 2
181 129 92 2
175 123 86 2
164 114 77 2
157 108 68 1
183 128 87 2
184 131 91 2
159 115 76 2
154 116 80 2
133 99 71 2
170 134 110 2
141 95 72 2
160 112 89 2
176 133 101 2
175 132 97 2
176 126 89 2
184 136 100 2
164 125 94 2
165 129 97 2
165 121 82 2
175 124 81 2
175 118 73 1
177 119 73 1
177 121 74 1
184 123 69 1
227 158 91 1
216 144 72 1
221 152 83 1
219 155 84 1
214 155 79 1
250 197 121 2
255 215 146 2
255 216 142 2
246 212 125 2
255 225 139 2
255 231 162 2
247 217 153 2
239 212 145 2
255 232 162 2
251 224 157 2
251 223 150 2
253 222 139 2
248 217 124 2
250 218 119 2
247 214 117 2
250 222 138 2
254 227 148 2
255 232 154 2
255 224 138 2
236 188 90 2
248 196 94 2
249 205 108 2
250 206 109 2
255 220 118 2
255 200 97 2
241 179 76 1
212 143 39 1
244 167 59 1
212 132 33 1
175 98 16 1
202 125 55 1
255 181 113 2
229 154 86 1
164 83 17 1
218 139 64 1
255 188 97 2
251 176 85 1
255 199 123 2
219 142 64 1
219 155 58 1
242 180 77 1
243 179 79 1
253 186 97 2
133 64 0 1
193 122 60 1
215 141 68 1
255 215 134 2
255 198 116 2
248 200 116 2
255 231 141 2
246 212 122 2
255 223 132 2
252 207 116 2
221 169 83 1
247 197 108 2
255 214 114 2
255 219 116 2
255 205 105 2
224 151 56 1
224 154 66 1
195 123 47 1
210 135 78 1
207 132 77 1
154 81 12 1
253 179 104 2
167 87 16 1
232 153 76 1
255 199 107 2
226 157 53 1
240 169 53 1
247 185 66 1
253 211 99 2
255 225 117 2
255 210 102 2
232 165 58 1
255 199 91 1
255 184 77 1
252 184 77 1
210 143 36 1
244 178 68 1
247 184 71 1
255 198 83 1
238 181 65 1
251 196 80 1
250 199 81 1
241 192 73 1
255 216 95 2
252 211 93 2
255 215 101 2
255 217 109 2
251 204 96 2
233 187 76 1
255 223 112 2
239 187 75 1
249 200 107 2
77 40 0 1
137 100 71 2
112 68 41 1
77 25 0 1
227 163 73 1
255 210 109 2
182 109 32 1
209 132 64 1
255 176 101 2
205 118 38 1
222 123 40 1
255 164 77 1
216 146 51 1
255 221 124 2
208 149 55 1
255 194 106 2
213 136 58 1
150 94 57 1
173 121 74 1
224 176 114 2
214 168 108 2
140 93 49 1
168 123 92 2
170 127 110 2
188 149 132 2
203 169 144 2
208 174 146 2
165 128 101 2
211 177 150 2
170 149 122 2
122 98 72 2
154 117 91 2
142 98 71 2
161 117 88 2
158 115 83 2
155 114 82 2
138 95 61 1
145 100 67 1
136 93 59 1
135 99 67 2
138 107 78 2
128 101 74 2
124 96 74 2
146 111 91 2
150 114 90 2
132 95 68 2
128 87 55 1
141 97 62 1
132 89 54 1
131 95 63 2
151 115 83 2
142 99 67 1
135 89 55 1
157 107 72 1
168 118 83 2
160 112 74 2
177 124 80 2
229 166 112 2
238 172 111 2
249 187 126 2
215 154 89 2
233 169 98 2
227 167 95 2
209 158 92 2
255 227 155 2
241 205 117 2
255 222 135 2
255 237 168 2
253 212 146 2
255 215 135 2
255 215 133 2
255 227 152 2
238 201 123 2
255 228 140 2
246 211 117 2
255 225 128 2
250 219 126 2
253 225 142 2
255 231 153 2
241 207 133 2
255 222 142 2
244 191 99 2
253 199 101 2
243 196 104 2
255 224 129 2
244 194 97 2
232 177 76 1
254 189 89 1
242 170 70 1
255 196 94 2
255 204 109 2
223 150 71 1
225 153 81 1
168 99 32 1
254 183 117 2
225 147 81 1
228 150 76 1
249 173 85 1
255 181 95 1
223 143 74 1
195 116 47 1
245 175 87 1
237 168 73 1
253 182 90 1
241 173 90 1
228 164 102 2
207 142 84 1
178 111 43 1
255 204 124 2
255 212 121 2
255 224 129 2
255 232 145 2
248 216 133 2
255 228 145 2
255 220 133 2
255 229 137 2
252 216 120 2
251 218 125 2
253 217 123 2
255 215 116 2
226 168 68 1
255 203 107 2
235 171 84 1
161 89 17 1
234 161 92 1
216 145 67 1
234 163 81 1
189 116 39 1
255 206 123 2
243 184 90 1
253 196 91 1
248 183 65 1
248 189 69 1
254 218 106 2
252 215 108 2
239 183 74 1
255 198 88 1
255 208 95 2
231 171 59 1
255 210 101 2
255 215 105 2
255 206 93 2
255 225 109 2
255 211 91 2
255 215 95 2
255 212 94 2
219 168 50 1
254 205 84 1
255 223 100 2
246 204 83 1
255 219 101 2
255 216 104 2
233 193 82 2
249 209 96 2
255 217 105 2
255 218 107 2
240 189 97 2
99 57 0 1
186 147 108 2
171 128 94 2
115 65 14 1
253 196 106 2
219 152 48 1
255 179 91 1
255 195 114 2
255 182 101 2
242 153 69 1
215 121 33 1
246 157 67 1
255 205 113 2
219 159 63 1
255 217 118 2
255 206 106 2
255 168 71 1
156 117 88 2
152 116 82 2
124 92 54 1
157 129 92 2
155 128 101 2
132 110 89 2
165 147 133 2
169 157 143 2
181 172 155 2
180 173 154 2
180 172 153 2
157 155 134 2
145 153 130 2
137 140 119 2
128 113 94 2
128 103 81 2
123 102 75 2
118 95 64 2
121 94 65 2
131 106 76 2
137 120 92 2
132 116 90 2
134 114 89 2
120 96 72 2
137 107 81 2
130 101 71 2
136 110 75 2
140 110 72 2
156 118 79 2
205 160 118 2
181 133 85 2
180 129 82 2
172 123 83 2
159 109 76 2
162 111 80 2
166 119 91 2
147 112 84 2
139 108 80 2
140 105 77 2
143 102 70 2
145 97 61 1
167 114 72 1
189 133 84 2
235 175 115 2
255 190 120 2
233 165 90 1
243 189 115 2
255 226 144 2
237 182 89 2
255 199 104 2
255 221 138 2
234 171 91 2
224 153 65 1
255 191 103 2
253 195 113 2
241 191 106 2
238 190 92 2
246 201 98 2
255 214 111 2
247 207 111 2
255 229 145 2
253 218 136 2
250 206 117 2
255 214 122 2
255 214 124 2
255 215 126 2
247 190 103 2
248 193 103 2
248 203 110 2
255 207 112 2
246 173 79 1
255 192 100 2
255 207 117 2
236 170 86 1
156 85 19 1
187 119 56 1
196 136 64 1
255 202 128 2
233 156 86 1
210 128 55 1
243 166 88 1
221 143 69 1
203 121 61 1
194 114 53 1
240 168 92 1
249 181 98 2
250 183 102 2
221 158 81 1
254 196 132 2
243 187 126 2
255 203 137 2
245 187 113 2
255 211 127 2
255 223 135 2
255 212 127 2
253 211 129 2
255 222 142 2
255 229 147 2
249 215 125 2
255 231 141 2
255 233 157 2
255 225 145 2
255 224 129 2
248 204 99 2
255 208 101 2
237 185 83 1
255 223 135 2
240 192 108 2
219 164 73 1
218 161 71 1
202 146 63 1
255 216 131 2
250 210 115 2
255 218 113 2
252 199 83 1
255 211 92 2
252 223 106 2
255 225 110 2
239 177 64 1
227 155 44 1
255 192 79 1
241 187 78 1
255 214 110 2
255 220 112 2
255 215 101 2
254 215 96 2
241 202 83 2
255 215 97 2
251 204 88 2
248 197 80 1
248 196 78 1
247 195 73 1
255 211 84 1
250 210 86 2
255 224 107 2
247 209 98 2
250 208 100 2
230 181 76 1
255 204 100 2
195 134 43 1
121 67 0 1
241 187 127 2
228 164 102 2
244 177 106 2
244 180 90 1
237 173 75 1
238 169 76 1
255 196 109 2
211 119 36 1
255 166 82 1
255 176 86 1
253 178 85 1
255 199 104 2
225 161 64 1
242 178 80 1
255 214 114 2
255 190 87 1
136 105 77 2
126 100 73 2
131 113 89 2
101 89 67 2
94 83 63 2
113 106 88 2
99 100 84 2
103 107 92 2
81 85 71 2
60 64 49 2
98 102 87 2
62 73 56 2
72 91 72 2
81 96 75 2
94 89 70 2
106 93 74 2
103 92 70 2
102 88 62 2
131 111 86 2
120 103 77 2
100 93 67 2
99 93 67 2
105 89 66 2
106 81 59 2
126 96 70 2
134 105 73 2
138 114 76 2
128 100 60 2
141 102 61 1
130 83 39 1
151 99 51 1
169 113 64 1
175 114 70 1
169 109 72 1
154 99 68 1
146 101 72 2
129 99 73 2
119 93 68 2
130 99 70 2
144 108 76 2
176 131 100 2
201 151 116 2
150 96 52 1
211 149 98 2
229 160 95 2
236 169 98 2
235 182 106 2
227 176 93 2
236 180 87 1
241 180 87 1
252 195 106 2
246 184 97 2
211 135 47 1
231 155 69 1
225 162 83 1
255 207 124 2
239 193 99 2
242 199 97 2
253 207 109 2
234 190 95 2
255 226 138 2
249 205 116 2
244 191 97 2
242 187 94 2
246 198 113 2
255 216 136 2
238 172 96 2
237 174 97 2
249 201 119 2
251 199 115 2
245 170 87 1
234 153 72 1
255 184 106 2
177 110 40 1
229 160 101 2
244 178 120 2
222 162 92 2
246 186 113 2
179 109 40 1
215 138 70 1
204 125 56 1
196 115 49 1
216 135 79 1
238 159 102 2
255 186 116 2
233 167 93 2
255 191 123 2
246 185 120 2
214 156 93 2
175 117 54 1
182 123 57 1
161 102 32 1
194 135 57 1
235 176 96 2
238 179 103 2
217 161 84 1
241 195 117 2
248 210 127 2
241 207 118 2
251 221 133 2
243 214 138 2
255 226 146 2
255 226 130 2
254 217 113 2
246 197 92 2
252 200 99 2
255 232 142 2
255 217 130 2
249 202 112 2
255 224 136 2
242 201 119 2
255 227 143 2
249 216 119 2
248 214 106 2
247 204 91 2
255 216 100 2
247 221 108 2
250 220 108 2
255 201 88 1
254 188 76 1
255 203 91 2
255 208 99 2
240 197 93 2
254 216 109 2
255 223 106 2
244 208 86 2
239 203 89 2
255 227 116 2
255 215 102 2
255 218 103 2
255 203 87 1
237 185 63 1
255 213 88 2
249 204 79 1
254 213 95 2
252 212 101 2
255 224 119 2
249 204 103 2
255 216 119 2
237 177 89 1
204 146 73 1
240 181 113 2
233 165 90 1
254 186 103 2
247 186 97 2
255 223 130 2
255 196 102 2
245 170 77 1
255 169 81 1
255 177 90 1
255 207 117 2
197 130 39 1
245 174 82 1
247 174 80 1
255 192 97 2
233 163 67 1
255 194 97 2
141 107 79 2
126 102 76 2
100 94 72 2
68 69 51 2
77 80 59 2
73 81 58 2
56 68 44 2
70 82 60 2
64 71 53 2
73 77 60 2
80 83 66 2
76 80 63 2
73 82 65 2
76 84 63 2
100 96 71 2
104 93 71 2
120 109 91 2
100 87 70 2
117 98 81 2
128 110 90 2
125 109 84 2
113 96 70 2
135 111 87 2
137 109 85 2
138 108 82 2
133 106 77 2
109 84 53 1
137 108 74 2
142 102 67 2
153 103 68 1
142 86 49 1
164 101 60 1
190 121 79 1
194 130 86 2
159 106 66 1
146 103 69 2
149 118 89 2
142 113 83 2
165 127 91 2
196 151 112 2
202 149 107 2
208 151 108 2
244 185 145 2
241 180 135 2
226 163 110 2
198 138 76 1
215 165 96 2
237 191 114 2
224 179 98 2
255 219 133 2
249 212 123 2
255 228 142 2
249 196 118 2
255 199 128 2
216 166 97 2
255 216 144 2
255 219 139 2
247 215 130 2
255 227 143 2
233 193 105 2
255 214 119 2
255 201 104 2
255 214 122 2
245 188 101 2
241 186 106 2
234 174 102 2
200 129 65 1
210 138 79 1
226 166 103 2
255 204 139 2
241 166 99 2
231 152 86 1
227 153 92 1
208 137 81 1
250 183 128 2
228 162 104 2
255 192 133 2
208 144 83 1
184 125 65 1
152 88 27 1
217 139 77 1
183 99 37 1
199 120 61 1
201 127 66 1
233 166 96 2
218 155 88 2
213 150 96 2
195 132 81 1
237 172 116 2
231 165 105 2
230 165 101 2
223 156 88 1
208 140 69 1
237 167 97 2
228 154 91 1
216 146 77 1
230 165 85 1
250 196 110 2
255 227 139 2
241 210 120 2
250 216 126 2
253 220 127 2
255 225 127 2
255 219 124 2
243 186 99 2
247 184 104 2
245 190 108 2
255 216 136 2
255 216 138 2
255 225 149 2
255 239 165 2
255 234 149 2
249 216 111 2
255 223 109 2
255 219 108 2
254 220 113 2
249 224 123 2
253 228 127 2
255 221 114 2
242 199 87 2
255 217 106 2
244 193 84 1
252 208 103 2
253 209 100 2
255 211 92 2
248 203 84 1
255 223 118 2
255 228 127 2
255 221 113 2
255 212 97 2
255 208 92 2
240 191 72 1
255 218 99 2
242 187 70 1
250 197 83 1
255 212 104 2
255 222 124 2
253 220 125 2
255 221 129 2
255 216 134 2
195 144 79 1
200 146 84 2
246 192 118 2
255 210 127 2
255 227 141 2
231 174 84 1
255 221 125 2
255 195 97 2
255 208 113 2
255 194 101 2
250 189 100 2
221 157 70 1
230 154 68 1
255 201 115 2
215 135 48 1
246 166 79 1
222 137 56 1
123 97 70 2
104 86 62 2
76 77 61 2
76 87 73 2
79 94 75 2
60 79 57 2
77 101 75 2
83 106 80 2
86 98 78 2
80 87 71 2
76 80 65 2
109 113 99 2
97 101 87 2
108 106 91 2
99 91 68 2
98 86 62 2
101 90 72 2
85 73 57 2
80 64 48 2
97 79 59 2
95 73 50 1
106 80 57 2
119 93 70 2
125 101 77 2
96 78 56 2
125 110 89 2
117 102 79 2
112 95 69 2
138 111 82 2
139 104 74 2
165 124 96 2
183 137 104 2
181 131 96 2
140 95 56 1
136 102 65 2
152 128 94 2
120 103 75 2
107 90 62 2
145 122 90 2
146 114 76 2
160 117 75 2
220 171 130 2
185 135 98 2
204 152 113 2
193 139 93 2
186 130 79 1
196 144 86 2
242 197 132 2
225 185 113 2
249 216 135 2
247 217 129 2
251 219 134 2
239 195 122 2
255 210 144 2
255 218 152 2
255 224 157 2
250 210 138 2
254 215 138 2
255 224 145 2
255 222 135 2
247 189 90 1
247 183 85 1
248 182 95 2
210 143 64 1
205 137 66 1
213 142 76 1
214 135 78 1
186 109 55 1
190 120 68 1
220 151 96 2
233 157 97 2
218 142 82 1
197 124 73 1
211 141 90 2
205 140 86 1
220 154 96 2
207 135 76 1
185 115 55 1
174 111 57 1
184 117 62 1
235 151 91 1
211 123 60 1
194 114 53 1
230 156 95 2
243 174 107 2
200 134 74 1
173 109 65 1
175 108 66 1
221 147 98 2
213 138 81 1
206 136 77 1
225 155 95 2
211 136 78 1
200 124 66 1
207 130 74 1
211 133 71 1
242 164 92 1
203 136 57 1
224 175 96 2
254 214 129 2
255 216 126 2
253 214 119 2
243 208 116 2
237 197 109 2
176 119 42 1
253 191 118 2
241 183 109 2
200 151 75 1
255 220 148 2
255 229 156 2
251 230 151 2
252 229 136 2
253 219 109 2
255 224 109 2
249 215 107 2
255 224 121 2
255 227 125 2
249 220 116 2
247 215 106 2
255 223 112 2
236 190 79 1
255 215 105 2
255 218 111 2
243 199 90 2
245 195 80 1
216 170 58 1
255 241 144 2
253 220 125 2
255 218 113 2
255 225 117 2
250 198 88 1
255 212 102 2
247 181 71 1
223 155 46 1
244 179 75 1
252 194 94 2
255 226 132 2
255 228 140 2
252 214 131 2
181 143 72 2
131 91 39 1
177 137 88 2
187 147 86 2
156 113 45 1
196 149 81 2
239 183 109 2
227 159 78 1
242 172 87 1
229 167 82 1
223 166 85 1
177 125 50 1
255 209 135 2
231 165 91 2
242 170 96 2
227 153 80 1
255 183 113 2
247 163 101 2
103 91 69 2
86 79 61 2
76 79 70 2
73 86 77 2
64 86 73 2
65 96 78 2
38 76 53 2
42 76 52 2
60 78 62 2
77 89 75 2
59 69 58 2
72 79 71 2
68 67 62 2
77 68 61 2
88 70 56 2
116 99 79 2
122 111 89 2
101 93 70 2
100 92 69 2
99 84 63 2
123 96 75 2
168 140 119 2
113 95 73 2
85 77 58 2
79 81 67 2
76 84 71 2
71 77 65 2
80 82 68 2
81 83 62 2
100 98 73 2
104 96 73 2
113 105 82 2
107 102 82 2
102 101 81 2
94 98 75 2
94 99 76 2
96 105 84 2
82 95 75 2
83 101 79 2
104 113 86 2
146 132 97 2
169 143 106 2
154 125 93 2
152 118 83 2
154 112 72 2
166 115 72 1
179 121 81 2
203 150 100 2
246 207 138 2
254 223 143 2
254 224 138 2
253 218 134 2
254 210 135 2
218 174 103 2
255 221 150 2
255 215 143 2
232 174 101 2
228 162 86 1
236 174 91 2
245 184 95 2
250 190 92 2
250 187 92 1
242 171 89 1
219 141 69 1
233 148 84 1
234 145 85 1
207 121 60 1
199 117 59 1
193 117 65 1
198 122 70 1
192 114 50 1
204 129 64 1
217 147 95 2
202 136 88 2
197 134 81 1
202 136 76 1
186 109 41 1
201 120 54 1
214 132 76 1
221 134 80 1
241 146 82 1
244 149 83 1
187 101 42 1
210 130 71 1
229 150 91 1
222 147 92 1
192 118 79 1
206 130 94 2
219 132 87 1
197 111 62 1
190 112 66 1
178 103 61 1
190 115 73 1
188 114 67 1
187 114 63 1
206 129 73 1
197 113 53 1
226 146 83 1
255 203 138 2
255 206 136 2
228 175 99 2
255 207 128 2
251 209 127 2
255 223 143 2
255 219 142 2
240 191 115 2
228 178 105 2
195 148 76 1
255 225 154 2
255 227 148 2
250 217 120 2
249 215 107 2
255 222 108 2
248 215 100 2
247 216 110 2
255 228 121 2
255 215 101 2
251 209 91 2
254 209 94 2
255 213 98 2
248 202 90 2
255 223 113 2
244 206 99 2
241 203 96 2
254 216 107 2
254 217 113 2
255 222 130 2
255 224 132 2
251 211 113 2
255 204 103 2
246 177 82 1
238 159 64 1
255 184 85 1
240 157 61 1
249 170 78 1
227 153 66 1
249 183 97 2
254 197 116 2
238 193 125 2
129 98 43 1
119 99 62 2
125 106 74 2
138 112 77 2
142 108 71 2
165 121 82 2
168 111 68 1
209 137 89 1
171 100 48 1
180 120 68 1
178 131 79 2
197 157 108 2
161 125 75 2
182 143 88 2
183 138 83 2
219 166 114 2
203 142 97 2
201 137 99 2
83 84 70 2
61 63 52 2
77 83 79 2
62 77 72 2
49 72 64 2
38 70 57 2
33 72 53 2
36 71 51 2
49 70 55 2
64 76 64 2
53 65 55 2
88 93 86 2
104 95 90 2
117 102 95 2
122 104 90 2
111 96 75 2
88 82 58 2
80 76 51 2
90 86 61 2
96 85 65 2
126 105 88 2
114 95 80 2
93 86 68 2
79 83 68 2
55 71 58 2
48 68 57 2
58 74 64 2
68 81 71 2
75 89 74 2
59 72 54 2
67 74 56 2
71 78 62 2
66 80 67 2
72 90 76 2
79 97 83 2
67 85 69 2
77 94 76 2
85 103 87 2
88 109 94 2
109 122 104 2
122 115 86 2
155 139 106 2
126 111 80 2
124 104 71 2
142 105 63 1
216 169 127 2
183 125 88 2
187 133 87 2
245 201 136 2
255 225 149 2
243 211 138 2
245 208 137 2
244 199 131 2
255 220 150 2
255 217 145 2
251 203 131 2
193 128 60 1
255 180 112 2
205 129 53 1
241 169 85 1
236 169 80 1
255 205 115 2
230 159 81 1
193 116 46 1
205 121 57 1
209 124 60 1
255 175 110 2
230 149 86 1
197 122 67 1
178 105 50 1
212 137 69 1
209 136 68 1
229 162 107 2
159 96 45 1
210 147 94 2
255 211 150 2
255 181 105 2
255 173 97 1
208 123 58 1
194 104 41 1
219 127 54 1
240 149 76 1
249 166 100 1
230 150 89 1
210 130 71 1
220 140 89 1
190 115 75 1
180 102 63 1
208 118 68 1
183 93 43 1
201 122 83 1
185 111 74 1
215 140 100 2
214 140 93 2
249 178 122 2
212 137 79 1
188 106 48 1
213 134 75 1
220 152 91 2
213 152 87 2
235 176 106 2
255 205 131 2
255 226 150 2
243 200 122 2
254 215 136 2
255 219 140 2
255 220 142 2
255 231 153 2
255 229 148 2
255 224 134 2
255 227 124 2
255 215 104 2
255 217 104 2
255 223 110 2
253 220 113 2
255 225 117 2
255 221 110 2
238 182 69 1
228 172 61 1
255 209 100 2
239 189 78 1
255 210 102 2
254 209 106 2
255 222 120 2
255 221 116 2
254 215 114 2
242 201 113 2
255 216 131 2
245 196 104 2
240 179 88 1
254 176 93 1
237 150 70 1
232 147 66 1
222 139 61 1
248 168 97 1
216 137 68 1
189 112 42 1
204 139 73 1
182 135 79 2
117 88 46 1
113 99 72 2
119 106 87 2
108 86 63 2
120 90 66 2
146 110 86 2
167 121 95 2
189 128 99 2
180 117 84 2
163 113 80 2
147 104 70 2
153 112 80 2
141 103 67 2
138 101 57 1
151 110 66 1
158 109 68 1
156 102 66 1
152 97 66 1
69 80 72 2
66 77 71 2
61 71 70 2
71 85 85 2
62 82 80 2
45 70 64 2
46 72 59 2
50 74 60 2
77 91 78 2
69 79 68 2
81 89 76 2
78 76 64 2
129 109 98 2
116 94 80 2
91 83 60 2
86 86 60 2
88 90 66 2
101 103 81 2
93 91 70 2
84 79 60 2
90 86 74 2
97 99 88 2
77 87 76 2
65 83 71 2
59 80 65 2
57 78 61 2
55 73 59 2
67 81 68 2
69 81 69 2
74 82 71 2
86 90 76 2
75 77 64 2
85 89 74 2
72 80 65 2
78 90 78 2
83 95 83 2
81 85 71 2
90 88 75 2
98 88 76 2
118 101 85 2
166 145 118 2
159 140 108 2
132 123 90 2
112 98 61 2
201 163 116 2
182 134 85 2
151 100 55 1
185 133 83 2
226 172 108 2
255 209 143 2
255 245 191 2
255 231 180 2
192 145 91 2
255 206 146 2
255 209 143 2
243 190 124 2
224 162 103 2
226 157 100 2
206 130 68 1
230 151 82 1
242 164 89 1
230 157 78 1
231 166 86 1
255 194 117 2
181 117 45 1
193 125 54 1
184 107 35 1
244 167 99 2
244 174 114 2
151 86 22 1
241 178 101 2
248 184 110 2
223 158 100 2
154 88 36 1
181 114 59 1
243 174 107 2
240 168 84 1
243 169 80 1
235 160 79 1
255 198 120 2
241 167 82 1
241 169 85 1
233 164 86 1
255 199 127 2
178 102 42 1
214 139 84 1
220 150 99 2
189 116 63 1
237 151 92 1
223 136 82 1
163 88 49 1
193 124 85 1
197 125 75 1
246 174 115 2
255 188 120 2
222 149 80 1
209 139 69 1
231 164 94 2
248 183 117 2
232 169 100 2
217 157 84 1
248 191 114 2
242 185 108 2
255 217 138 2
255 219 139 2
255 233 150 2
245 209 123 2
243 206 115 2
245 209 112 2
255 213 111 2
250 192 92 2
255 202 99 2
245 187 79 1
255 209 99 2
255 226 116 2
232 189 84 2
255 222 125 2
235 170 78 1
234 171 76 1
255 200 100 2
255 194 88 1
255 196 93 2
255 202 112 2
248 187 96 2
245 190 87 1
253 199 99 2
255 223 139 2
255 220 143 2
238 171 90 1
222 147 66 1
255 193 116 2
211 132 63 1
164 90 29 1
159 89 37 1
177 109 60 1
165 97 50 1
169 97 49 1
194 130 84 2
183 136 92 2
121 88 53 1
112 91 72 2
117 98 83 2
128 100 78 2
123 96 69 2
121 97 69 2
121 95 68 2
143 107 81 2
146 106 80 2
141 104 78 2
149 107 82 2
158 104 78 2
170 111 81 2
166 106 69 1
179 117 76 1
178 116 75 1
171 109 68 1
168 106 69 1
56 67 61 2
72 83 79 2
44 56 52 2
47 63 60 2
50 72 69 2
45 68 60 2
53 70 60 2
55 67 57 2
63 68 62 2
68 73 66 2
64 74 65 2
79 83 69 2
94 83 65 2
104 93 73 2
79 82 61 2
63 75 53 2
52 64 44 2
65 74 55 2
100 103 86 2
91 93 79 2
71 79 68 2
72 84 74 2
63 79 69 2
60 78 66 2
58 75 59 2
67 84 65 2
74 91 73 2
88 102 87 2
91 101 90 2
92 100 89 2
92 94 83 2
91 89 76 2
94 88 72 2
107 102 83 2
101 99 84 2
98 95 80 2
98 91 73 2
123 107 91 2
141 115 102 2
128 99 83 2
129 101 79 2
122 101 72 2
114 105 74 2
134 120 83 2
231 197 151 2
178 134 87 2
204 161 119 2
231 184 140 2
231 175 124 2
224 171 119 2
255 220 176 2
234 195 152 2
226 178 132 2
181 126 72 1
242 182 119 2
219 155 91 2
218 153 95 2
162 95 42 1
200 127 72 1
202 126 66 1
211 130 64 1
229 152 80 1
255 200 123 2
244 191 113 2
254 200 126 2
241 181 109 2
202 134 61 1
255 190 117 2
255 201 133 2
184 130 56 1
208 156 72 1
247 192 110 2
185 121 57 1
187 121 63 1
182 120 59 1
233 170 99 2
227 161 75 1
252 187 97 2
255 214 128 2
245 187 103 2
255 205 116 2
234 179 89 2
248 190 108 2
255 212 135 2
200 126 61 1
201 129 70 1
189 126 72 1
169 106 53 1
202 127 72 1
240 166 117 2
153 93 59 1
156 102 68 1
185 124 79 1
202 137 81 1
213 142 78 1
216 143 75 1
223 156 86 1
255 193 125 2
232 164 101 2
255 198 134 2
255 213 144 2
255 206 135 2
252 188 117 2
253 195 121 2
244 198 120 2
255 228 145 2
255 223 136 2
255 216 124 2
250 207 113 2
233 183 88 2
231 167 77 1
255 202 109 2
237 171 75 1
237 178 78 1
255 205 103 2
255 209 114 2
252 181 99 2
227 154 77 1
255 195 114 2
252 185 98 2
246 176 81 1
252 179 85 1
255 189 107 2
198 127 47 1
251 181 93 1
237 173 86 1
226 166 93 2
202 141 74 1
235 164 98 2
255 180 114 2
205 127 61 1
235 159 97 2
213 143 91 2
171 107 61 1
175 110 70 1
178 110 73 1
177 103 64 1
181 116 76 1
174 126 90 2
143 110 79 2
121 95 78 2
117 91 76 2
151 119 94 2
123 92 63 2
117 94 63 2
115 94 65 2
139 115 91 2
113 86 65 2
127 98 80 2
137 100 81 2
164 114 91 2
178 122 95 2
172 119 85 2
171 117 81 2
170 111 77 1
182 126 93 2
172 123 90 2
63 63 55 2
122 125 116 2
76 86 78 2
69 89 78 2
60 90 78 2
48 76 62 2
68 80 68 2
92 93 87 2
86 80 82 2
80 80 82 2
55 71 68 2
53 77 63 2
65 83 61 2
59 74 53 2
49 69 57 2
48 71 61 2
59 83 69 2
63 84 69 2
72 86 71 2
56 68 54 2
44 58 45 2
71 85 72 2
102 110 99 2
69 75 63 2
76 80 65 2
97 104 86 2
83 94 77 2
95 108 90 2
91 99 84 2
100 106 94 2
101 105 91 2
101 98 83 2
127 112 93 2
168 146 123 2
176 150 125 2
156 130 103 2
150 129 102 2
146 124 100 2
124 99 77 2
124 99 79 2
131 106 86 2
146 124 100 2
113 98 69 2
189 170 137 2
221 191 153 2
148 112 78 2
164 126 103 2
177 136 114 2
203 158 127 2
193 145 107 2
216 167 124 2
186 138 92 2
180 131 88 2
187 131 82 2
217 147 85 1
208 133 65 1
226 152 89 1
230 160 101 2
212 146 94 2
184 114 62 1
231 149 89 1
230 153 85 1
255 217 142 2
218 169 92 2
239 180 110 2
232 172 102 2
191 132 62 1
250 198 123 2
255 217 139 2
254 216 131 2
255 222 129 2
255 213 125 2
242 178 106 2
193 128 62 1
143 95 23 1
179 133 56 1
198 143 63 1
231 176 94 2
255 214 136 2
255 227 144 2
255 219 131 2
211 169 83 2
191 138 60 1
255 194 121 2
197 125 53 1
196 127 62 1
212 154 104 2
159 107 67 1
142 86 51 1
144 95 65 1
121 89 66 2
123 92 71 2
165 124 96 2
182 128 92 2
185 119 71 1
230 157 102 2
207 137 77 1
235 165 106 2
222 152 101 2
225 155 104 2
227 158 101 2
210 140 80 1
221 149 90 1
230 159 95 2
248 184 113 2
230 171 95 2
226 167 89 2
234 176 102 2
255 206 136 2
233 176 107 2
241 180 100 2
255 197 115 2
255 197 117 2
219 154 74 1
228 163 83 1
242 170 94 1
253 169 99 1
255 171 104 2
249 174 106 2
220 148 74 1
230 151 74 1
224 142 66 1
244 167 95 1
228 153 86 1
198 118 57 1
200 124 66 1
180 118 61 1
180 123 68 1
168 110 60 1
163 100 49 1
184 113 59 1
223 148 91 1
205 135 76 1
188 117 63 1
190 117 72 1
203 128 86 1
215 137 91 1
203 135 90 2
150 101 68 1
110 76 48 1
127 101 78 2
113 87 62 2
126 91 61 1
144 108 74 2
157 122 90 2
142 111 82 2
111 84 63 2
106 83 67 2
98 72 59 2
119 91 77 2
107 76 56 1
106 78 54 1
119 102 74 2
114 94 69 2
145 108 90 2
133 97 83 2
93 78 59 2
60 60 52 2
47 52 45 2
46 57 49 2
48 69 60 2
38 70 57 2
34 62 48 2
47 59 49 2
55 56 51 2
77 75 80 2
70 75 79 2
34 57 51 2
39 70 55 2
45 70 48 2
49 71 50 2
48 69 60 2
46 67 62 2
46 66 55 2
46 64 52 2
52 68 57 2
56 69 59 2
61 75 62 2
60 72 58 2
67 70 59 2
79 81 68 2
62 66 52 2
60 68 53 2
62 76 59 2
49 63 46 2
56 67 51 2
56 64 49 2
56 62 48 2
55 56 40 2
69 56 39 1
81 59 36 1
104 77 48 1
110 83 53 1
104 84 57 2
109 93 68 2
100 85 64 2
102 89 70 2
98 85 66 2
116 103 84 2
126 114 90 2
113 99 73 2
142 122 95 2
136 112 88 2
136 108 94 2
150 117 102 2
170 130 105 2
196 150 114 2
195 141 94 2
218 162 111 2
187 139 91 2
174 121 69 1
210 139 77 1
217 139 73 1
199 127 68 1
165 100 44 1
173 115 67 1
218 156 107 2
218 143 86 1
218 147 83 1
212 159 89 2
230 181 112 2
187 127 64 1
241 181 118 2
220 169 103 2
255 216 143 2
255 226 147 2
249 212 124 2
252 213 118 2
255 225 133 2
226 160 82 1
192 128 56 1
219 175 100 2
255 222 145 2
255 214 139 2
250 201 125 2
255 227 149 2
255 230 150 2
250 222 138 2
255 228 146 2
255 219 144 2
255 200 133 2
202 138 76 1
203 143 89 2
162 120 78 2
117 82 50 1
134 97 70 2
117 85 62 2
116 99 81 2
114 99 80 2
133 106 85 2
136 96 70 2
160 106 70 1
199 138 94 2
200 136 90 2
193 129 83 1
181 119 80 1
198 136 97 2
219 156 112 2
225 162 111 2
224 158 108 2
234 167 114 2
242 177 119 2
239 175 113 2
210 150 87 2
225 166 106 2
199 143 92 2
223 167 116 2
237 179 116 2
193 134 68 1
176 116 53 1
202 138 77 1
215 145 86 1
220 144 86 1
208 126 68 1
223 143 84 1
214 139 81 1
189 115 54 1
232 152 89 1
216 135 70 1
225 147 81 1
191 113 51 1
205 117 67 1
191 105 58 1
183 107 55 1
180 115 61 1
192 130 81 1
184 120 72 1
187 113 64 1
192 115 63 1
185 110 53 1
184 112 54 1
183 109 62 1
200 122 76 1
185 103 53 1
191 117 70 1
165 111 73 1
153 114 81 2
153 122 91 2
125 94 65 2
132 97 69 2
148 113 83 2
131 100 69 2
112 85 58 2
123 102 83 2
128 112 97 2
124 110 97 2
107 91 78 2
128 109 94 2
112 99 82 2
84 86 65 2
83 82 64 2
112 89 83 2
122 101 96 2
74 75 67 2
48 60 58 2
46 62 59 2
54 73 71 2
64 86 83 2
32 59 50 2
41 67 56 2
70 86 76 2
72 87 80 2
68 89 84 2
31 56 50 2
59 87 75 2
56 79 61 2
57 69 49 2
69 73 56 2
59 65 55 2
70 73 66 2
84 81 72 2
74 71 62 2
65 68 59 2
66 74 63 2
67 73 61 2
67 73 61 2
55 61 49 2
46 56 45 2
44 60 50 2
42 63 54 2
35 59 46 2
51 73 60 2
48 67 48 2
53 68 49 2
63 74 57 2
63 70 54 2
71 69 54 2
73 68 48 2
69 65 40 2
78 74 49 2
75 74 56 2
81 83 69 2
89 93 78 2
85 92 76 2
87 92 72 2
96 99 80 2
87 90 73 2
94 95 79 2
114 111 92 2
116 109 90 2
133 120 103 2
148 126 102 2
179 143 107 2
179 131 85 2
216 156 104 2
221 160 105 2
179 128 73 1
179 127 69 1
255 198 134 2
255 187 126 2
194 133 86 2
176 121 80 2
200 151 110 2
167 116 69 1
234 175 117 2
255 195 133 2
226 174 116 2
201 150 93 2
171 114 59 1
197 141 84 2
255 216 152 2
255 212 144 2
231 184 112 2
255 229 149 2
242 191 102 2
212 155 65 1
202 136 50 1
248 182 104 2
216 166 95 2
255 222 152 2
225 173 98 2
238 192 115 2
255 232 152 2
255 231 149 2
252 221 141 2
253 217 139 2
255 219 144 2
166 121 62 1
193 149 112 2
113 78 50 1
118 98 71 2
124 110 81 2
147 124 93 2
131 107 79 2
110 95 76 2
112 99 80 2
108 91 63 2
137 114 83 2
166 135 106 2
157 118 89 2
149 102 72 2
183 136 108 2
150 108 83 2
158 117 89 2
183 139 102 2
169 124 83 2
187 142 101 2
210 165 123 2
216 169 127 2
196 149 107 2
205 158 114 2
184 139 97 2
199 154 113 2
213 164 123 2
208 155 111 2
197 143 97 2
195 141 97 2
194 137 94 2
193 128 86 2
184 117 74 1
198 134 86 2
182 118 70 1
190 124 74 1
201 134 82 1
192 119 66 1
201 126 69 1
202 126 66 1
211 131 70 1
211 120 67 1
218 123 69 1
226 132 71 1
232 142 80 1
221 141 82 1
210 131 75 1
200 117 67 1
201 117 70 1
185 107 58 1
189 115 66 1
189 117 69 1
195 119 70 1
208 125 75 1
196 116 65 1
185 123 74 1
191 140 95 2
186 142 103 2
149 110 77 2
116 81 59 1
127 102 82 2
113 99 73 2
108 100 77 2
90 81 66 2
96 92 80 2
89 91 78 2
90 90 78 2
106 92 83 2
133 120 111 2
84 86 73 2
78 80 69 2
106 91 88 2
104 89 86 2
86 89 82 2
50 69 67 2
47 66 64 2
48 70 67 2
55 77 74 2
45 68 60 2
66 86 77 2
57 69 65 2
33 50 44 2
14 41 34 2
22 54 43 2
28 54 41 2
61 79 65 2
106 117 101 2
90 96 82 2
68 74 64 2
88 91 82 2
110 106 97 2
94 90 81 2
76 79 70 2
84 92 81 2
72 80 69 2
73 83 72 2
87 99 87 2
73 89 78 2
60 81 74 2
55 78 70 2
63 86 78 2
59 83 70 2
54 75 60 2
69 87 71 2
75 91 78 2
77 91 76 2
91 103 89 2
91 102 86 2
88 100 80 2
84 95 78 2
75 85 74 2
84 94 83 2
93 107 94 2
104 117 100 2
88 97 78 2
83 91 70 2
85 89 75 2
112 114 101 2
125 120 101 2
125 117 96 2
141 129 107 2
149 130 100 2
174 141 100 2
203 159 112 2
225 173 125 2
220 167 117 2
227 180 126 2
226 177 121 2
224 163 106 2
225 165 115 2
178 132 96 2
168 129 98 2
152 112 76 2
184 141 98 2
205 159 107 2
192 145 93 2
175 128 82 2
177 129 83 2
235 183 135 2
203 153 102 2
169 128 76 2
187 148 93 2
216 176 117 2
223 177 115 2
200 150 77 1
254 197 118 2
255 206 124 2
252 187 107 2
255 212 141 2
253 203 132 2
239 190 114 2
252 209 130 2
249 218 136 2
252 226 142 2
255 224 145 2
190 153 75 2
255 217 140 2
255 227 165 2
163 127 93 2
122 95 74 2
99 93 71 2
94 92 69 2
110 98 72 2
104 92 68 2
110 103 85 2
90 84 68 2
105 101 76 2
102 95 67 2
107 95 73 2
103 82 61 2
124 93 72 2
126 94 73 2
145 117 95 2
141 113 89 2
157 123 95 2
167 133 98 2
178 144 107 2
170 134 98 2
184 141 107 2
184 141 107 2
196 153 118 2
188 144 107 2
191 141 104 2
192 138 100 2
211 152 112 2
203 141 102 2
193 134 94 2
196 134 95 2
201 129 89 2
205 134 92 2
200 133 88 2
190 126 78 1
203 135 86 1
193 123 72 1
196 122 73 1
200 123 71 1
203 124 67 1
214 130 70 1
229 138 83 1
235 138 83 1
250 150 88 1
231 136 70 1
207 123 61 1
197 116 60 1
214 130 83 1
206 125 82 1
208 133 91 2
208 139 97 2
186 123 80 1
185 123 82 2
204 137 95 2
198 135 92 2
172 121 76 2
169 124 82 2
152 108 69 1
123 84 53 1
114 87 68 2
104 86 72 2
86 78 59 2
84 79 60 2
96 88 75 2
92 88 76 2
73 77 62 2
74 76 63 2
79 70 61 2
85 81 72 2
82 90 79 2
78 85 77 2
108 101 95 2
78 69 64 2
67 70 61 2
77 90 83 2
67 82 75 2
47 67 58 2
40 61 52 2
73 90 80 2
49 62 55 2
52 58 58 2
47 57 58 2
38 59 54 2
47 73 64 2
58 78 69 2
42 62 53 2
51 72 67 2
26 47 42 2
35 56 49 2
38 55 47 2
49 62 52 2
66 78 66 2
82 96 83 2
90 106 95 2
95 112 102 2
78 98 89 2
48 69 60 2
40 63 53 2
63 83 72 2
72 89 79 2
65 78 69 2
63 79 69 2
43 62 56 2
51 72 65 2
44 69 63 2
37 64 55 2
35 63 49 2
46 72 59 2
56 76 67 2
65 78 69 2
86 96 87 2
91 99 88 2
74 85 71 2
104 113 96 2
122 124 102 2
121 119 96 2
140 137 122 2
166 157 140 2
169 145 121 2
170 143 113 2
159 136 105 2
172 148 114 2
196 164 125 2
189 156 115 2
191 157 120 2
179 143 107 2
169 130 89 2
192 147 105 2
183 129 83 2
168 119 79 2
142 115 88 2
139 117 94 2
154 123 94 2
151 115 79 2
147 112 74 2
158 123 85 2
162 126 94 2
163 123 88 2
208 161 117 2
248 205 160 2
191 161 125 2
156 131 100 2
154 130 96 2
146 116 78 2
168 130 85 2
255 214 158 2
255 202 130 2
255 199 120 2
221 159 82 1
238 183 103 2
244 199 116 2
255 229 144 2
254 218 130 2
255 223 139 2
255 226 148 2
234 195 116 2
223 178 93 2
228 185 107 2
159 119 67 1
117 91 56 1
111 103 82 2
98 99 85 2
96 92 80 2
83 81 69 2
72 78 66 2
79 90 76 2
71 82 68 2
80 88 73 2
86 88 75 2
97 94 77 2
115 103 79 2
124 107 81 2
123 101 77 2
143 119 93 2
147 121 94 2
149 120 90 2
160 124 90 2
165 122 87 2
176 128 92 2
187 139 101 2
185 140 101 2
197 145 105 2
205 140 100 2
214 141 98 2
220 144 94 2
216 139 87 1
207 134 81 1
206 129 77 1
223 136 83 1
211 120 67 1
233 143 91 1
238 153 99 1
229 150 91 1
224 145 88 1
229 143 92 1
219 131 81 1
221 132 76 1
233 142 87 1
223 132 79 1
224 133 78 1
231 142 82 1
236 152 90 1
231 156 99 2
236 164 114 2
219 145 106 2
208 135 100 2
181 116 78 1
163 107 70 1
145 102 70 2
135 100 72 2
114 84 60 2
126 102 78 2
129 109 85 2
116 95 68 2
128 97 66 2
132 102 74 2
113 96 80 2
90 78 66 2
99 86 70 2
98 82 66 2
109 93 77 2
100 84 68 2
112 100 84 2
93 86 70 2
95 96 82 2
85 96 82 2
45 63 49 2
53 69 56 2
61 63 52 2
84 82 70 2
74 78 64 2
60 73 64 2
38 54 44 2
34 54 45 2
42 63 54 2
44 61 51 2
46 61 54 2
50 59 58 2
46 58 58 2
42 62 60 2
45 68 62 2
53 70 64 2
47 66 62 2
34 58 58 2
37 66 64 2
35 62 57 2
44 71 64 2
37 63 52 2
43 67 54 2
43 67 54 2
39 62 52 2
29 55 46 2
28 54 45 2
45 72 63 2
40 66 57 2
52 72 63 2
46 62 52 2
49 60 52 2
49 62 55 2
51 70 66 2
46 68 65 2
45 67 65 2
50 75 71 2
50 80 72 2
44 74 64 2
40 65 59 2
53 72 66 2
59 70 62 2
58 68 57 2
59 70 56 2
67 76 59 2
73 76 57 2
69 70 52 2
75 73 60 2
98 89 74 2
125 101 75 2
125 98 68 2
110 91 61 2
115 98 68 2
128 108 75 2
124 103 72 2
106 90 64 2
122 105 79 2
136 111 80 2
155 122 89 2
181 140 108 2
193 158 128 2
130 112 90 2
140 125 104 2
144 123 96 2
165 138 109 2
205 178 149 2
171 144 115 2
153 125 101 2
185 154 126 2
182 144 107 2
175 140 102 2
142 116 89 2
139 117 94 2
156 132 106 2
163 138 108 2
178 149 117 2
240 203 161 2
226 175 118 2
252 193 127 2
255 211 142 2
235 177 104 2
234 188 110 2
255 223 138 2
228 183 98 2
255 210 125 2
255 221 143 2
245 198 120 2
242 191 108 2
255 210 134 2
232 192 133 2
159 131 91 2
107 99 76 2
112 113 99 2
91 89 77 2
95 98 89 2
96 112 101 2
77 99 87 2
78 99 90 2
71 88 78 2
83 95 83 2
98 102 87 2
107 105 82 2
103 96 70 2
123 111 89 2
131 116 93 2
137 121 95 2
154 135 105 2
178 151 121 2
184 151 118 2
210 170 135 2
204 161 126 2
196 154 116 2
202 157 118 2
214 156 119 2
215 150 110 2
225 157 110 2
228 158 106 2
223 152 100 2
222 146 94 2
224 142 92 1
239 156 106 2
231 147 101 2
205 127 79 1
199 130 75 1
193 126 73 1
206 132 85 1
207 126 81 1
223 139 92 1
200 114 63 1
210 124 75 1
217 134 82 1
207 130 76 1
184 113 59 1
173 107 55 1
147 84 40 1
146 83 50 1
142 83 53 1
147 97 62 1
166 126 91 2
128 100 76 2
127 106 85 2
128 107 88 2
102 83 66 2
94 79 60 2
92 74 52 2
131 100 72 2
119 89 63 2
92 76 60 2
98 88 76 2
111 97 84 2
123 105 91 2
87 70 54 2
114 98 82 2
101 88 71 2
84 77 59 2
67 68 52 2
68 76 61 2
65 82 66 2
61 77 64 2
75 85 74 2
77 83 73 2
85 88 77 2
45 64 60 2
34 55 50 2
61 82 77 2
49 72 66 2
36 63 54 2
48 75 66 2
55 78 72 2
49 71 68 2
38 65 60 2
39 66 61 2
47 66 62 2
50 66 65 2
40 62 60 2
39 65 62 2
43 69 66 2
62 91 86 2
50 83 72 2
33 66 55 2
46 79 70 2
52 85 78 2
39 70 62 2
33 60 51 2
45 68 60 2
48 69 62 2
48 71 65 2
59 80 75 2
49 65 62 2
53 72 66 2
46 69 59 2
45 66 57 2
67 78 74 2
78 87 86 2
56 72 71 2
73 96 90 2
57 89 76 2
46 77 62 2
67 85 73 2
74 88 75 2
83 95 81 2
75 89 76 2
72 89 79 2
67 84 74 2
71 78 71 2
121 121 111 2
118 111 92 2
99 93 69 2
95 94 74 2
101 103 82 2
115 110 88 2
127 122 100 2
115 118 97 2
107 109 88 2
119 113 87 2
116 102 76 2
100 84 61 2
110 92 70 2
132 114 90 2
139 121 97 2
111 95 72 2
109 93 70 2
173 156 130 2
137 117 92 2
140 122 98 2
145 123 100 2
158 128 102 2
175 144 116 2
170 142 118 2
179 149 121 2
191 157 120 2
195 161 123 2
156 130 97 2
183 154 120 2
181 142 103 2
169 118 75 2
195 137 89 2
207 150 95 2
206 155 90 2
230 180 107 2
238 187 108 2
242 185 104 2
245 180 100 2
227 161 83 1
226 166 94 2
224 173 110 2
219 175 126 2
131 101 63 2
106 96 69 2
91 89 68 2
111 105 83 2
100 101 83 2
72 94 82 2
69 99 89 2
76 99 91 2
95 112 102 2
104 117 99 2
105 110 88 2
103 102 81 2
116 115 94 2
108 110 96 2
103 106 89 2
142 138 111 2
138 133 103 2
128 124 95 2
128 121 93 2
142 123 93 2
152 127 97 2
161 131 103 2
149 119 91 2
136 106 82 2
165 134 106 2
168 134 99 2
171 129 91 2
197 145 108 2
201 147 109 2
180 126 92 2
202 149 117 2
173 124 92 2
180 135 102 2
172 136 100 2
168 132 96 2
167 124 90 2
168 118 85 2
172 110 73 1
174 105 64 1
190 113 69 1
182 108 63 1
173 109 63 1
189 131 85 2
188 126 85 2
182 124 87 2
164 113 82 2
141 97 68 2
148 115 82 2
155 132 101 2
126 110 87 2
143 122 101 2
175 137 114 2
186 142 115 2
178 139 110 2
190 151 122 2
186 142 117 2
143 107 83 2
127 106 85 2
115 104 86 2
99 87 73 2
78 69 54 2
76 66 54 2
68 62 46 2
72 71 53 2
93 92 72 2
105 96 79 2
82 73 58 2
76 76 64 2
73 81 70 2
62 77 70 2
61 76 71 2
79 85 83 2
42 68 65 2
51 77 74 2
42 67 64 2
30 57 52 2
18 49 43 2
24 55 49 2
35 62 57 2
34 61 56 2
32 63 57 2
39 70 64 2
51 76 73 2
51 76 73 2
48 74 71 2
53 84 79 2
52 81 79 2
50 82 77 2
37 74 66 2
49 89 80 2
36 71 65 2
31 62 57 2
39 66 59 2
63 89 80 2
84 105 98 2
51 74 66 2
46 72 69 2
52 78 75 2
61 86 82 2
58 81 73 2
57 79 66 2
65 79 66 2
82 85 76 2
71 70 65 2
75 80 76 2
57 73 63 2
33 64 48 2
43 77 60 2
56 79 69 2
69 89 80 2
71 88 78 2
47 68 59 2
53 80 71 2
70 96 87 2
64 77 70 2
64 67 58 2
67 68 52 2
84 87 68 2
86 99 82 2
79 93 76 2
88 95 79 2
81 88 70 2
83 94 77 2
96 105 86 2
120 122 101 2
118 112 90 2
136 121 100 2
133 112 91 2
137 113 87 2
128 104 78 2
125 105 81 2
131 111 87 2
135 113 89 2
130 108 84 2
132 115 89 2
138 118 91 2
147 119 95 2
148 118 94 2
157 129 105 2
174 144 116 2
186 152 115 2
213 183 145 2
188 168 135 2
163 142 113 2
171 138 107 2
205 166 133 2
181 136 103 2
193 148 109 2
206 160 111 2
243 196 140 2
214 164 103 2
191 134 67 1
231 162 93 2
255 198 130 2
203 147 90 2
160 114 65 1
168 130 91 2
142 117 86 2
105 95 70 2
136 131 109 2
178 170 147 2
107 104 85 2
79 95 82 2
62 83 74 2
71 84 74 2
84 92 79 2
98 105 87 2
106 109 88 2
106 104 83 2
103 102 82 2
100 106 92 2
112 116 101 2
102 100 77 2
121 115 91 2
129 127 104 2
117 115 92 2
132 122 97 2
149 135 109 2
149 135 109 2
136 120 95 2
127 111 88 2
123 105 81 2
122 101 74 2
140 114 87 2
125 90 62 2
141 104 75 2
149 112 83 2
125 90 62 2
108 78 54 1
120 94 69 2
112 88 62 2
122 95 66 2
115 82 51 1
138 97 65 1
164 115 82 2
184 130 96 2
193 134 100 2
176 120 83 2
175 123 84 2
151 101 64 1
156 106 73 2
164 117 87 2
134 95 66 2
130 99 70 2
116 93 62 2
110 93 65 2
92 75 55 2
103 78 56 2
116 71 42 1
139 83 50 1
125 69 36 1
135 81 47 1
115 62 30 1
131 86 57 1
114 84 58 2
86 68 44 1
101 86 67 2
111 102 87 2
95 92 77 2
97 98 84 2
69 76 60 2
91 92 74 2
113 96 80 2
99 80 65 2
100 91 76 2
67 69 55 2
59 71 61 2
51 63 59 2
64 66 65 2
23 58 54 2
24 59 55 2
26 58 55 2
35 66 61 2
37 68 63 2
43 72 68 2
43 65 63 2
56 81 78 2
32 61 57 2
27 59 54 2
35 70 66 2
37 73 69 2
29 68 63 2
21 60 55 2
29 61 60 2
37 72 68 2
41 81 73 2
39 76 69 2
56 82 79 2
53 73 71 2
69 84 79 2
72 89 81 2
51 72 65 2
41 68 61 2
41 72 67 2
33 65 60 2
34 67 60 2
45 71 60 2
61 73 59 2
67 70 53 2
63 62 42 2
68 66 45 2
75 74 56 2
82 89 71 2
58 83 62 2
52 85 68 2
54 81 76 2
42 68 67 2
35 64 62 2
49 78 73 2
53 85 72 2
43 70 55 2
66 78 68 2
96 97 89 2
128 122 108 2
126 127 109 2
73 92 73 2
74 97 79 2
99 112 95 2
119 128 111 2
102 111 92 2
96 101 81 2
97 94 75 2
115 100 77 2
166 133 102 2
181 142 111 2
177 143 116 2
189 158 130 2
181 144 115 2
157 120 91 2
165 128 101 2
152 121 92 2
160 138 101 2
182 160 121 2
172 139 104 2
165 132 101 2
157 129 108 2
156 134 113 2
144 124 97 2
132 117 86 2
130 116 89 2
153 136 108 2
154 127 97 2
171 144 114 2
179 158 131 2
135 111 85 2
176 146 120 2
175 140 110 2
152 114 78 2
176 131 90 2
192 138 91 2
185 134 87 2
175 137 98 2
166 137 105 2
169 148 119 2
122 107 84 2
98 93 74 2
91 89 74 2
103 94 77 2
94 87 71 2
113 111 98 2
100 98 85 2
109 100 85 2
98 89 74 2
81 77 65 2
87 84 69 2
96 90 68 2
108 100 77 2
107 102 83 2
107 101 85 2
104 91 75 2
110 92 78 2
130 108 94 2
111 92 75 2
109 99 74 2
102 98 71 2
103 103 77 2
132 127 98 2
156 136 103 2
153 127 94 2
131 105 80 2
112 87 65 2
109 87 63 2
127 101 74 2
154 121 88 2
167 134 101 2
132 108 82 2
112 88 64 2
124 92 69 2
131 92 63 1
176 128 90 2
172 123 82 2
174 130 95 2
167 130 101 2
133 103 77 2
138 106 81 2
181 140 110 2
123 79 50 1
118 84 59 1
120 92 68 2
115 89 62 2
105 81 53 1
101 75 50 1
106 80 57 2
113 88 68 2
126 94 71 2
148 103 72 2
168 112 77 2
163 97 63 1
173 105 70 1
186 125 81 1
155 102 60 1
159 114 81 2
138 102 76 2
144 116 94 2
128 111 91 2
116 113 98 2
87 91 77 2
70 81 67 2
77 78 64 2
127 105 91 2
145 120 100 2
119 109 84 2
105 103 80 2
104 102 87 2
105 101 92 2
83 74 69 2
43 78 74 2
36 71 67 2
25 60 54 2
34 66 61 2
24 55 50 2
28 57 53 2
38 63 60 2
26 52 49 2
43 74 69 2
40 75 69 2
34 74 66 2
22 63 55 2
28 69 63 2
33 72 67 2
39 71 68 2
34 66 63 2
27 61 60 2
36 68 67 2
36 61 58 2
48 68 66 2
68 85 79 2
54 73 67 2
57 83 74 2
42 72 64 2
31 60 55 2
35 66 60 2
36 72 62 2
48 76 64 2
73 85 73 2
97 101 84 2
101 106 84 2
115 120 97 2
107 110 89 2
61 70 53 2
35 62 45 2
41 74 63 2
47 77 77 2
42 71 75 2
49 81 80 2
46 79 72 2
45 76 60 2
60 81 62 2
66 72 58 2
72 70 58 2
68 69 55 2
65 71 57 2
44 67 49 2
50 75 56 2
54 68 53 2
53 62 45 2
85 90 70 2
61 64 45 2
94 95 77 2
112 104 83 2
138 114 86 2
129 102 72 2
86 64 40 1
123 99 75 2
144 109 81 2
154 115 86 2
165 129 103 2
149 119 91 2
128 108 73 2
139 119 82 2
151 122 88 2
151 124 95 2
134 116 94 2
135 122 103 2
139 131 110 2
145 137 114 2
143 135 114 2
150 139 117 2
177 161 135 2
161 147 121 2
155 150 130 2
148 143 124 2
135 120 101 2
159 134 112 2
162 128 103 2
176 137 106 2
177 133 96 2
169 131 94 2
121 96 66 2
121 105 82 2
116 105 85 2
99 94 75 2
106 107 93 2
105 105 93 2
116 110 96 2
106 97 82 2
89 81 68 2
114 105 90 2
110 94 79 2
129 116 100 2
110 106 95 2
109 107 95 2
125 120 101 2
161 150 128 2
152 136 113 2
123 103 79 2
140 113 92 2
163 131 110 2
157 119 98 2
153 117 93 2
162 138 110 2
129 115 86 2
104 98 72 2
117 108 79 2
148 124 88 2
170 140 106 2
156 128 106 2
151 128 110 2
134 119 98 2
120 104 78 2
117 90 60 2
164 135 103 2
153 129 103 2
122 96 73 2
149 113 89 2
175 128 98 2
162 107 66 1
179 125 81 2
138 92 56 1
131 94 65 2
112 84 62 2
110 82 60 2
133 91 66 2
157 113 86 2
163 131 108 2
121 99 76 2
108 90 68 2
153 133 109 2
161 133 109 2
135 103 80 2
140 110 86 2
118 88 62 2
147 114 83 2
181 140 108 2
194 139 109 2
181 122 88 2
165 111 67 1
143 94 53 1
124 79 48 1
135 95 70 2
108 74 49 1
82 60 39 1
72 66 50 2
65 69 55 2
66 72 60 2
70 68 55 2
89 67 53 2
98 76 55 2
90 83 55 2
82 80 55 2
69 63 49 2
74 65 56 2
89 76 70 2
45 74 69 2
42 71 66 2
27 60 53 2
34 67 60 2
27 60 51 2
41 74 65 2
46 79 70 2
44 77 68 2
39 72 63 2
45 81 71 2
47 85 74 2
45 83 72 2
49 85 75 2
36 67 59 2
35 65 57 2
48 74 71 2
52 76 80 2
42 67 72 2
37 65 66 2
52 82 80 2
33 66 59 2
25 58 51 2
25 54 49 2
53 78 72 2
56 72 69 2
49 68 62 2
52 82 72 2
44 76 65 2
49 72 64 2
40 62 50 2
49 71 58 2
47 68 53 2
68 86 74 2
57 80 70 2
44 81 73 2
33 74 70 2
35 70 72 2
32 63 65 2
35 70 64 2
48 80 67 2
58 83 64 2
85 98 78 2
104 99 79 2
75 72 55 2
49 62 52 2
52 74 62 2
54 77 61 2
52 70 54 2
76 87 73 2
103 107 92 2
116 117 99 2
98 101 82 2
78 86 71 2
76 88 74 2
61 74 57 2
78 91 73 2
91 102 85 2
87 89 68 2
111 96 73 2
110 88 64 2
93 75 53 2
94 79 58 2
95 80 59 2
118 103 80 2
131 116 93 2
140 130 105 2
126 124 101 2
139 138 117 2
148 143 123 2
142 137 118 2
127 124 109 2
135 133 120 2
112 113 97 2
133 137 122 2
126 137 121 2
129 136 118 2
158 154 129 2
159 142 114 2
181 146 116 2
191 150 118 2
166 128 91 2
161 131 97 2
165 148 122 2
130 122 103 2
117 114 97 2
93 94 80 2
84 86 75 2
88 90 77 2
86 83 68 2
99 93 79 2
99 95 83 2
104 100 88 2
97 95 80 2
88 91 74 2
86 92 78 2
77 83 69 2
86 88 75 2
114 105 88 2
118 91 64 2
138 98 63 1
183 138 97 2
168 119 76 2
196 143 103 2
189 137 97 2
174 129 88 2
159 121 84 2
134 103 74 2
142 115 88 2
122 93 61 2
97 70 40 1
114 89 67 2
102 81 62 2
102 89 72 2
123 111 89 2
142 124 100 2
116 92 66 2
127 97 71 2
130 96 69 2
124 84 58 1
156 109 79 2
179 121 84 2
147 85 48 1
170 114 77 2
179 126 92 2
186 137 107 2
175 125 98 2
196 142 114 2
174 123 94 2
137 93 66 1
133 101 78 2
95 78 62 2
103 86 70 2
136 104 81 2
125 90 62 2
122 93 63 2
101 80 51 1
103 89 62 2
86 72 46 1
90 70 45 1
97 70 41 1
103 70 37 1
107 74 43 1
102 74 53 1
103 74 58 2
119 84 64 2
117 90 71 2
84 77 61 2
85 85 73 2
85 81 72 2
99 91 80 2
111 95 80 2
103 90 71 2
84 82 59 2
91 94 73 2
72 74 63 2
86 85 81 2
92 84 82 2
30 51 46 2
30 53 45 2
27 57 49 2
41 73 62 2
30 62 51 2
38 70 57 2
18 50 39 2
26 56 44 2
26 52 43 2
27 55 43 2
25 57 46 2
34 68 54 2
45 75 65 2
36 62 51 2
47 68 61 2
72 91 87 2
66 81 84 2
44 62 66 2
37 62 59 2
38 69 63 2
44 81 73 2
34 74 65 2
41 74 67 2
42 68 59 2
78 91 84 2
69 80 72 2
54 74 63 2
36 59 49 2
43 70 61 2
50 77 68 2
54 77 69 2
41 62 53 2
37 54 46 2
38 61 55 2
29 65 61 2
26 65 62 2
35 65 67 2
50 76 75 2
41 71 63 2
44 72 58 2
65 84 64 2
62 70 47 2
114 107 88 2
104 101 84 2
77 97 86 2
59 86 77 2
56 78 65 2
80 97 81 2
71 79 64 2
61 64 47 2
75 77 56 2
84 86 65 2
65 68 49 2
59 67 52 2
53 71 59 2
58 80 68 2
59 80 65 2
76 89 71 2
108 107 87 2
122 114 93 2
135 124 104 2
128 115 98 2
108 99 84 2
104 98 82 2
91 90 72 2
82 87 67 2
73 85 65 2
86 99 81 2
84 92 77 2
93 99 87 2
96 102 90 2
99 105 93 2
111 118 102 2
113 122 105 2
114 126 112 2
105 114 95 2
135 131 106 2
139 122 94 2
147 117 89 2
155 120 90 2
175 140 110 2
150 125 95 2
110 102 81 2
102 103 87 2
102 104 90 2
90 94 80 2
90 94 80 2
89 91 77 2
101 102 88 2
91 89 76 2
88 84 73 2
113 109 98 2
98 102 87 2
99 108 91 2
87 95 80 2
83 89 75 2
81 83 69 2
108 100 81 2
167 137 113 2
181 145 111 2
171 136 94 2
180 143 99 2
167 125 83 2
186 143 101 2
179 137 95 2
161 122 81 2
163 122 90 2
168 127 97 2
191 153 117 2
172 138 101 2
146 115 87 2
148 120 96 2
113 87 62 2
139 113 88 2
135 109 82 2
114 83 54 1
137 98 67 2
178 134 105 2
174 130 101 2
143 98 69 2
199 146 115 2
173 119 85 2
153 101 62 1
167 117 80 2
128 79 47 1
169 120 90 2
146 95 66 1
139 89 62 1
151 107 80 2
141 105 81 2
141 114 95 2
124 96 75 2
167 123 94 2
167 121 87 2
165 129 93 2
130 103 73 2
109 95 69 2
91 85 63 2
120 112 89 2
124 110 84 2
112 86 59 2
167 139 115 2
120 97 81 2
125 99 86 2
126 91 72 2
126 97 79 2
105 93 77 2
80 76 64 2
73 64 57 2
75 66 59 2
83 77 65 2
71 69 54 2
66 69 52 2
59 66 50 2
63 68 61 2
56 61 57 2
63 63 63 2
66 77 73 2
93 110 102 2
44 70 61 2
34 64 52 2
60 86 75 2
57 79 67 2
57 72 65 2
74 85 77 2
98 104 100 2
95 106 98 2
61 84 74 2
39 67 53 2
52 75 65 2
80 97 87 2
85 94 89 2
65 71 67 2
56 67 63 2
62 75 68 2
42 55 46 2
56 76 65 2
32 64 53 2
49 85 75 2
49 82 73 2
59 87 75 2
64 78 65 2
79 85 73 2
93 96 85 2
81 89 78 2
67 87 76 2
64 86 74 2
70 83 74 2
98 105 97 2
97 100 93 2
70 80 72 2
46 73 66 2
41 70 65 2
48 63 60 2
54 64 63 2
42 61 55 2
52 72 60 2
62 77 56 2
62 70 47 2
73 74 60 2
71 74 63 2
53 71 59 2
39 63 50 2
45 69 55 2
50 68 52 2
62 71 52 2
54 57 36 2
71 75 52 2
80 78 53 2
128 114 87 2
159 143 118 2
142 130 116 2
120 116 104 2
104 108 93 2
76 85 66 2
71 80 61 2
103 105 84 2
114 98 75 2
141 120 99 2
147 138 121 2
96 98 84 2
105 118 101 2
92 113 98 2
75 98 88 2
72 99 92 2
74 103 99 2
77 102 98 2
81 99 85 2
99 111 91 2
116 122 96 2
116 120 93 2
118 121 100 2
131 130 110 2
136 121 102 2
148 127 108 2
142 121 102 2
140 115 95 2
155 123 102 2
139 114 94 2
93 94 80 2
88 99 85 2
83 89 75 2
97 101 84 2
97 102 82 2
89 94 74 2
81 88 72 2
92 94 83 2
94 83 79 2
93 82 78 2
97 98 84 2
112 116 101 2
117 119 108 2
138 134 122 2
140 129 111 2
145 130 109 2
129 112 92 2
135 123 101 2
118 118 94 2
107 109 85 2
125 121 96 2
131 124 95 2
164 154 118 2
187 168 128 2
193 157 121 2
178 130 92 2
183 129 83 2
198 146 98 2
184 139 100 2
160 114 78 2
178 123 84 2
177 119 79 2
193 140 100 2
190 138 98 2
178 123 82 2
186 132 94 2
160 113 83 2
146 104 79 2
145 110 82 2
124 91 60 1
119 89 51 1
122 94 55 1
118 93 63 2
136 109 82 2
140 100 75 2
142 102 77 2
117 87 61 2
137 106 78 2
124 81 49 1
163 111 74 1
163 100 57 1
204 141 98 2
183 128 89 2
174 128 95 2
161 125 101 2
165 140 118 2
110 95 72 2
134 116 92 2
149 113 89 2
158 120 97 2
127 98 80 2
95 68 51 1
120 83 65 2
116 83 66 2
105 86 72 2
97 87 77 2
84 75 70 2
90 87 82 2
72 77 70 2
65 75 64 2
73 81 70 2
73 81 70 2
83 90 82 2
78 88 80 2
69 78 75 2
60 66 64 2
43 55 51 2
34 57 49 2
38 65 56 2
50 73 63 2
39 59 50 2
61 74 67 2
41 50 45 2
42 44 41 2
50 56 52 2
46 67 58 2
51 77 66 2
48 71 61 2
62 79 71 2
69 82 75 2
58 69 63 2
48 65 59 2
76 93 85 2
84 94 85 2
74 87 77 2
36 62 51 2
30 64 50 2
23 59 47 2
34 65 50 2
65 82 66 2
68 72 57 2
93 86 76 2
60 56 47 2
46 59 49 2
50 68 56 2
57 65 54 2
61 63 52 2
74 74 66 2
66 73 65 2
55 78 70 2
43 66 60 2
67 76 71 2
77 82 78 2
59 74 67 2
58 76 64 2
68 85 66 2
86 95 76 2
84 82 67 2
84 82 69 2
66 74 61 2
77 91 78 2
75 93 79 2
70 84 67 2
106 113 95 2
118 123 103 2
94 102 81 2
132 134 112 2
131 119 93 2
90 72 50 2
87 69 55 2
81 69 55 2
91 88 69 2
89 94 72 2
80 92 72 2
82 87 65 2
137 122 99 2
112 91 70 2
88 72 56 2
73 70 55 2
67 81 66 2
56 78 65 2
63 83 74 2
61 82 77 2
56 81 78 2
64 85 78 2
82 93 76 2
94 100 74 2
122 125 94 2
107 110 81 2
93 96 77 2
103 101 86 2
144 131 115 2
133 114 99 2
115 100 81 2
140 123 103 2
157 132 112 2
130 109 90 2
99 93 77 2
102 105 88 2
105 109 92 2
93 98 78 2
81 83 62 2
95 98 79 2
92 99 83 2
93 95 82 2
102 93 86 2
105 94 88 2
85 83 70 2
73 74 60 2
79 77 65 2
87 79 66 2
97 82 61 2
91 73 49 2
86 71 50 2
80 72 53 2
69 68 47 2
81 83 62 2
73 67 51 2
90 82 61 2
74 66 30 1
84 65 25 1
95 57 20 1
176 128 90 2
181 132 89 2
161 113 67 1
165 118 76 2
173 122 79 2
200 136 92 2
201 134 89 2
169 106 63 1
149 90 48 1
173 116 71 1
155 102 60 1
140 94 60 1
137 98 67 2
118 87 56 1
139 110 78 2
141 111 73 2
135 107 70 2
120 95 64 2
117 90 61 2
121 84 57 1
137 100 73 2
120 93 64 2
138 109 79 2
177 132 99 2
181 129 90 2
189 131 93 2
187 129 91 2
148 94 60 1
131 82 52 1
113 73 48 1
112 81 60 2
99 79 55 2
107 85 61 2
142 106 82 2
122 86 64 2
109 84 64 2
130 107 89 2
121 89 74 2
124 92 77 2
100 81 66 2
99 85 72 2
73 63 54 2
72 69 60 2
65 75 66 2
59 72 62 2
67 74 66 2
65 72 64 2
60 72 62 2
51 64 54 2
55 66 58 2
69 74 77 2
54 66 66 2
35 58 52 2
39 66 59 2
32 59 52 2
44 71 64 2
40 65 59 2
41 62 57 2
53 65 63 2
62 74 72 2
79 102 96 2
70 97 90 2
33 60 51 2
19 49 39 2
27 57 47 2
19 50 42 2
19 51 48 2
23 52 48 2
69 81 77 2
70 81 73 2
43 65 53 2
79 110 95 2
47 88 72 2
41 78 60 2
49 70 51 2
43 47 33 2
65 54 48 2
77 66 62 2
67 72 65 2
63 75 65 2
60 68 53 2
78 86 71 2
88 98 87 2
51 68 58 2
45 72 67 2
48 73 69 2
61 72 68 2
67 74 67 2
77 93 83 2
67 89 77 2
48 72 59 2
47 60 43 2
94 81 62 2
101 80 59 2
86 77 62 2
72 70 57 2
67 70 51 2
60 65 45 2
56 60 45 2
52 60 47 2
64 76 64 2
51 63 51 2
67 73 63 2
88 91 82 2
90 92 81 2
67 68 52 2
72 72 48 2
68 68 40 2
61 65 40 2
62 64 42 2
63 61 40 2
97 86 66 2
137 110 91 2
118 97 80 2
96 102 88 2
84 96 84 2
99 99 87 2
110 104 90 2
103 97 83 2
100 93 74 2
114 103 75 2
126 117 86 2
116 115 87 2
91 96 76 2
80 92 82 2
78 88 80 2
71 69 57 2
133 122 104 2
137 123 97 2
131 117 88 2
114 103 75 2
143 127 101 2
173 147 120 2
165 144 117 2
128 122 96 2
84 86 64 2
92 89 74 2
96 92 80 2
81 82 66 2
84 85 69 2
95 94 76 2
93 92 74 2
92 90 77 2
89 87 74 2
95 93 78 2
98 93 74 2
102 87 64 2
115 95 70 2
115 91 67 2
114 84 56 1
117 84 49 1
153 117 85 2
155 114 94 2
135 93 71 2
142 102 66 2
135 93 51 1
157 113 74 2
162 123 90 2
100 79 52 2
132 113 83 2
171 135 99 2
130 82 42 1
124 69 28 1
171 113 73 1
190 136 98 2
213 163 126 2
198 153 112 2
198 155 113 2
205 166 125 2
197 158 117 2
185 147 108 2
189 147 109 2
202 152 117 2
173 120 86 2
177 129 93 2
164 116 80 2
190 142 102 2
204 160 121 2
181 147 112 2
136 107 75 2
121 91 63 2
108 80 56 2
113 87 64 2
103 77 54 2
136 104 81 2
116 81 59 1
121 93 69 2
149 123 100 2
146 118 94 2
155 127 103 2
163 137 114 2
122 100 79 2
85 69 54 2
84 70 57 2
98 76 65 2
96 74 60 2
84 68 52 2
88 75 56 2
97 81 65 2
98 89 72 2
75 82 64 2
65 76 60 2
102 102 92 2
92 95 86 2
52 70 58 2
64 82 68 2
77 83 71 2
93 103 105 2
45 61 61 2
30 55 51 2
48 77 72 2
56 85 80 2
35 64 59 2
44 73 68 2
42 67 63 2
61 80 78 2
32 51 49 2
28 55 50 2
31 62 56 2
47 77 69 2
45 75 67 2
40 70 62 2
41 72 66 2
38 73 67 2
36 65 61 2
49 64 59 2
58 69 63 2
53 70 62 2
27 54 45 2
8 48 37 2
25 66 52 2
48 74 61 2
83 96 86 2
115 116 110 2
116 112 109 2
77 82 76 2
73 81 70 2
101 108 92 2
58 67 50 2
47 61 46 2
43 61 49 2
45 64 58 2
48 65 57 2
54 62 51 2
66 72 60 2
65 77 65 2
41 57 46 2
38 55 47 2
63 71 58 2
97 82 61 2
154 129 107 2
107 84 66 2
90 73 55 2
108 97 77 2
119 114 94 2
120 121 105 2
97 103 91 2
59 71 61 2
51 66 59 2
52 67 64 2
53 65 61 2
49 59 48 2
95 104 85 2
105 115 91 2
104 112 88 2
113 121 98 2
116 121 101 2
92 96 79 2
94 88 72 2
138 115 97 2
153 135 115 2
66 69 52 2
88 97 80 2
118 115 98 2
103 92 74 2
126 111 92 2
161 140 119 2
157 132 102 2
139 116 85 2
131 119 93 2
115 114 96 2
95 105 96 2
87 98 90 2
112 116 101 2
137 131 109 2
127 110 80 2
134 114 79 2
124 108 74 2
113 90 56 2
140 99 67 2
132 97 67 2
106 94 68 2
80 81 63 2
97 97 87 2
97 98 92 2
103 111 100 2
107 118 102 2
95 104 83 2
84 89 67 2
89 87 72 2
93 90 75 2
94 89 70 2
97 89 68 2
102 88 62 2
150 128 104 2
169 143 118 2
165 134 106 2
169 135 100 2
189 150 117 2
166 121 100 2
178 132 109 2
189 145 108 2
183 141 99 2
146 108 72 2
110 83 54 1
96 91 71 2
107 102 82 2
134 110 82 2
170 132 96 2
185 133 94 2
182 125 82 2
156 99 56 1
110 57 17 1
119 73 37 1
115 75 39 1
110 75 35 1
118 80 41 1
128 84 45 1
152 104 68 1
163 110 79 2
172 116 89 2
157 104 72 1
172 120 83 2
170 121 80 2
136 91 49 1
123 80 45 1
116 81 51 1
125 97 73 2
141 119 98 2
104 86 66 2
110 88 67 2
123 95 73 2
121 91 67 2
123 98 76 2
117 91 68 2
119 83 57 1
117 82 54 1
86 59 32 1
92 74 50 2
110 101 86 2
92 84 73 2
97 84 75 2
111 99 87 2
129 123 107 2
106 103 84 2
95 90 71 2
83 80 63 2
60 67 49 2
66 74 59 2
59 60 52 2
58 65 58 2
52 73 64 2
44 66 54 2
74 82 71 2
34 54 52 2
40 65 61 2
58 89 83 2
41 74 67 2
62 93 87 2
60 89 84 2
44 69 65 2
40 65 61 2
39 61 58 2
67 92 88 2
35 68 61 2
24 59 52 2
30 59 54 2
43 63 61 2
52 61 60 2
75 86 82 2
77 97 86 2
62 84 71 2
101 113 103 2
65 75 67 2
51 65 65 2
41 65 65 2
36 72 72 2
30 70 69 2
26 61 57 2
19 51 46 2
26 56 48 2
34 57 49 2
42 55 46 2
50 58 47 2
39 41 27 1
65 68 51 2
67 79 59 2
67 78 61 2
94 96 82 2
101 102 86 2
104 103 82 2
104 106 84 2
92 95 76 2
93 97 82 2
87 89 78 2
79 77 65 2
80 74 60 2
79 64 45 1
132 104 82 2
103 73 49 1
89 67 44 1
79 64 43 1
85 77 58 2
98 97 79 2
99 107 92 2
62 76 63 2
51 67 57 2
47 60 50 2
48 55 39 2
46 57 40 2
34 56 43 2
45 71 58 2
51 73 61 2
71 87 77 2
121 124 117 2
93 90 81 2
75 72 55 2
70 72 50 2
83 91 67 2
83 93 68 2
78 86 63 2
113 114 96 2
127 121 107 2
101 84 68 2
129 99 73 2
161 127 99 2
146 119 92 2
152 134 110 2
133 128 108 2
125 128 107 2
109 114 91 2
121 117 88 2
144 119 88 2
164 128 92 2
155 113 73 2
150 105 64 1
165 117 81 2
166 129 102 2
128 115 98 2
100 101 93 2
70 80 79 2
61 79 79 2
53 82 78 2
46 76 66 2
74 95 78 2
111 123 101 2
124 126 105 2
92 85 66 2
110 97 78 2
145 129 106 2
145 128 100 2
100 80 53 2
96 75 54 2
82 67 46 1
66 59 40 1
64 59 39 1
124 113 95 2
134 116 94 2
140 116 82 2
162 138 102 2
150 129 100 2
120 106 80 2
123 121 100 2
110 109 89 2
112 101 83 2
178 150 126 2
216 164 125 2
211 145 95 2
212 139 84 1
215 148 96 2
150 96 58 1
119 75 46 1
114 79 51 1
111 74 47 1
136 89 59 1
147 100 74 2
116 78 57 1
98 63 44 1
125 87 66 2
116 76 50 1
137 94 60 1
136 90 54 1
130 77 45 1
144 95 65 1
109 73 49 1
126 94 71 2
118 79 50 1
126 83 51 1
126 83 51 1
137 100 71 2
132 105 84 2
104 73 53 1
155 110 81 2
154 105 73 2
147 111 77 2
127 102 72 2
101 88 71 2
86 80 68 2
93 89 78 2
81 81 71 2
53 63 52 2
62 78 65 2
55 75 63 2
59 77 65 2
83 93 84 2
75 82 75 2
61 74 67 2
60 79 75 2
55 77 74 2
58 80 78 2
56 72 71 2
49 74 70 2
34 61 56 2
21 52 46 2
19 50 44 2
16 45 40 2
25 52 47 2
43 68 64 2
35 60 56 2
21 48 43 2
20 51 45 2
26 63 55 2
42 79 71 2
34 65 59 2
36 58 55 2
69 79 78 2
69 78 73 2
56 72 59 2
57 75 59 2
43 56 46 2
45 60 55 2
61 81 82 2
38 63 68 2
27 62 68 2
15 54 59 2
20 60 62 2
24 66 64 2
30 75 68 2
50 92 82 2
68 93 87 2
85 100 93 2
121 134 125 2
80 92 80 2
62 78 65 2
86 99 82 2
78 82 67 2
80 83 64 2
63 68 45 2
83 91 67 2
68 72 55 2
56 59 48 2
65 70 63 2
69 79 71 2
94 107 97 2
90 97 81 2
126 111 88 2
171 149 125 2
149 131 107 2
169 153 130 2
106 94 70 2
99 93 71 2
76 75 55 2
61 66 46 2
68 75 57 2
96 100 83 2
120 122 100 2
109 112 91 2
79 93 76 2
55 73 59 2
59 71 57 2
65 68 57 2
69 62 52 2
67 61 49 2
95 96 78 2
114 120 94 2
116 123 92 2
96 101 71 2
82 82 56 2
82 80 57 2
85 80 61 2
122 111 93 2
136 116 92 2
129 107 84 2
117 100 80 2
120 112 93 2
94 96 75 2
66 75 54 2
82 96 71 2
115 119 94 2
153 136 108 2
148 114 86 2
166 128 92 2
194 156 120 2
179 146 115 2
117 97 73 2
74 74 62 2
69 81 77 2
53 73 72 2
46 72 71 2
54 86 83 2
61 91 83 2
54 72 58 2
64 75 58 2
76 83 65 2
80 81 65 2
81 78 61 2
92 85 67 2
90 84 62 2
133 127 105 2
156 149 131 2
129 126 111 2
103 107 92 2
94 101 85 2
89 92 75 2
91 89 68 2
109 102 73 2
96 87 56 2
72 66 44 2
80 75 56 2
60 57 38 2
80 75 56 2
71 62 47 2
78 57 36 1
129 89 54 1
176 122 75 1
189 122 67 1
208 142 90 2
189 137 98 2
173 129 100 2
173 134 105 2
169 128 100 2
186 135 104 2
189 138 109 2
150 108 84 2
124 83 61 1
147 103 76 2
145 100 67 1
175 129 93 2
178 128 91 2
185 129 96 2
197 146 117 2
184 147 121 2
155 121 96 2
187 150 121 2
168 132 100 2
149 116 83 2
165 138 109 2
130 112 92 2
118 95 77 2
145 105 79 2
156 111 80 2
141 100 68 2
110 79 50 1
93 75 55 2
85 76 61 2
73 71 58 2
66 72 60 2
62 75 65 2
57 79 67 2
49 75 64 2
50 71 62 2
52 62 54 2
68 75 68 2
61 80 74 2
48 71 65 2
55 76 77 2
49 70 73 2
62 81 85 2
21 46 40 2
32 57 51 2
38 63 57 2
52 77 71 2
87 112 106 2
60 85 79 2
39 64 60 2
31 58 53 2
36 67 61 2
35 68 61 2
38 73 66 2
15 52 44 2
13 53 42 2
16 56 45 2
15 51 41 2
24 54 44 2
42 64 51 2
44 64 53 2
36 59 53 2
46 72 71 2
24 55 58 2
27 62 68 2
19 58 65 2
20 61 65 2
16 55 60 2
32 73 75 2
29 78 74 2
12 61 57 2
20 59 58 2
42 77 79 2
18 56 59 2
25 60 62 2
29 57 58 2
23 48 44 2
33 56 46 2
26 50 36 2
28 55 36 2
29 54 35 2
33 49 39 2
49 65 62 2
40 68 69 2
29 68 67 2
14 59 52 2
16 57 41 2
48 69 50 2
75 85 60 2
135 138 109 2
127 122 92 2
110 98 74 2
141 126 103 2
169 158 130 2
188 177 149 2
182 171 143 2
130 119 91 2
125 115 88 2
147 138 109 2
163 149 120 2
154 137 107 2
169 143 116 2
163 136 109 2
160 134 109 2
178 158 133 2
134 123 95 2
121 116 86 2
101 101 67 2
120 114 80 2
157 134 103 2
148 122 95 2
131 115 89 2
126 120 96 2
67 70 49 2
55 66 52 2
46 65 61 2
41 66 63 2
59 86 77 2
44 74 62 2
58 86 72 2
79 97 81 2
92 93 77 2
92 85 67 2
74 68 52 2
90 88 73 2
75 79 62 2
71 85 70 2
53 80 71 2
52 85 78 2
40 71 63 2
60 88 76 2
70 90 79 2
78 90 78 2
105 111 97 2
105 111 97 2
84 97 88 2
55 74 68 2
69 88 82 2
67 88 79 2
63 84 75 2
73 93 82 2
68 80 68 2
85 89 75 2
89 88 70 2
136 133 114 2
130 129 111 2
121 123 102 2
95 100 77 2
105 110 88 2
98 102 87 2
106 106 94 2
112 104 91 2
101 85 69 2
127 109 89 2
141 123 99 2
97 80 54 2
74 49 18 1
91 52 11 1
112 67 25 1
115 73 33 1
161 119 81 2
182 134 96 2
163 111 71 1
183 126 83 2
160 98 57 1
153 88 48 1
195 126 85 1
214 144 95 2
189 122 70 1
178 116 67 1
174 117 72 1
153 100 66 1
100 55 26 1
87 53 25 1
91 70 43 1
68 57 37 1
78 75 56 2
87 86 65 2
72 71 50 2
65 62 47 2
81 72 57 2
89 71 51 2
93 65 41 1
90 54 28 1
97 59 36 1
110 78 57 1
110 89 70 2
87 80 64 2
85 87 73 2
75 86 70 2
64 78 63 2
77 91 76 2
69 80 66 2
85 88 77 2
75 81 71 2
58 74 64 2
52 71 65 2
46 64 64 2
57 75 77 2
50 70 71 2
50 75 69 2
38 63 57 2
31 56 52 2
43 68 64 2
22 51 46 2
18 47 42 2
20 49 45 2
26 57 52 2
22 57 51 2
24 61 54 2
37 72 66 2
36 73 66 2
26 67 59 2
26 69 59 2
26 69 59 2
47 85 74 2
53 79 68 2
58 81 73 2
52 81 77 2
41 75 74 2
26 64 65 2
22 60 61 2
24 62 63 2
20 58 59 2
30 65 67 2
24 62 63 2
23 68 65 2
13 59 56 2
15 61 58 2
12 58 58 2
13 60 66 2
15 58 65 2
29 60 65 2
54 82 83 2
58 87 82 2
46 78 65 2
48 79 64 2
55 81 68 2
73 89 79 2
60 75 70 2
40 66 63 2
34 70 68 2
19 66 58 2
30 76 63 2
43 77 60 2
53 75 54 2
62 71 44 2
52 51 23 1
89 81 60 2
87 75 53 2
55 43 17 1
61 50 20 1
75 61 32 1
90 76 49 2
102 92 65 2
95 84 56 2
94 78 45 1
112 87 56 2
122 93 63 2
108 79 49 1
89 64 34 1
79 60 30 1
83 72 44 1
93 88 59 2
92 95 66 2
84 80 53 2
107 85 62 2
125 103 80 2
101 93 70 2
73 78 56 2
77 94 76 2
73 99 88 2
57 87 87 2
50 80 80 2
44 71 64 2
56 84 72 2
38 68 58 2
43 67 54 2
87 95 82 2
113 113 101 2
92 94 83 2
64 72 59 2
64 78 63 2
53 76 60 2
47 77 67 2
44 77 68 2
59 91 78 2
46 74 60 2
70 87 77 2
73 83 74 2
71 73 60 2
65 68 57 2
58 69 63 2
60 79 75 2
47 70 64 2
28 53 49 2
42 67 61 2
59 80 73 2
64 77 67 2
91 95 80 2
102 94 71 2
84 72 48 2
78 72 50 2
81 80 60 2
81 88 70 2
60 71 54 2
62 70 59 2
65 65 53 2
73 57 41 1
119 94 72 2
110 84 57 2
107 83 55 2
133 116 90 2
132 111 82 2
169 139 105 2
163 125 88 2
153 114 75 2
145 101 62 1
156 107 67 1
159 107 67 1
163 110 68 1
188 131 88 2
198 133 91 2
195 128 85 1
213 145 98 2
211 145 95 2
197 135 86 2
171 117 73 1
156 113 81 2
179 145 118 2
165 135 107 2
144 127 101 2
105 100 81 2
70 73 56 2
89 92 73 2
96 95 75 2
99 93 77 2
126 115 97 2
118 102 79 2
138 116 93 2
183 155 134 2
161 132 114 2
126 100 83 2
123 106 90 2
91 85 71 2
86 88 74 2
71 79 64 2
63 71 56 2
81 87 73 2
73 77 63 2
64 70 58 2
55 66 52 2
84 100 89 2
64 79 72 2
50 61 57 2
54 66 64 2
41 61 59 2
29 55 52 2
21 50 46 2
38 67 65 2
10 40 38 2
26 62 60 2
29 68 65 2
33 67 66 2
50 86 84 2
31 71 70 2
12 51 50 2
21 55 56 2
37 69 68 2
34 70 68 2
24 63 60 2
41 77 75 2
28 60 57 2
46 73 66 2
58 85 78 2
53 85 80 2
30 66 62 2
41 78 70 2
33 69 59 2
40 70 60 2
38 65 56 2
31 58 53 2
24 53 49 2
24 55 50 2
26 66 57 2
17 65 53 2
23 70 62 2
32 72 72 2
45 78 83 2
44 72 76 2
33 57 57 2
38 61 53 2
39 59 47 2
57 75 63 2
61 73 61 2
89 91 77 2
96 94 79 2
107 105 90 2
79 83 69 2
65 82 72 2
49 72 62 2
68 90 77 2
88 102 85 2
107 105 90 2
107 100 84 2
113 107 93 2
56 54 39 2
61 64 45 2
59 64 42 2
73 75 53 2
86 88 67 2
86 85 67 2
104 103 85 2
128 127 107 2
112 111 91 2
138 136 115 2
120 115 95 2
130 122 101 2
126 120 98 2
87 84 65 2
50 54 37 2
37 51 36 2
38 51 41 2
45 47 42 2
48 50 45 2
50 63 53 2
57 77 65 2
82 107 88 2
72 95 79 2
62 75 66 2
66 71 64 2
78 79 65 2
64 68 51 2
69 87 73 2
75 93 79 2
64 66 52 2
70 61 44 2
104 89 68 2
120 105 82 2
106 100 76 2
80 79 58 2
74 80 66 2
67 80 70 2
41 65 52 2
39 66 59 2
49 77 78 2
49 70 71 2
75 86 78 2
74 78 64 2
68 68 56 2
63 65 52 2
72 78 68 2
78 84 74 2
78 81 70 2
87 89 75 2
100 103 86 2
111 106 86 2
138 123 94 2
178 159 129 2
174 160 133 2
145 137 116 2
119 117 104 2
97 99 88 2
82 84 71 2
125 118 100 2
159 136 105 2
163 131 93 2
161 128 93 2
137 103 68 2
145 102 68 2
131 86 53 1
114 71 37 1
147 103 68 1
153 105 69 1
143 94 61 1
128 84 55 1
123 82 54 1
110 71 42 1
112 73 44 1
102 66 34 1
100 65 33 1
108 74 46 1
137 98 69 2
156 103 69 1
135 86 54 1
106 80 57 2
109 91 71 2
119 97 73 2
121 100 73 2
110 94 69 2
145 129 104 2
146 122 98 2
116 90 65 2
144 118 93 2
150 120 94 2
164 129 99 2
138 107 79 2
88 71 53 2
106 100 86 2
88 90 79 2
72 78 68 2
61 64 55 2
69 72 63 2
60 63 52 2
65 68 59 2
79 80 72 2
71 74 67 2
35 48 39 2
51 68 58 2
51 68 58 2
41 53 43 2
55 55 47 2
60 63 54 2
45 65 53 2
37 63 60 2
47 73 70 2
39 65 64 2
48 78 76 2
39 73 72 2
34 70 68 2
32 66 65 2
16 50 49 2
13 52 51 2
16 55 54 2
32 63 65 2
46 77 79 2
29 63 64 2
29 65 63 2
29 63 64 2
25 59 58 2
34 69 63 2
27 62 56 2
13 49 45 2
9 49 41 2
13 53 42 2
31 67 55 2
37 69 56 2
73 101 89 2
67 94 87 2
53 80 75 2
47 74 69 2
44 77 70 2
25 69 56 2
17 60 50 2
32 67 63 2
31 61 61 2
37 67 67 2
47 76 72 2
51 77 68 2
75 99 86 2
62 82 73 2
62 75 65 2
74 80 66 2
78 79 63 2
90 89 71 2
94 97 80 2
76 86 77 2
54 70 60 2
33 51 37 2
35 47 33 2
50 48 36 2
75 71 60 2
69 72 63 2
92 102 93 2
64 76 66 2
81 95 82 2
87 101 86 2
91 103 89 2
70 78 65 2
56 64 51 2
59 70 56 2
48 59 45 2
39 50 34 2
41 49 34 2
50 54 39 2
79 82 65 2
106 107 91 2
97 103 89 2
79 97 85 2
85 105 96 2
86 92 88 2
81 86 79 2
72 80 67 2
63 72 53 2
67 77 53 2
66 74 53 2
89 89 77 2
121 119 107 2
128 125 110 2
112 116 101 2
61 81 69 2
73 95 83 2
112 124 110 2
133 136 119 2
143 136 118 2
136 125 105 2
127 120 94 2
110 104 80 2
92 89 72 2
96 100 86 2
68 82 69 2
55 76 67 2
52 76 76 2
50 70 71 2
63 73 65 2
70 72 61 2
95 93 80 2
110 108 95 2
90 90 82 2
74 75 67 2
78 79 65 2
74 75 59 2
66 65 47 2
73 67 45 2
74 57 29 1
72 51 20 1
77 60 32 1
70 58 34 1
60 54 40 2
62 60 48 2
55 56 42 2
64 59 39 1
104 85 55 2
105 81 47 1
117 92 62 2
108 78 50 1
142 103 72 2
179 136 104 2
156 115 85 2
143 102 72 2
142 97 66 1
146 102 73 2
150 113 87 2
140 108 87 2
139 108 87 2
134 106 84 2
121 97 71 2
108 84 58 2
107 82 62 2
127 95 74 2
167 120 92 2
154 110 81 2
112 87 65 2
96 79 61 2
110 88 65 2
123 99 75 2
105 79 54 1
113 83 57 1
117 81 57 1
134 98 72 2
102 72 44 1
118 89 59 2
122 87 55 1
125 98 69 2
94 89 70 2
54 64 53 2
57 72 65 2
73 90 84 2
98 109 103 2
76 86 77 2
82 88 78 2
84 87 78 2
59 56 49 2
62 63 57 2
67 78 70 2
57 73 63 2
60 76 65 2
67 79 67 2
95 98 87 2
76 84 71 2
45 65 53 2
30 50 48 2
38 58 56 2
27 47 46 2
32 54 52 2
21 46 43 2
38 63 60 2
25 51 50 2
25 51 50 2
19 49 47 2
29 59 57 2
18 50 49 2
13 47 46 2
15 51 49 2
17 56 51 2
20 59 56 2
7 49 45 2
3 49 46 2
8 54 51 2
16 56 55 2
28 67 64 2
53 93 85 2
36 77 69 2
23 66 56 2
18 60 50 2
13 49 45 2
22 54 51 2
18 48 46 2
42 74 69 2
32 67 60 2
37 72 65 2
34 65 59 2
36 67 61 2
23 63 54 2
26 68 58 2
18 58 49 2
23 63 55 2
28 68 60 2
22 57 50 2
24 49 43 2
43 66 58 2
35 62 53 2
25 52 43 2
53 76 66 2
55 77 65 2
91 109 93 2
93 106 89 2
100 104 90 2
53 59 47 2
43 60 52 2
34 55 50 2
41 57 54 2
52 68 65 2
39 60 55 2
34 55 48 2
39 59 50 2
36 52 41 2
44 58 43 2
51 62 46 2
57 68 52 2
48 59 43 2
47 59 45 2
65 73 58 2
83 80 63 2
85 82 65 2
55 66 49 2
56 65 46 2
74 63 43 1
61 41 14 1
89 67 30 1
92 66 29 1
75 49 14 1
76 56 29 1
81 73 60 2
61 66 59 2
38 58 49 2
39 66 59 2
38 69 64 2
29 64 58 2
15 57 45 2
32 72 61 2
34 63 59 2
48 67 61 2
74 82 67 2
100 103 84 2
120 118 103 2
95 96 80 2
93 100 82 2
101 110 93 2
83 89 77 2
83 84 76 2
73 70 65 2
58 55 50 2
50 53 44 2
41 48 40 2
60 69 64 2
64 75 69 2
48 61 52 2
50 62 50 2
50 54 39 2
83 80 61 2
65 50 29 1
74 56 32 1
76 60 34 1
75 63 37 1
69 62 43 2
72 71 53 2
67 70 53 2
65 67 53 2
69 67 52 2
71 68 53 2
63 59 47 2
63 57 45 2
63 54 37 1
66 51 30 1
93 68 48 1
110 79 58 2
113 81 58 2
137 105 80 2
142 112 88 2
129 101 79 2
108 81 60 2
91 64 43 1
115 87 63 2
125 93 68 2
135 95 70 2
117 73 46 1
103 57 23 1
108 65 31 1
118 84 56 1
121 93 69 2
105 78 57 2
107 80 59 2
136 104 83 2
178 143 121 2
164 129 110 2
133 105 84 2
104 89 66 2
94 84 59 2
101 81 56 2
105 90 67 2
95 104 85 2
55 76 61 2
62 82 71 2
52 69 61 2
51 70 64 2
61 78 70 2
66 80 67 2
56 64 51 2
82 80 67 2
84 78 66 2
91 88 79 2
85 87 76 2
74 84 73 2
65 81 68 2
52 74 62 2
68 91 81 2
54 77 67 2
54 77 71 2
55 78 72 2
81 103 100 2
71 93 90 2
46 68 65 2
60 85 81 2
47 72 69 2
39 65 62 2
30 56 53 2
39 68 64 2
63 93 91 2
59 89 87 2
27 59 56 2
17 52 48 2
19 54 50 2
25 61 57 2
23 65 61 2
23 64 60 2
26 56 54 2
16 42 39 2
14 45 39 2
10 45 38 2
17 59 49 2
15 56 48 2
34 71 64 2
32 64 61 2
42 72 70 2
41 70 68 2
22 53 47 2
35 66 58 2
47 77 67 2
51 83 72 2
37 73 59 2
22 60 47 2
28 65 58 2
28 67 62 2
30 73 66 2
32 73 67 2
47 79 76 2
36 68 65 2
33 72 67 2
27 67 59 2
27 58 50 2
42 66 53 2
37 58 41 2
40 57 39 2
56 68 54 2
98 112 99 2
75 95 83 2
55 77 65 2
62 77 74 2
67 83 82 2
51 76 73 2
58 87 82 2
61 86 80 2
85 105 94 2
101 112 96 2
71 74 57 2
119 116 99 2
109 108 90 2
68 77 60 2
66 75 58 2
86 84 71 2
131 129 114 2
108 112 95 2
104 103 82 2
150 130 105 2
205 174 143 2
209 177 138 2
216 183 140 2
209 174 136 2
185 154 123 2
137 116 97 2
95 89 75 2
57 69 57 2
40 63 53 2
46 75 70 2
41 76 72 2
24 65 59 2
17 58 52 2
27 58 53 2
40 59 53 2
54 63 46 2
50 53 32 1
53 51 36 1
57 54 39 2
78 75 60 2
58 55 38 2
64 57 39 1
80 71 54 2
81 73 62 2
88 81 71 2
93 89 77 2
75 75 63 2
62 62 54 2
47 50 43 2
44 54 45 2
46 56 45 2
52 56 42 2
81 82 66 2
123 117 101 2
130 125 106 2
117 115 94 2
124 123 103 2
97 100 83 2
89 93 78 2
95 101 87 2
97 103 91 2
76 82 70 2
79 82 73 2
77 79 68 2
87 89 76 2
67 69 55 2
78 75 56 2
108 89 72 2
109 81 60 2
111 81 57 2
99 65 38 1
112 75 49 1
118 81 55 1
103 69 44 1
101 69 44 1
122 90 65 2
120 86 59 1
145 108 82 2
166 129 103 2
180 149 120 2
173 144 114 2
142 113 83 2
141 111 85 2
148 117 96 2
130 99 78 2
101 69 44 1
77 45 22 1
89 60 42 1
101 80 63 2
98 91 72 2
78 76 55 2
117 106 84 2
77 70 51 2
55 68 50 2
49 67 53 2
66 80 67 2
70 83 74 2
64 79 74 2
61 78 70 2
64 82 70 2
79 93 80 2
72 80 65 2
71 75 61 2
59 62 53 2
65 70 63 2
36 49 39 2
42 64 52 2
34 64 56 2
38 69 61 2
46 71 65 2
50 80 72 2
32 62 54 2
15 46 38 2
26 57 49 2
29 62 55 2
47 80 73 2
28 60 55 2
21 53 48 2
26 56 54 2
10 40 38 2
10 39 37 2
22 48 47 2
26 50 50 2
17 38 39 2
28 48 49 2
30 50 49 2
48 67 63 2
50 67 59 2
83 92 87 2
75 82 75 2
50 61 53 2
40 60 49 2
48 74 63 2
50 80 70 2
57 84 77 2
55 80 76 2
50 75 71 2
36 63 58 2
31 60 55 2
31 62 54 2
25 57 46 2
31 59 47 2
40 60 49 2
53 70 60 2
51 67 64 2
48 68 66 2
35 64 60 2
37 68 63 2
39 65 62 2
48 77 73 2
38 73 69 2
36 71 65 2
53 83 75 2
44 70 59 2
65 89 75 2
52 74 61 2
54 71 61 2
54 68 55 2
79 91 69 2
71 81 57 2
61 69 56 2
37 53 43 2
29 59 49 2
33 66 57 2
28 55 46 2
59 75 64 2
80 78 63 2
95 78 60 2
79 53 30 1
109 85 61 2
139 133 109 2
118 121 104 2
95 102 94 2
46 53 46 2
46 48 35 2
51 42 27 1
60 34 21 1
60 33 14 1
72 56 31 1
84 70 41 1
98 77 46 1
125 96 64 2
161 122 91 2
147 110 81 2
133 109 81 2
113 107 85 2
87 98 84 2
59 76 70 2
77 91 91 2
87 96 91 2
108 106 91 2
153 146 120 2
118 111 82 2
96 91 62 2
79 76 59 2
69 62 52 2
65 50 43 1
95 78 70 2
104 88 72 2
84 72 50 2
63 56 30 1
52 40 14 1
63 41 17 1
106 79 58 2
97 71 54 2
110 88 74 2
83 69 56 2
86 78 65 2
87 83 71 2
60 64 50 2
52 63 49 2
37 55 43 2
32 53 44 2
27 50 42 2
41 62 57 2
34 51 45 2
36 47 41 2
48 54 44 2
46 47 33 1
42 39 20 1
51 45 21 1
74 68 42 2
98 96 71 2
83 76 50 2
140 116 92 2
179 145 117 2
188 147 117 2
182 133 100 2
143 87 52 1
124 65 31 1
129 76 42 1
117 72 39 1
135 102 71 2
101 75 48 1
98 77 56 2
119 106 90 2
92 88 76 2
92 89 72 2
128 118 93 2
146 125 98 2
186 152 127 2
186 151 123 2
166 140 107 2
143 122 91 2
132 111 92 2
99 83 68 2
97 88 71 2
94 89 70 2
111 103 84 2
91 86 67 2
70 72 59 2
62 68 58 2
60 62 51 2
70 71 63 2
61 66 60 2
47 58 52 2
45 62 54 2
35 58 48 2
50 78 66 2
51 81 71 2
45 74 69 2
52 79 74 2
53 75 72 2
65 87 84 2
54 80 77 2
56 82 79 2
46 71 67 2
33 60 53 2
22 52 44 2
35 65 57 2
33 64 56 2
2 33 27 2
5 38 31 2
9 41 36 2
35 67 62 2
43 75 72 2
31 61 59 2
28 57 55 2
40 66 65 2
49 73 73 2
61 82 83 2
77 97 98 2
50 68 68 2
50 67 61 2
64 77 70 2
78 84 80 2
72 79 72 2
86 97 89 2
80 97 87 2
48 74 63 2
34 64 54 2
33 60 53 2
27 54 49 2
22 48 45 2
30 59 55 2
24 55 49 2
31 64 55 2
50 83 72 2
60 87 78 2
65 82 76 2
59 74 69 2
54 68 68 2
46 65 63 2
48 71 65 2
45 66 59 2
43 60 54 2
43 60 54 2
30 55 49 2
31 56 50 2
32 53 46 2
48 68 59 2
42 64 52 2
42 63 54 2
37 60 54 2
46 67 58 2
64 81 62 2
95 110 89 2
98 116 102 2
65 88 78 2
46 79 70 2
42 75 66 2
41 64 56 2
61 74 64 2
120 121 107 2
122 109 92 2
158 134 110 2
164 140 114 2
73 61 37 1
44 43 23 1
36 43 35 2
47 57 49 2
92 94 83 2
141 135 123 2
162 148 139 2
168 155 146 2
121 123 110 2
88 92 75 2
91 90 69 2
126 114 88 2
155 126 96 2
132 97 67 2
111 84 55 1
88 72 47 1
63 64 48 2
62 68 58 2
76 75 70 2
57 48 39 1
76 58 36 1
90 71 39 1
100 86 51 2
106 97 66 2
90 88 67 2
78 74 63 2
91 80 76 2
107 92 87 2
101 87 74 2
96 85 67 2
114 108 84 2
102 92 65 2
141 124 96 2
155 131 105 2
105 74 53 1
95 64 44 1
109 82 65 2
101 82 67 2
86 74 58 2
78 76 61 2
59 70 56 2
39 57 45 2
57 78 71 2
48 70 67 2
33 53 52 2
41 57 56 2
52 63 59 2
46 51 44 2
83 84 70 2
118 115 96 2
113 107 81 2
109 104 75 2
68 62 38 1
62 50 26 1
85 61 37 1
83 49 22 1
75 36 5 1
91 47 12 1
143 93 56 1
178 126 89 2
182 134 98 2
191 148 114 2
123 90 59 1
90 64 37 1
90 68 47 1
57 41 25 1
42 39 24 1
46 40 24 1
67 52 29 1
71 45 18 1
79 39 14 1
106 67 38 1
74 45 11 1
91 68 36 1
98 77 56 2
113 97 82 2
104 95 80 2
93 86 70 2
94 86 67 2
89 80 63 2
83 73 63 2
84 75 68 2
94 87 77 2
95 91 82 2
93 94 88 2
66 73 66 2
55 70 63 2
45 68 58 2
33 63 55 2
36 69 60 2
37 68 62 2
41 68 63 2
39 59 57 2
35 54 52 2
27 46 42 2
31 52 47 2
50 73 67 2
27 43 40 2
15 34 30 2
25 44 40 2
26 47 42 2
49 71 68 2
46 71 67 2
33 59 56 2
10 39 35 2
8 38 36 2
6 38 35 2
12 44 41 2
14 49 45 2
24 59 55 2
15 50 46 2
3 38 32 2
12 47 41 2
11 46 42 2
16 47 42 2
8 34 31 2
20 46 43 2
22 53 47 2
4 39 32 2
17 57 49 2
24 63 58 2
19 55 51 2
22 56 55 2
30 64 63 2
44 78 77 2
32 67 63 2
22 57 51 2
26 61 54 2
27 59 54 2
27 57 57 2
21 51 53 2
28 58 60 2
32 61 59 2
43 64 59 2
51 64 54 2
77 80 69 2
105 107 94 2
67 78 64 2
87 99 87 2
74 82 71 2
64 71 63 2
53 64 56 2
54 71 65 2
48 74 73 2
40 72 69 2
35 70 63 2
19 59 50 2
13 55 51 2
17 59 55 2
31 68 61 2
38 65 58 2
56 69 60 2
46 58 48 2
38 56 44 2
36 50 35 2
43 46 29 1
64 59 40 2
104 96 73 2
134 126 105 2
119 117 102 2
84 88 74 2
72 78 64 2
37 48 34 2
32 43 35 2
30 45 40 2
24 44 42 2
35 60 56 2
26 54 42 2
34 56 43 2
38 44 30 1
71 69 54 2
93 91 76 2
89 87 72 2
99 98 80 2
119 118 98 2
121 116 96 2
134 123 103 2
136 118 98 2
124 107 81 2
147 137 102 2
149 145 110 2
124 124 100 2
98 102 85 2
91 97 87 2
75 78 71 2
76 71 67 2
81 74 68 2
87 80 74 2
66 66 54 2
29 38 17 1
36 40 17 1
59 42 22 1
98 71 54 2
90 61 43 1
54 27 8 1
81 60 41 1
99 84 65 2
94 86 67 2
99 93 77 2
97 95 82 2
97 99 88 2
77 78 70 2
78 81 74 2
83 85 80 2
70 72 67 2
42 45 38 2
36 37 29 1
40 42 31 1
43 41 28 1
69 62 46 2
88 72 56 2
59 36 20 1
51 26 6 1
59 37 13 1
73 52 23 1
79 60 30 1
106 87 55 2
82 61 32 1
72 48 20 1
121 91 65 2
142 108 81 2
148 108 83 2
169 129 103 2
185 150 120 2
179 144 114 2
185 143 118 2
174 130 105 2
170 124 101 2
178 134 109 2
178 139 108 2
164 129 101 2
136 105 87 2
110 88 75 2
88 78 68 2
113 105 92 2
107 91 75 2
141 122 105 2
136 112 100 2
119 99 90 2
102 91 85 2
78 75 68 2
88 91 82 2
98 106 95 2
106 113 105 2
88 100 90 2
81 94 87 2
67 82 75 2
86 99 90 2
106 116 108 2
112 117 111 2
75 80 73 2
94 104 93 2
68 82 69 2
80 96 85 2
37 53 50 2
62 78 75 2
56 72 69 2
39 58 54 2
45 64 62 2
25 45 43 2
31 53 51 2
28 53 50 2
22 48 47 2
28 58 56 2
17 49 46 2
25 60 56 2
1 37 33 2
7 43 39 2
5 45 37 2
27 67 59 2
18 54 50 2
18 53 49 2
23 53 51 2
21 51 49 2
27 62 56 2
24 61 54 2
7 46 41 2
12 51 46 2
15 51 47 2
15 47 44 2
21 51 49 2
14 44 42 2
21 52 47 2
20 49 44 2
17 46 41 2
21 50 46 2
19 50 52 2
21 55 57 2
14 49 51 2
12 44 43 2
25 50 44 2
61 78 68 2
62 70 57 2
54 62 47 2
42 56 43 2
49 63 50 2
62 70 59 2
85 91 81 2
70 80 71 2
41 56 49 2
30 52 49 2
21 51 49 2
21 57 55 2
30 69 66 2
24 63 60 2
28 64 60 2
35 64 59 2
60 81 74 2
64 75 69 2
90 103 94 2
57 80 72 2
72 98 87 2
107 125 113 2
76 84 69 2
89 88 68 2
75 68 49 2
72 65 47 2
84 81 62 2
88 89 71 2
87 96 79 2
82 99 89 2
65 88 82 2
68 93 90 2
43 72 68 2
38 67 62 2
46 72 63 2
69 85 75 2
82 90 79 2
67 70 61 2
66 68 55 2
83 80 61 2
83 81 58 2
80 80 56 2
74 69 47 2
70 57 41 1
87 74 57 2
69 65 36 1
35 38 9 1
29 37 14 1
31 44 27 2
22 39 29 2
28 43 36 2
39 44 40 2
41 40 38 2
55 54 52 2
36 38 33 2
22 39 23 1
56 70 53 2
86 84 69 2
99 87 71 2
110 95 76 2
121 104 84 2
108 91 71 2
81 64 44 1
77 60 42 1
61 44 26 1
48 30 16 1
36 20 7 1
42 30 18 1
39 30 21 1
34 31 22 1
58 59 51 2
60 63 56 2
60 65 58 2
57 62 55 2
82 85 78 2
61 61 51 2
70 66 55 2
101 93 82 2
99 91 78 2
94 88 72 2
62 59 40 2
56 55 35 1
53 51 30 1
69 58 36 1
97 79 57 2
94 66 45 1
110 72 49 1
109 59 32 1
101 46 15 1
100 48 9 1
104 52 15 1
104 49 19 1
108 54 30 1
95 48 22 1
103 61 36 1
108 69 40 1
114 80 53 1
100 75 55 2
102 86 71 2
92 82 72 2
61 51 39 1
76 57 42 1
69 48 29 1
78 59 44 1
93 79 66 2
87 83 74 2
49 52 45 2
51 61 50 2
54 66 54 2
57 69 59 2
60 71 63 2
54 69 62 2
59 75 65 2
69 81 71 2
66 74 63 2
61 66 59 2
73 79 69 2
49 57 44 2
74 86 72 2
66 82 69 2
24 47 39 2
12 35 27 2
19 42 36 2
24 47 41 2
22 44 41 2
27 49 46 2
13 35 33 2
9 31 29 2
6 30 30 2
9 33 33 2
8 34 33 2
16 45 43 2
50 79 75 2
24 53 49 2
30 59 55 2
29 58 54 2
39 64 60 2
27 49 46 2
9 29 27 2
20 43 37 2
20 45 39 2
17 44 37 2
28 58 50 2
22 49 42 2
25 50 44 2
24 45 40 2
43 62 58 2
44 61 55 2
37 54 46 2
43 59 49 2
48 64 54 2
38 58 49 2
52 75 67 2
27 56 51 2
46 77 72 2
46 78 75 2
32 63 57 2
19 50 42 2
20 53 42 2
14 50 38 2
15 55 46 2
14 49 42 2
32 55 47 2
34 52 40 2
54 68 53 2
83 96 79 2
108 120 106 2
100 113 104 2
78 96 96 2
75 91 90 2
99 105 95 2
133 139 125 2
130 144 131 2
65 82 72 2
84 100 97 2
49 68 64 2
29 50 45 2
27 48 41 2
31 48 40 2
35 48 38 2
43 54 40 2
70 73 56 2
85 78 59 2
75 63 41 1
65 50 27 1
50 42 21 1
37 41 26 1
37 49 35 2
32 50 38 2
36 52 41 2
42 50 39 2
63 65 54 2
96 92 80 2
71 63 50 2
45 35 25 1
53 45 32 1
86 81 61 2
86 90 67 2
93 104 87 2
43 54 40 2
54 54 44 2
46 44 32 1
38 42 25 1
33 45 25 1
26 44 30 2
19 40 31 2
39 60 55 2
46 62 59 2
25 38 31 2
37 47 38 2
56 61 54 2
53 59 49 2
61 66 59 2
61 71 62 2
24 37 28 2
44 60 49 2
56 69 51 2
34 43 24 1
30 33 14 1
46 40 24 1
59 43 28 1
49 27 14 1
51 24 13 1
58 31 20 1
55 33 22 1
44 28 15 1
43 37 23 1
38 39 25 1
37 39 26 1
67 71 57 2
48 52 38 2
20 28 17 1
20 37 29 2
24 45 38 2
20 41 36 2
36 55 51 2
51 66 61 2
36 47 39 2
42 49 41 2
56 53 44 2
52 38 25 1
72 49 35 1
57 24 9 1
90 49 31 1
130 80 55 1
161 106 75 2
158 102 65 1
144 88 51 1
171 112 82 2
186 130 103 2
173 128 97 2
153 118 86 2
148 121 91 2
134 117 89 2
99 97 74 2
81 83 62 2
66 60 44 2
80 67 51 2
116 95 78 2
119 104 85 2
86 88 67 2
45 57 37 2
50 67 49 2
75 93 79 2
64 81 73 2
57 76 70 2
61 84 78 2
48 75 68 2
58 89 81 2
35 67 56 2
36 64 50 2
43 67 54 2
57 78 69 2
58 75 67 2
59 75 65 2
57 75 63 2
39 63 50 2
25 48 40 2
11 34 26 2
6 29 23 2
7 30 24 2
15 37 34 2
17 42 38 2
20 45 42 2
27 52 49 2
31 55 55 2
36 60 60 2
25 49 49 2
13 37 37 2
9 31 29 2
14 36 34 2
9 31 29 2
14 34 32 2
25 44 40 2
50 69 65 2
76 97 92 2
66 89 83 2
45 70 64 2
33 60 53 2
22 49 42 2
34 61 56 2
45 70 66 2
54 76 73 2
46 67 62 2
49 68 64 2
41 58 52 2
46 63 57 2
52 69 61 2
53 73 64 2
40 60 49 2
26 48 36 2
18 45 38 2
20 47 42 2
20 45 41 2
18 45 40 2
16 49 42 2
37 77 69 2
23 68 63 2
27 68 62 2
43 72 67 2
34 54 45 2
42 56 41 2
44 53 36 2
33 40 24 1
36 39 28 1
35 40 36 2
38 37 33 1
44 32 20 1
46 37 20 1
39 42 25 1
37 48 32 2
34 42 29 1
35 45 34 2
71 79 66 2
80 92 80 2
81 98 90 2
56 77 70 2
65 91 82 2
49 69 58 2
62 68 56 2
115 113 100 2
154 151 136 2
136 133 116 2
116 117 101 2
95 98 81 2
73 76 59 2
75 78 61 2
104 102 89 2
94 90 78 2
68 65 50 2
115 113 98 2
146 144 132 2
115 113 100 2
124 122 101 2
55 54 33 1
41 48 30 1
84 92 79 2
82 85 76 2
108 110 99 2
82 84 70 2
73 77 62 2
42 52 41 2
48 61 52 2
49 65 62 2
33 53 51 2
37 58 51 2
40 60 51 2
55 68 61 2
31 40 35 2
40 46 42 2
45 54 51 2
38 55 49 2
33 50 40 2
21 34 16 1
15 24 3 1
47 51 34 2
76 77 61 2
81 73 62 2
96 83 74 2
87 72 65 2
73 58 51 2
67 57 48 2
92 85 75 2
41 41 31 1
41 45 31 1
56 60 46 2
24 28 14 1
44 44 32 1
40 43 32 1
24 37 28 2
17 34 26 2
24 37 30 2
19 26 18 1
26 24 12 1
44 36 23 1
48 38 26 1
51 37 24 1
86 67 52 2
123 101 87 2
148 126 115 2
104 78 65 2
104 69 50 1
113 73 48 1
131 86 55 1
137 88 56 1
125 70 40 1
125 74 43 1
94 54 19 1
61 28 0 1
75 50 19 1
91 76 47 1
82 80 55 2
69 68 47 2
102 95 77 2
108 96 80 2
89 73 58 2
74 67 49 2
87 96 77 2
75 92 73 2
64 83 61 2
44 61 43 2
69 85 75 2
67 82 77 2
58 77 71 2
47 72 66 2
42 72 62 2
52 82 70 2
43 70 55 2
49 73 59 2
43 68 62 2
48 71 65 2
32 49 41 2
40 56 46 2
38 55 45 2
39 51 47 2
28 43 38 2
24 41 35 2
36 55 51 2
14 34 32 2
14 39 35 2
16 42 39 2
4 30 27 2
5 31 30 2
20 46 45 2
20 45 42 2
20 42 40 2
17 37 36 2
27 45 45 2
29 45 44 2
34 50 49 2
35 56 51 2
26 49 43 2
7 34 27 2
3 34 28 2
5 37 32 2
1 36 30 2
5 40 36 2
3 39 37 2
4 40 38 2
4 40 38 2
7 41 40 2
6 40 39 2
13 45 44 2
11 43 42 2
9 43 42 2
13 42 38 2
34 51 41 2
47 63 52 2
37 59 47 2
28 48 39 2
53 58 54 2
72 74 71 2
62 71 68 2
40 59 55 2
23 55 52 2
21 56 52 2
31 56 53 2
43 58 55 2
62 67 60 2
58 61 52 2
52 58 48 2
67 70 59 2
79 75 64 2
81 71 61 2
83 69 58 2
79 67 53 2
66 65 47 2
70 70 46 2
117 103 74 2
115 100 67 2
121 107 78 2
73 72 51 2
42 59 49 2
29 64 58 2
10 55 50 2
12 57 54 2
21 52 54 2
17 45 48 2
11 46 48 2
17 46 44 2
70 78 67 2
87 80 64 2
100 83 65 2
117 101 85 2
90 90 78 2
56 66 55 2
78 92 77 2
30 53 37 2
16 44 32 2
41 61 49 2
72 71 51 2
107 95 73 2
97 82 61 2
98 87 69 2
76 77 63 2
55 56 42 2
77 66 48 2
87 70 52 2
108 89 74 2
78 68 56 2
45 55 46 2
31 54 48 2
22 51 47 2
23 52 50 2
29 50 53 2
25 43 45 2
19 37 39 2
18 32 32 2
36 42 38 2
48 46 34 1
62 47 28 1
100 84 59 2
64 56 35 1
51 50 32 1
27 33 21 1
13 24 16 1
8 23 20 1
9 25 24 2
1 19 19 1
2 20 20 1
9 28 26 2
19 34 29 2
24 34 26 1
39 40 34 2
53 46 38 1
46 33 25 1
61 47 36 1
63 45 31 1
78 49 33 1
97 56 34 1
134 79 48 1
142 84 47 1
129 79 44 1
127 89 53 1
112 87 56 2
67 57 32 1
42 46 32 1
32 39 31 2
49 49 39 2
62 52 40 1
82 63 46 1
105 74 53 1
134 95 66 2
144 103 71 2
138 102 66 2
138 105 70 2
127 94 63 2
119 89 63 2
130 106 82 2
122 104 82 2
109 96 77 2
90 83 67 2
83 81 68 2
77 79 66 2
74 78 64 2
83 87 72 2
90 93 72 2
89 91 70 2
73 74 60 2
67 67 57 2
73 76 67 2
72 78 68 2
68 73 66 2
78 84 74 2
71 75 61 2
84 92 81 2
33 53 51 2
31 53 50 2
58 71 62 2
60 66 56 2
85 85 73 2
